-- Quest 27069 Truenos de acero
DELETE FROM `spell_linked_spell` WHERE (`spell_trigger`='83837');
INSERT INTO `spell_linked_spell` VALUES (83837, 58178, 0, 'Spell trigger');

DELETE FROM `creature_template` WHERE `entry`=449201;
INSERT INTO `creature_template` (`entry`, `difficulty_entry_1`, `difficulty_entry_2`, `difficulty_entry_3`, `KillCredit1`, `KillCredit2`, `modelid1`, `modelid2`, `modelid3`, `modelid4`, `name`, `subname`, `IconName`, `gossip_menu_id`, `minlevel`, `maxlevel`, `exp`, `exp_unk`, `faction_A`, `faction_H`, `npcflag`, `speed_walk`, `speed_run`, `speed_swim`, `speed_fly`, `scale`, `rank`, `mindmg`, `maxdmg`, `dmgschool`, `attackpower`, `dmg_multiplier`, `baseattacktime`, `rangeattacktime`, `unit_class`, `unit_flags`, `unit_flags2`, `dynamicflags`, `family`, `trainer_type`, `trainer_spell`, `trainer_class`, `trainer_race`, `minrangedmg`, `maxrangedmg`, `rangedattackpower`, `type`, `type_flags`, `type_flags2`, `lootid`, `pickpocketloot`, `skinloot`, `resistance1`, `resistance2`, `resistance3`, `resistance4`, `resistance5`, `resistance6`, `spell1`, `spell2`, `spell3`, `spell4`, `spell5`, `spell6`, `spell7`, `spell8`, `PetSpellDataId`, `VehicleId`, `mingold`, `maxgold`, `currencyId`, `currencyCount`, `AIName`, `MovementType`, `InhabitType`, `HoverHeight`, `Health_mod`, `Mana_mod`, `Mana_mod_extra`, `Armor_mod`, `RacialLeader`, `questItem1`, `questItem2`, `questItem3`, `questItem4`, `questItem5`, `questItem6`, `movementId`, `RegenHealth`, `equipment_id`, `mechanic_immune_mask`, `flags_extra`, `ScriptName`, `WDBVerified`) VALUES (449201, 0, 0, 0, 0, 0, 33996, 0, 0, 0, 'Bunny Orc Box', '', '', 0, 1, 1, 0, 0, 35, 35, 0, 1, 1.14286, 1, 1, 1, 1, 0, 0, 0, 0, 1, 0, 0, 1, 0, 2048, 0, 0, 0, 0, 0, 0, 0, 0, 0, 7, 0, 0, 0, 0, 0, 0, 0, 0, 0, 0, 0, 0, 0, 0, 0, 0, 0, 0, 0, 0, 0, 0, 0, NULL, NULL, 'SmartAI', 0, 3, 1, 30, 20, 1, 1, 0, 0, 0, 0, 0, 0, 0, 868, 1, 0, 0, 0, '', 15595);

DELETE FROM `creature` WHERE (`id`='449201');
INSERT INTO `creature` (`guid`, `id`, `map`, `zone`, `area`, `spawnMask`, `phaseMask`, `modelid`, `equipment_id`, `position_x`, `position_y`, `position_z`, `orientation`, `spawntimesecs`, `spawndist`, `currentwaypoint`, `curhealth`, `curmana`, `MovementType`, `npcflag`, `unit_flags`, `dynamicflags`, `walkmode`) VALUES (227415, 449201, 0, 0, 0, 1, 1, 0, 2, 950.993, 1815.29, 9.74893, 3.91105, 600, 0, 0, 34356800, 189400, 0, 0, 0, 0, 1);
INSERT INTO `creature` (`guid`, `id`, `map`, `zone`, `area`, `spawnMask`, `phaseMask`, `modelid`, `equipment_id`, `position_x`, `position_y`, `position_z`, `orientation`, `spawntimesecs`, `spawndist`, `currentwaypoint`, `curhealth`, `curmana`, `MovementType`, `npcflag`, `unit_flags`, `dynamicflags`, `walkmode`) VALUES (227416, 449201, 0, 0, 0, 1, 1, 0, 2, 927.278, 1818.42, 9.47999, 3.91105, 600, 0, 0, 34356800, 189400, 0, 0, 0, 0, 1);
INSERT INTO `creature` (`guid`, `id`, `map`, `zone`, `area`, `spawnMask`, `phaseMask`, `modelid`, `equipment_id`, `position_x`, `position_y`, `position_z`, `orientation`, `spawntimesecs`, `spawndist`, `currentwaypoint`, `curhealth`, `curmana`, `MovementType`, `npcflag`, `unit_flags`, `dynamicflags`, `walkmode`) VALUES (227417, 449201, 0, 0, 0, 1, 1, 0, 2, 930.177, 1846.25, 6.28156, 3.91105, 600, 0, 0, 34356800, 189400, 0, 0, 0, 0, 1);
INSERT INTO `creature` (`guid`, `id`, `map`, `zone`, `area`, `spawnMask`, `phaseMask`, `modelid`, `equipment_id`, `position_x`, `position_y`, `position_z`, `orientation`, `spawntimesecs`, `spawndist`, `currentwaypoint`, `curhealth`, `curmana`, `MovementType`, `npcflag`, `unit_flags`, `dynamicflags`, `walkmode`) VALUES (227418, 449201, 0, 0, 0, 1, 1, 0, 2, 839.42, 1755.41, 16.878, 3.91105, 600, 0, 0, 34356800, 189400, 0, 0, 0, 0, 1);
INSERT INTO `creature` (`guid`, `id`, `map`, `zone`, `area`, `spawnMask`, `phaseMask`, `modelid`, `equipment_id`, `position_x`, `position_y`, `position_z`, `orientation`, `spawntimesecs`, `spawndist`, `currentwaypoint`, `curhealth`, `curmana`, `MovementType`, `npcflag`, `unit_flags`, `dynamicflags`, `walkmode`) VALUES (227419, 449201, 0, 0, 0, 1, 1, 0, 2, 881.53, 1895.49, 1.43335, 3.91105, 600, 0, 0, 34356800, 189400, 0, 0, 0, 0, 1);
INSERT INTO `creature` (`guid`, `id`, `map`, `zone`, `area`, `spawnMask`, `phaseMask`, `modelid`, `equipment_id`, `position_x`, `position_y`, `position_z`, `orientation`, `spawntimesecs`, `spawndist`, `currentwaypoint`, `curhealth`, `curmana`, `MovementType`, `npcflag`, `unit_flags`, `dynamicflags`, `walkmode`) VALUES (227420, 449201, 0, 0, 0, 1, 1, 0, 2, 851.701, 1873.99, 1.98331, 3.91105, 600, 0, 0, 34356800, 189400, 0, 0, 0, 0, 1);
INSERT INTO `creature` (`guid`, `id`, `map`, `zone`, `area`, `spawnMask`, `phaseMask`, `modelid`, `equipment_id`, `position_x`, `position_y`, `position_z`, `orientation`, `spawntimesecs`, `spawndist`, `currentwaypoint`, `curhealth`, `curmana`, `MovementType`, `npcflag`, `unit_flags`, `dynamicflags`, `walkmode`) VALUES (227421, 449201, 0, 0, 0, 1, 1, 0, 2, 871.358, 1843.83, 5.8736, 3.91105, 600, 0, 0, 34356800, 189400, 0, 0, 0, 0, 1);
INSERT INTO `creature` (`guid`, `id`, `map`, `zone`, `area`, `spawnMask`, `phaseMask`, `modelid`, `equipment_id`, `position_x`, `position_y`, `position_z`, `orientation`, `spawntimesecs`, `spawndist`, `currentwaypoint`, `curhealth`, `curmana`, `MovementType`, `npcflag`, `unit_flags`, `dynamicflags`, `walkmode`) VALUES (227422, 449201, 0, 0, 0, 1, 1, 0, 2, 910.163, 1851.72, 5.80952, 3.91105, 600, 0, 0, 34356800, 189400, 0, 0, 0, 0, 1);
INSERT INTO `creature` (`guid`, `id`, `map`, `zone`, `area`, `spawnMask`, `phaseMask`, `modelid`, `equipment_id`, `position_x`, `position_y`, `position_z`, `orientation`, `spawntimesecs`, `spawndist`, `currentwaypoint`, `curhealth`, `curmana`, `MovementType`, `npcflag`, `unit_flags`, `dynamicflags`, `walkmode`) VALUES (227423, 449201, 0, 0, 0, 1, 1, 0, 2, 909.62, 1874.39, 4.28866, 3.91105, 600, 0, 0, 34356800, 189400, 0, 0, 0, 0, 1);
INSERT INTO `creature` (`guid`, `id`, `map`, `zone`, `area`, `spawnMask`, `phaseMask`, `modelid`, `equipment_id`, `position_x`, `position_y`, `position_z`, `orientation`, `spawntimesecs`, `spawndist`, `currentwaypoint`, `curhealth`, `curmana`, `MovementType`, `npcflag`, `unit_flags`, `dynamicflags`, `walkmode`) VALUES (227424, 449201, 0, 0, 0, 1, 1, 0, 2, 884.266, 1828.26, 7.56721, 3.91105, 600, 0, 0, 34356800, 189400, 0, 0, 0, 0, 1);
INSERT INTO `creature` (`guid`, `id`, `map`, `zone`, `area`, `spawnMask`, `phaseMask`, `modelid`, `equipment_id`, `position_x`, `position_y`, `position_z`, `orientation`, `spawntimesecs`, `spawndist`, `currentwaypoint`, `curhealth`, `curmana`, `MovementType`, `npcflag`, `unit_flags`, `dynamicflags`, `walkmode`) VALUES (227425, 449201, 0, 0, 0, 1, 1, 0, 2, 809.651, 1855.92, 0.80949, 3.91105, 600, 0, 0, 34356800, 189400, 0, 0, 0, 0, 1);

DELETE FROM `creature_template_addon` WHERE (`entry`='449201');
INSERT INTO `creature_template_addon` (`entry`, `auras`) VALUES ('449201', '64573 52855');

UPDATE `creature_template` SET `AIName`='SmartAI' WHERE (`entry`='449201');
DELETE FROM `smart_scripts` WHERE (`entryorguid`='449201');
INSERT INTO `smart_scripts` VALUES (449201, 0, 1, 0, 8, 0, 100, 0, 58178, 0, 0, 0, 33,44915,0,0,0,0,0,21,3,0,0,0,0,0,0,"Credit quest");

DELETE FROM `gameobject` WHERE (`id`='205165');
INSERT INTO `gameobject` (`guid`, `id`, `map`, `zone`, `area`, `spawnMask`, `phaseMask`, `position_x`, `position_y`, `position_z`, `orientation`, `rotation0`, `rotation1`, `rotation2`, `rotation3`, `spawntimesecs`, `animprogress`, `state`) VALUES (15468, 205165, 0, 130, 928, 1, 1, 950.993, 1815.29, 9.74893, 3.91105, 0, 0, 0.515037, 0.857168, 120, 255, 1);
INSERT INTO `gameobject` (`guid`, `id`, `map`, `zone`, `area`, `spawnMask`, `phaseMask`, `position_x`, `position_y`, `position_z`, `orientation`, `rotation0`, `rotation1`, `rotation2`, `rotation3`, `spawntimesecs`, `animprogress`, `state`) VALUES (15475, 205165, 0, 130, 928, 1, 1, 927.278, 1818.42, 9.47999, 3.91105, 0, 0, 0, 1, 120, 255, 1);
INSERT INTO `gameobject` (`guid`, `id`, `map`, `zone`, `area`, `spawnMask`, `phaseMask`, `position_x`, `position_y`, `position_z`, `orientation`, `rotation0`, `rotation1`, `rotation2`, `rotation3`, `spawntimesecs`, `animprogress`, `state`) VALUES (15477, 205165, 0, 130, 928, 1, 1, 930.177, 1846.25, 6.28156, 3.91105, 0, 0, 0.43051, 0.902586, 120, 255, 1);
INSERT INTO `gameobject` (`guid`, `id`, `map`, `zone`, `area`, `spawnMask`, `phaseMask`, `position_x`, `position_y`, `position_z`, `orientation`, `rotation0`, `rotation1`, `rotation2`, `rotation3`, `spawntimesecs`, `animprogress`, `state`) VALUES (15478, 205165, 0, 130, 928, 1, 1, 839.42, 1755.41, 16.878, 3.91105, 0, 0, 0.887011, 0.461749, 120, 255, 1);
INSERT INTO `gameobject` (`guid`, `id`, `map`, `zone`, `area`, `spawnMask`, `phaseMask`, `position_x`, `position_y`, `position_z`, `orientation`, `rotation0`, `rotation1`, `rotation2`, `rotation3`, `spawntimesecs`, `animprogress`, `state`) VALUES (15479, 205165, 0, 130, 928, 1, 1, 881.53, 1895.49, 1.43335, 3.91105, 0, 0, 0, 1, 120, 255, 1);
INSERT INTO `gameobject` (`guid`, `id`, `map`, `zone`, `area`, `spawnMask`, `phaseMask`, `position_x`, `position_y`, `position_z`, `orientation`, `rotation0`, `rotation1`, `rotation2`, `rotation3`, `spawntimesecs`, `animprogress`, `state`) VALUES (15480, 205165, 0, 130, 928, 1, 1, 851.701, 1873.99, 1.98331, 3.91105, 0, 0, 0, 1, 120, 255, 1);
INSERT INTO `gameobject` (`guid`, `id`, `map`, `zone`, `area`, `spawnMask`, `phaseMask`, `position_x`, `position_y`, `position_z`, `orientation`, `rotation0`, `rotation1`, `rotation2`, `rotation3`, `spawntimesecs`, `animprogress`, `state`) VALUES (15483, 205165, 0, 130, 928, 1, 1, 871.358, 1843.83, 5.8736, 3.91105, 0, 0, 0, 1, 120, 255, 1);
INSERT INTO `gameobject` (`guid`, `id`, `map`, `zone`, `area`, `spawnMask`, `phaseMask`, `position_x`, `position_y`, `position_z`, `orientation`, `rotation0`, `rotation1`, `rotation2`, `rotation3`, `spawntimesecs`, `animprogress`, `state`) VALUES (15484, 205165, 0, 130, 928, 1, 1, 910.163, 1851.72, 5.80952, 3.91105, 0, 0, 0, 1, 120, 255, 1);
INSERT INTO `gameobject` (`guid`, `id`, `map`, `zone`, `area`, `spawnMask`, `phaseMask`, `position_x`, `position_y`, `position_z`, `orientation`, `rotation0`, `rotation1`, `rotation2`, `rotation3`, `spawntimesecs`, `animprogress`, `state`) VALUES (15485, 205165, 0, 130, 928, 1, 1, 909.62, 1874.39, 4.28866, 3.91105, 0, 0, 0, 1, 120, 255, 1);
INSERT INTO `gameobject` (`guid`, `id`, `map`, `zone`, `area`, `spawnMask`, `phaseMask`, `position_x`, `position_y`, `position_z`, `orientation`, `rotation0`, `rotation1`, `rotation2`, `rotation3`, `spawntimesecs`, `animprogress`, `state`) VALUES (15487, 205165, 0, 130, 928, 1, 1, 884.266, 1828.26, 7.56721, 3.91105, 0, 0, 0, 1, 120, 255, 1);
INSERT INTO `gameobject` (`guid`, `id`, `map`, `zone`, `area`, `spawnMask`, `phaseMask`, `position_x`, `position_y`, `position_z`, `orientation`, `rotation0`, `rotation1`, `rotation2`, `rotation3`, `spawntimesecs`, `animprogress`, `state`) VALUES (15489, 205165, 0, 130, 928, 1, 1, 809.651, 1855.92, 0.80949, 3.91105, 0, 0, 0, 1, 120, 255, 1);


DELETE FROM `creature_template` WHERE `entry`=44920;
INSERT INTO `creature_template` (`entry`, `difficulty_entry_1`, `difficulty_entry_2`, `difficulty_entry_3`, `KillCredit1`, `KillCredit2`, `modelid1`, `modelid2`, `modelid3`, `modelid4`, `name`, `subname`, `IconName`, `gossip_menu_id`, `minlevel`, `maxlevel`, `exp`, `exp_unk`, `faction_A`, `faction_H`, `npcflag`, `speed_walk`, `speed_run`, `speed_swim`, `speed_fly`, `scale`, `rank`, `mindmg`, `maxdmg`, `dmgschool`, `attackpower`, `dmg_multiplier`, `baseattacktime`, `rangeattacktime`, `unit_class`, `unit_flags`, `unit_flags2`, `dynamicflags`, `family`, `trainer_type`, `trainer_spell`, `trainer_class`, `trainer_race`, `minrangedmg`, `maxrangedmg`, `rangedattackpower`, `type`, `type_flags`, `type_flags2`, `lootid`, `pickpocketloot`, `skinloot`, `resistance1`, `resistance2`, `resistance3`, `resistance4`, `resistance5`, `resistance6`, `spell1`, `spell2`, `spell3`, `spell4`, `spell5`, `spell6`, `spell7`, `spell8`, `PetSpellDataId`, `VehicleId`, `mingold`, `maxgold`, `currencyId`, `currencyCount`, `AIName`, `MovementType`, `InhabitType`, `HoverHeight`, `Health_mod`, `Mana_mod`, `Mana_mod_extra`, `Armor_mod`, `RacialLeader`, `questItem1`, `questItem2`, `questItem3`, `questItem4`, `questItem5`, `questItem6`, `movementId`, `RegenHealth`, `equipment_id`, `mechanic_immune_mask`, `flags_extra`, `ScriptName`, `WDBVerified`) VALUES (44920, 0, 0, 0, 0, 0, 1126, 11686, 0, 0, 'North Tide\'s Invisible Stalker', '', '', 0, 1, 1, 0, 0, 35, 35, 0, 1, 1.14286, 1, 1.14286, 1, 0, 2, 2, 0, 24, 1, 2000, 2000, 1, 33555200, 2048, 2048, 0, 0, 0, 0, 0, 1, 1, 0, 10, 1048576, 0, 0, 0, 0, 0, 0, 0, 0, 0, 0, 0, 0, 0, 0, 0, 0, 0, 0, 0, 0, 0, 0, NULL, NULL, 'SmartAI', 0, 3, 0, 1, 1, 1, 1, 0, 0, 0, 0, 0, 0, 0, 0, 1, 0, 0, 128, '', 13623);

DELETE FROM `creature_template_addon` WHERE `entry`=44920;
INSERT INTO `creature_template_addon` (`entry`, `path_id`, `mount`, `bytes1`, `bytes2`, `emote`, `auras`) VALUES (44920, 0, 0, 0, 1, 0, '52855');

DELETE FROM `creature` WHERE `id`=44920;
INSERT INTO `creature` (`guid`, `id`, `map`, `zone`, `area`, `spawnMask`, `phaseMask`, `modelid`, `equipment_id`, `position_x`, `position_y`, `position_z`, `orientation`, `spawntimesecs`, `spawndist`, `currentwaypoint`, `curhealth`, `curmana`, `MovementType`, `npcflag`, `unit_flags`, `dynamicflags`, `walkmode`) VALUES (58689, 44920, 0, 0, 0, 1, 1, 0, 0, 865.63, 1827.07, 11.0563, 0, 90, 0, 0, 1, 0, 0, 0, 0, 0, 0);
INSERT INTO `creature` (`guid`, `id`, `map`, `zone`, `area`, `spawnMask`, `phaseMask`, `modelid`, `equipment_id`, `position_x`, `position_y`, `position_z`, `orientation`, `spawntimesecs`, `spawndist`, `currentwaypoint`, `curhealth`, `curmana`, `MovementType`, `npcflag`, `unit_flags`, `dynamicflags`, `walkmode`) VALUES (58716, 44920, 0, 0, 0, 1, 1, 0, 0, 839.094, 1748.87, 18.7785, 0, 90, 0, 0, 1, 0, 0, 0, 0, 0, 0);
INSERT INTO `creature` (`guid`, `id`, `map`, `zone`, `area`, `spawnMask`, `phaseMask`, `modelid`, `equipment_id`, `position_x`, `position_y`, `position_z`, `orientation`, `spawntimesecs`, `spawndist`, `currentwaypoint`, `curhealth`, `curmana`, `MovementType`, `npcflag`, `unit_flags`, `dynamicflags`, `walkmode`) VALUES (58793, 44920, 0, 0, 0, 1, 1, 0, 0, 971.398, 1788.09, 13.3874, 0, 90, 0, 0, 1, 0, 0, 0, 0, 0, 0);
INSERT INTO `creature` (`guid`, `id`, `map`, `zone`, `area`, `spawnMask`, `phaseMask`, `modelid`, `equipment_id`, `position_x`, `position_y`, `position_z`, `orientation`, `spawntimesecs`, `spawndist`, `currentwaypoint`, `curhealth`, `curmana`, `MovementType`, `npcflag`, `unit_flags`, `dynamicflags`, `walkmode`) VALUES (58831, 44920, 0, 0, 0, 1, 1, 0, 0, 807.849, 1857.14, 1.03859, 0, 90, 0, 0, 1, 0, 0, 0, 0, 0, 0);
INSERT INTO `creature` (`guid`, `id`, `map`, `zone`, `area`, `spawnMask`, `phaseMask`, `modelid`, `equipment_id`, `position_x`, `position_y`, `position_z`, `orientation`, `spawntimesecs`, `spawndist`, `currentwaypoint`, `curhealth`, `curmana`, `MovementType`, `npcflag`, `unit_flags`, `dynamicflags`, `walkmode`) VALUES (58848, 44920, 0, 0, 0, 1, 1, 0, 0, 808.655, 1805.85, 13.3543, 0, 90, 0, 0, 1, 0, 0, 0, 0, 0, 0);
INSERT INTO `creature` (`guid`, `id`, `map`, `zone`, `area`, `spawnMask`, `phaseMask`, `modelid`, `equipment_id`, `position_x`, `position_y`, `position_z`, `orientation`, `spawntimesecs`, `spawndist`, `currentwaypoint`, `curhealth`, `curmana`, `MovementType`, `npcflag`, `unit_flags`, `dynamicflags`, `walkmode`) VALUES (58895, 44920, 0, 0, 0, 1, 1, 0, 0, 868.208, 1819.94, 9.33988, 0, 90, 0, 0, 1, 0, 0, 0, 0, 0, 0);
INSERT INTO `creature` (`guid`, `id`, `map`, `zone`, `area`, `spawnMask`, `phaseMask`, `modelid`, `equipment_id`, `position_x`, `position_y`, `position_z`, `orientation`, `spawntimesecs`, `spawndist`, `currentwaypoint`, `curhealth`, `curmana`, `MovementType`, `npcflag`, `unit_flags`, `dynamicflags`, `walkmode`) VALUES (58899, 44920, 0, 0, 0, 1, 1, 0, 0, 878.639, 1782.4, 15.2316, 0, 90, 0, 0, 1, 0, 0, 0, 0, 0, 0);
INSERT INTO `creature` (`guid`, `id`, `map`, `zone`, `area`, `spawnMask`, `phaseMask`, `modelid`, `equipment_id`, `position_x`, `position_y`, `position_z`, `orientation`, `spawntimesecs`, `spawndist`, `currentwaypoint`, `curhealth`, `curmana`, `MovementType`, `npcflag`, `unit_flags`, `dynamicflags`, `walkmode`) VALUES (58903, 44920, 0, 0, 0, 1, 1, 0, 0, 874.033, 1771.67, 15.2267, 0, 90, 0, 0, 1, 0, 0, 0, 0, 0, 0);
INSERT INTO `creature` (`guid`, `id`, `map`, `zone`, `area`, `spawnMask`, `phaseMask`, `modelid`, `equipment_id`, `position_x`, `position_y`, `position_z`, `orientation`, `spawntimesecs`, `spawndist`, `currentwaypoint`, `curhealth`, `curmana`, `MovementType`, `npcflag`, `unit_flags`, `dynamicflags`, `walkmode`) VALUES (58925, 44920, 0, 0, 0, 1, 1, 0, 0, 865.7, 1835.67, 10.2457, 0, 90, 0, 0, 1, 0, 0, 0, 0, 0, 0);
INSERT INTO `creature` (`guid`, `id`, `map`, `zone`, `area`, `spawnMask`, `phaseMask`, `modelid`, `equipment_id`, `position_x`, `position_y`, `position_z`, `orientation`, `spawntimesecs`, `spawndist`, `currentwaypoint`, `curhealth`, `curmana`, `MovementType`, `npcflag`, `unit_flags`, `dynamicflags`, `walkmode`) VALUES (58964, 44920, 0, 0, 0, 1, 1, 0, 0, 812.833, 1817.82, 14.2772, 0, 90, 0, 0, 1, 0, 0, 0, 0, 0, 0);
INSERT INTO `creature` (`guid`, `id`, `map`, `zone`, `area`, `spawnMask`, `phaseMask`, `modelid`, `equipment_id`, `position_x`, `position_y`, `position_z`, `orientation`, `spawntimesecs`, `spawndist`, `currentwaypoint`, `curhealth`, `curmana`, `MovementType`, `npcflag`, `unit_flags`, `dynamicflags`, `walkmode`) VALUES (59083, 44920, 0, 0, 0, 1, 1, 0, 0, 956.792, 1812.83, 12.2806, 0, 90, 0, 0, 1, 0, 0, 0, 0, 0, 0);
INSERT INTO `creature` (`guid`, `id`, `map`, `zone`, `area`, `spawnMask`, `phaseMask`, `modelid`, `equipment_id`, `position_x`, `position_y`, `position_z`, `orientation`, `spawntimesecs`, `spawndist`, `currentwaypoint`, `curhealth`, `curmana`, `MovementType`, `npcflag`, `unit_flags`, `dynamicflags`, `walkmode`) VALUES (59093, 44920, 0, 0, 0, 1, 1, 0, 0, 854.712, 1873.58, 2.58226, 0, 90, 0, 0, 1, 0, 0, 0, 0, 0, 0);
INSERT INTO `creature` (`guid`, `id`, `map`, `zone`, `area`, `spawnMask`, `phaseMask`, `modelid`, `equipment_id`, `position_x`, `position_y`, `position_z`, `orientation`, `spawntimesecs`, `spawndist`, `currentwaypoint`, `curhealth`, `curmana`, `MovementType`, `npcflag`, `unit_flags`, `dynamicflags`, `walkmode`) VALUES (59137, 44920, 0, 0, 0, 1, 1, 0, 0, 862.219, 1743.05, 16.7921, 0, 90, 0, 0, 1, 0, 0, 0, 0, 0, 0);
INSERT INTO `creature` (`guid`, `id`, `map`, `zone`, `area`, `spawnMask`, `phaseMask`, `modelid`, `equipment_id`, `position_x`, `position_y`, `position_z`, `orientation`, `spawntimesecs`, `spawndist`, `currentwaypoint`, `curhealth`, `curmana`, `MovementType`, `npcflag`, `unit_flags`, `dynamicflags`, `walkmode`) VALUES (59175, 44920, 0, 0, 0, 1, 1, 0, 0, 948.191, 1807.73, 13.1869, 0, 90, 0, 0, 1, 0, 0, 0, 0, 0, 0);
INSERT INTO `creature` (`guid`, `id`, `map`, `zone`, `area`, `spawnMask`, `phaseMask`, `modelid`, `equipment_id`, `position_x`, `position_y`, `position_z`, `orientation`, `spawntimesecs`, `spawndist`, `currentwaypoint`, `curhealth`, `curmana`, `MovementType`, `npcflag`, `unit_flags`, `dynamicflags`, `walkmode`) VALUES (59213, 44920, 0, 0, 0, 1, 1, 0, 0, 929.321, 1823.71, 14.2983, 0, 90, 0, 0, 1, 0, 0, 0, 0, 0, 0);
INSERT INTO `creature` (`guid`, `id`, `map`, `zone`, `area`, `spawnMask`, `phaseMask`, `modelid`, `equipment_id`, `position_x`, `position_y`, `position_z`, `orientation`, `spawntimesecs`, `spawndist`, `currentwaypoint`, `curhealth`, `curmana`, `MovementType`, `npcflag`, `unit_flags`, `dynamicflags`, `walkmode`) VALUES (59219, 44920, 0, 0, 0, 1, 1, 0, 0, 942.576, 1815.47, 12.2608, 0, 90, 0, 0, 1, 0, 0, 0, 0, 0, 0);
INSERT INTO `creature` (`guid`, `id`, `map`, `zone`, `area`, `spawnMask`, `phaseMask`, `modelid`, `equipment_id`, `position_x`, `position_y`, `position_z`, `orientation`, `spawntimesecs`, `spawndist`, `currentwaypoint`, `curhealth`, `curmana`, `MovementType`, `npcflag`, `unit_flags`, `dynamicflags`, `walkmode`) VALUES (59279, 44920, 0, 0, 0, 1, 1, 0, 0, 957.92, 1797.66, 13.3701, 0, 90, 0, 0, 1, 0, 0, 0, 0, 0, 0);
INSERT INTO `creature` (`guid`, `id`, `map`, `zone`, `area`, `spawnMask`, `phaseMask`, `modelid`, `equipment_id`, `position_x`, `position_y`, `position_z`, `orientation`, `spawntimesecs`, `spawndist`, `currentwaypoint`, `curhealth`, `curmana`, `MovementType`, `npcflag`, `unit_flags`, `dynamicflags`, `walkmode`) VALUES (59289, 44920, 0, 0, 0, 1, 1, 0, 0, 927.064, 1847.41, 9.07781, 0, 90, 0, 0, 1, 0, 0, 0, 0, 0, 0);
INSERT INTO `creature` (`guid`, `id`, `map`, `zone`, `area`, `spawnMask`, `phaseMask`, `modelid`, `equipment_id`, `position_x`, `position_y`, `position_z`, `orientation`, `spawntimesecs`, `spawndist`, `currentwaypoint`, `curhealth`, `curmana`, `MovementType`, `npcflag`, `unit_flags`, `dynamicflags`, `walkmode`) VALUES (59310, 44920, 0, 0, 0, 1, 1, 0, 0, 814.976, 1800.23, 15.9082, 0, 90, 0, 0, 1, 0, 0, 0, 0, 0, 0);
INSERT INTO `creature` (`guid`, `id`, `map`, `zone`, `area`, `spawnMask`, `phaseMask`, `modelid`, `equipment_id`, `position_x`, `position_y`, `position_z`, `orientation`, `spawntimesecs`, `spawndist`, `currentwaypoint`, `curhealth`, `curmana`, `MovementType`, `npcflag`, `unit_flags`, `dynamicflags`, `walkmode`) VALUES (59311, 44920, 0, 0, 0, 1, 1, 0, 0, 883.597, 1774.26, 20.8004, 0, 90, 0, 0, 1, 0, 0, 0, 0, 0, 0);
INSERT INTO `creature` (`guid`, `id`, `map`, `zone`, `area`, `spawnMask`, `phaseMask`, `modelid`, `equipment_id`, `position_x`, `position_y`, `position_z`, `orientation`, `spawntimesecs`, `spawndist`, `currentwaypoint`, `curhealth`, `curmana`, `MovementType`, `npcflag`, `unit_flags`, `dynamicflags`, `walkmode`) VALUES (59328, 44920, 0, 0, 0, 1, 1, 0, 0, 914.099, 1751.46, 17.0107, 0, 90, 0, 0, 1, 0, 0, 0, 0, 0, 0);
