-- quest Volver a descansar en paz
-- gameobject_template 300169
DELETE FROM `gameobject_template` WHERE entry=300169;
INSERT INTO `gameobject_template` (`entry`, `type`, `displayId`, `name`, `IconName`, `castBarCaption`, `unk1`, `faction`, `flags`, `size`, `questItem1`, `questItem2`, `questItem3`, `questItem4`, `questItem5`, `questItem6`, `data0`, `data1`, `data2`, `data3`, `data4`, `data5`, `data6`, `data7`, `data8`, `data9`, `data10`, `data11`, `data12`, `data13`, `data14`, `data15`, `data16`, `data17`, `data18`, `data19`, `data20`, `data21`, `data22`, `data23`, `data24`, `data25`, `data26`, `data27`, `data28`, `data29`, `data30`, `data31`, `unkInt32`, `AIName`, `ScriptName`, `WDBVerified`) VALUES (300169, 8, 0, 'TEMP Vrykul Burial Mound', '', '', '', 0, 0, 1, 0, 0, 0, 0, 0, 0, 1486, 20, 0, 0, 0, 0, 0, 0, 0, 0, 0, 0, 0, 0, 0, 0, 0, 0, 0, 0, 0, 0, 0, 0, 0, 0, 0, 0, 0, 0, 0, 0, 0, '', '', 1);

-- gameobject 300169
DELETE FROM `gameobject` WHERE id=300169;
INSERT INTO `gameobject` (`guid`, `id`, `map`, `zone`, `area`, `spawnMask`, `phaseMask`, `position_x`, `position_y`, `position_z`, `orientation`, `rotation0`, `rotation1`, `rotation2`, `rotation3`, `spawntimesecs`, `animprogress`, `state`) VALUES (107851, 300169, 571, 495, 4057, 1, 1, -17.7478, -4882.87, 302.562, 3.4486, 0, 0, 0.988242, -0.1529, 25, 0, 1);
INSERT INTO `gameobject` (`guid`, `id`, `map`, `zone`, `area`, `spawnMask`, `phaseMask`, `position_x`, `position_y`, `position_z`, `orientation`, `rotation0`, `rotation1`, `rotation2`, `rotation3`, `spawntimesecs`, `animprogress`, `state`) VALUES (107852, 300169, 571, 495, 4057, 1, 1, 19.5309, -4980.99, 309.745, 6.03569, 0, 0, 0.123431, -0.992353, 25, 0, 1);
INSERT INTO `gameobject` (`guid`, `id`, `map`, `zone`, `area`, `spawnMask`, `phaseMask`, `position_x`, `position_y`, `position_z`, `orientation`, `rotation0`, `rotation1`, `rotation2`, `rotation3`, `spawntimesecs`, `animprogress`, `state`) VALUES (107853, 300169, 571, 495, 4057, 1, 1, -82.0927, -5006.82, 308.251, 4.00779, 0, 0, 0.907669, -0.419687, 25, 0, 1);
INSERT INTO `gameobject` (`guid`, `id`, `map`, `zone`, `area`, `spawnMask`, `phaseMask`, `position_x`, `position_y`, `position_z`, `orientation`, `rotation0`, `rotation1`, `rotation2`, `rotation3`, `spawntimesecs`, `animprogress`, `state`) VALUES (107854, 300169, 571, 495, 4057, 1, 1, -107.437, -5146.37, 329.494, 5.81184, 0, 0, 0.233498, -0.972357, 25, 0, 1);
INSERT INTO `gameobject` (`guid`, `id`, `map`, `zone`, `area`, `spawnMask`, `phaseMask`, `position_x`, `position_y`, `position_z`, `orientation`, `rotation0`, `rotation1`, `rotation2`, `rotation3`, `spawntimesecs`, `animprogress`, `state`) VALUES (2305623, 300169, 571, 495, 4057, 1, 1, -15.7986, -4883.46, 296.012, 0.0908671, 0, 0, 0.0454179, 0.998968, 25, 0, 1);
INSERT INTO `gameobject` (`guid`, `id`, `map`, `zone`, `area`, `spawnMask`, `phaseMask`, `position_x`, `position_y`, `position_z`, `orientation`, `rotation0`, `rotation1`, `rotation2`, `rotation3`, `spawntimesecs`, `animprogress`, `state`) VALUES (2305624, 300169, 571, 495, 4057, 1, 1, 15.0715, -4974.66, 302.66, 4.67839, 0, 0, 0.719026, -0.694983, 25, 0, 1);
INSERT INTO `gameobject` (`guid`, `id`, `map`, `zone`, `area`, `spawnMask`, `phaseMask`, `position_x`, `position_y`, `position_z`, `orientation`, `rotation0`, `rotation1`, `rotation2`, `rotation3`, `spawntimesecs`, `animprogress`, `state`) VALUES (2305625, 300169, 571, 495, 4057, 1, 1, -82.2267, -5009.46, 307.105, 4.61163, 0, 0, 0.741819, -0.6706, 25, 0, 1);
INSERT INTO `gameobject` (`guid`, `id`, `map`, `zone`, `area`, `spawnMask`, `phaseMask`, `position_x`, `position_y`, `position_z`, `orientation`, `rotation0`, `rotation1`, `rotation2`, `rotation3`, `spawntimesecs`, `animprogress`, `state`) VALUES (2305626, 300169, 571, 495, 4057, 1, 1, -111.803, -5142.49, 323.982, 5.86041, 0, 0, 0.209818, -0.97774, 25, 0, 1);


-- eliminando reporte
DELETE FROM `report_quest` WHERE `Id`=11568;

-- quest Volver a descansar en paz
DELETE FROM `quest_template` WHERE `Id`=11568;
INSERT INTO `quest_template` (`Id`, `Method`, `Note`, `Status`, `Level`, `MinLevel`, `MaxLevel`, `ZoneOrSort`, `Type`, `SuggestedPlayers`, `LimitTime`, `RequiredClasses`, `RequiredRaces`, `RequiredSkillId`, `RequiredSkillPoints`, `RequiredFactionId1`, `RequiredFactionId2`, `RequiredFactionValue1`, `RequiredFactionValue2`, `RequiredMinRepFaction`, `RequiredMaxRepFaction`, `RequiredMinRepValue`, `RequiredMaxRepValue`, `PrevQuestId`, `NextQuestId`, `ExclusiveGroup`, `NextQuestIdChain`, `RewardXPId`, `RewardOrRequiredMoney`, `RewardMoneyMaxLevel`, `RewardSpell`, `RewardSpellCast`, `RewardHonor`, `RewardHonorMultiplier`, `RewardMailTemplateId`, `RewardMailDelay`, `SourceItemId`, `SourceItemCount`, `SourceSpellId`, `Flags`, `SpecialFlags`, `MinimapTargetMark`, `RewardTitleId`, `RequiredPlayerKills`, `RewardTalents`, `RewardArenaPoints`, `RewardSkillId`, `RewardSkillPoints`, `RewardReputationMask`, `QuestGiverPortrait`, `QuestTurnInPortrait`, `RewardItemId1`, `RewardItemId2`, `RewardItemId3`, `RewardItemId4`, `RewardItemCount1`, `RewardItemCount2`, `RewardItemCount3`, `RewardItemCount4`, `RewardChoiceItemId1`, `RewardChoiceItemId2`, `RewardChoiceItemId3`, `RewardChoiceItemId4`, `RewardChoiceItemId5`, `RewardChoiceItemId6`, `RewardChoiceItemCount1`, `RewardChoiceItemCount2`, `RewardChoiceItemCount3`, `RewardChoiceItemCount4`, `RewardChoiceItemCount5`, `RewardChoiceItemCount6`, `RewardFactionId1`, `RewardFactionId2`, `RewardFactionId3`, `RewardFactionId4`, `RewardFactionId5`, `RewardFactionValueId1`, `RewardFactionValueId2`, `RewardFactionValueId3`, `RewardFactionValueId4`, `RewardFactionValueId5`, `RewardFactionValueIdOverride1`, `RewardFactionValueIdOverride2`, `RewardFactionValueIdOverride3`, `RewardFactionValueIdOverride4`, `RewardFactionValueIdOverride5`, `PointMapId`, `PointX`, `PointY`, `PointOption`, `Title`, `Objectives`, `Details`, `EndText`, `OfferRewardText`, `RequestItemsText`, `CompletedText`, `RequiredNpcOrGo1`, `RequiredNpcOrGo2`, `RequiredNpcOrGo3`, `RequiredNpcOrGo4`, `RequiredNpcOrGoCount1`, `RequiredNpcOrGoCount2`, `RequiredNpcOrGoCount3`, `RequiredNpcOrGoCount4`, `RequiredSourceItemId1`, `RequiredSourceItemId2`, `RequiredSourceItemId3`, `RequiredSourceItemId4`, `RequiredSourceItemCount1`, `RequiredSourceItemCount2`, `RequiredSourceItemCount3`, `RequiredSourceItemCount4`, `RequiredItemId1`, `RequiredItemId2`, `RequiredItemId3`, `RequiredItemId4`, `RequiredItemId5`, `RequiredItemId6`, `RequiredItemCount1`, `RequiredItemCount2`, `RequiredItemCount3`, `RequiredItemCount4`, `RequiredItemCount5`, `RequiredItemCount6`, `RequiredSpell`, `RequiredSpellCast1`, `RequiredSpellCast2`, `RequiredSpellCast3`, `RequiredSpellCast4`, `ObjectiveText1`, `ObjectiveText2`, `ObjectiveText3`, `ObjectiveText4`, `RewardCurrencyId1`, `RewardCurrencyId2`, `RewardCurrencyId3`, `RewardCurrencyId4`, `RewardCurrencyCount1`, `RewardCurrencyCount2`, `RewardCurrencyCount3`, `RewardCurrencyCount4`, `RequiredCurrencyId1`, `RequiredCurrencyId2`, `RequiredCurrencyId3`, `RequiredCurrencyId4`, `RequiredCurrencyCount1`, `RequiredCurrencyCount2`, `RequiredCurrencyCount3`, `RequiredCurrencyCount4`, `QuestGiverTextWindow`, `QuestGiverTargetName`, `QuestTurnTextWindow`, `QuestTurnTargetName`, `SoundAccept`, `SoundTurnIn`, `DetailsEmote1`, `DetailsEmote2`, `DetailsEmote3`, `DetailsEmote4`, `DetailsEmoteDelay1`, `DetailsEmoteDelay2`, `DetailsEmoteDelay3`, `DetailsEmoteDelay4`, `EmoteOnIncomplete`, `EmoteOnComplete`, `OfferRewardEmote1`, `OfferRewardEmote2`, `OfferRewardEmote3`, `OfferRewardEmote4`, `OfferRewardEmoteDelay1`, `OfferRewardEmoteDelay2`, `OfferRewardEmoteDelay3`, `OfferRewardEmoteDelay4`, `StartScript`, `CompleteScript`, `WDBVerified`) VALUES (11568, 2, NULL, 'Untested', 71, 68, 0, 495, 0, 0, 0, 0, 0, 0, 0, 0, 0, 0, 0, 0, 0, 0, 0, 0, 0, 0, 11572, 5, 0, 120600, 0, 0, 0, 0, 0, 0, 34624, 1, 0, 128, 0, 0, 0, 0, 0, 0, 0, 0, 0, 0, 0, 0, 0, 0, 0, 0, 0, 0, 0, 0, 0, 0, 0, 0, 0, 0, 0, 0, 0, 0, 0, 1073, 0, 0, 0, 0, 5, 0, 0, 0, 0, 0, 0, 0, 0, 0, 0, 0, 0, 0, 'A Return to Resting', 'Use the Bundle of Vrykul Artifacts at the ransacked burial mounds of Shield Hill to return the Frozen Heart of Isuldof, the Shield of the Aesirites, the Staff of Storm\'s Fury and the Ancient Armor of the Kvaldir.$B$BReturn to Orfus of Kamagua at the Ancient Lift should you succeed.', '<Orfus hands you a satchel.>$B$BWithin this satchel are the artifacts that you recovered. Locate the burial mounds of Shield Hill, far to the southeast, where the items were originally stolen from and return the artifacts. It is my hope that this gesture will quell the spirits that now haunt our hunting grounds.$B$BBe strong, $N...', '', 'Grim tidings, $N. My people are in danger and must be warned. These sea faring aberrations will take no mercy upon the Kalu\'ak.', 'Is it done? Are the spirits at rest?', 'Return to Orfus of Kamagua at the Ancient Lift in Howling Fjord.', 24874, 24876, 24877, 24875, 1, 1, 1, 1, 0, 0, 0, 34624, 0, 0, 0, 1, 0, 0, 0, 0, 0, 0, 0, 0, 0, 0, 0, 0, 0, 45323, 45323, 45323, 45323, 'Shield of the Aesirites Returned', 'Staff of Storm\'s Fury Returned', 'Frozen Heart of Isuldof Returned', 'Ancient Armor of the Kvaldir Returned', 0, 0, 0, 0, 0, 0, 0, 0, 0, 0, 0, 0, 0, 0, 0, 0, NULL, NULL, NULL, NULL, 890, 878, 1, 1, 1, 0, 0, 0, 0, 0, 0, 6, 1, 1, 0, 0, 0, 0, 0, 0, 0, 0, 15595);

-- agregados los datos del item 
DELETE FROM `item_template` WHERE `entry`=34624;
INSERT INTO `item_template` (`entry`, `class`, `subclass`, `SoundOverrideSubclass`, `name`, `displayid`, `Quality`, `Flags`, `FlagsExtra`, `Unk430_1`, `Unk430_2`, `BuyCount`, `BuyPrice`, `SellPrice`, `InventoryType`, `AllowableClass`, `AllowableRace`, `ItemLevel`, `RequiredLevel`, `RequiredSkill`, `RequiredSkillRank`, `requiredspell`, `requiredhonorrank`, `RequiredCityRank`, `RequiredReputationFaction`, `RequiredReputationRank`, `maxcount`, `stackable`, `ContainerSlots`, `stat_type1`, `stat_value1`, `stat_unk1_1`, `stat_unk2_1`, `stat_type2`, `stat_value2`, `stat_unk1_2`, `stat_unk2_2`, `stat_type3`, `stat_value3`, `stat_unk1_3`, `stat_unk2_3`, `stat_type4`, `stat_value4`, `stat_unk1_4`, `stat_unk2_4`, `stat_type5`, `stat_value5`, `stat_unk1_5`, `stat_unk2_5`, `stat_type6`, `stat_value6`, `stat_unk1_6`, `stat_unk2_6`, `stat_type7`, `stat_value7`, `stat_unk1_7`, `stat_unk2_7`, `stat_type8`, `stat_value8`, `stat_unk1_8`, `stat_unk2_8`, `stat_type9`, `stat_value9`, `stat_unk1_9`, `stat_unk2_9`, `stat_type10`, `stat_value10`, `stat_unk1_10`, `stat_unk2_10`, `ScalingStatDistribution`, `DamageType`, `delay`, `RangedModRange`, `spellid_1`, `spelltrigger_1`, `spellcharges_1`, `spellcooldown_1`, `spellcategory_1`, `spellcategorycooldown_1`, `spellid_2`, `spelltrigger_2`, `spellcharges_2`, `spellcooldown_2`, `spellcategory_2`, `spellcategorycooldown_2`, `spellid_3`, `spelltrigger_3`, `spellcharges_3`, `spellcooldown_3`, `spellcategory_3`, `spellcategorycooldown_3`, `spellid_4`, `spelltrigger_4`, `spellcharges_4`, `spellcooldown_4`, `spellcategory_4`, `spellcategorycooldown_4`, `spellid_5`, `spelltrigger_5`, `spellcharges_5`, `spellcooldown_5`, `spellcategory_5`, `spellcategorycooldown_5`, `bonding`, `description`, `PageText`, `LanguageID`, `PageMaterial`, `startquest`, `lockid`, `Material`, `sheath`, `RandomProperty`, `RandomSuffix`, `itemset`, `MaxDurability`, `area`, `Map`, `BagFamily`, `TotemCategory`, `socketColor_1`, `socketContent_1`, `socketColor_2`, `socketContent_2`, `socketColor_3`, `socketContent_3`, `socketBonus`, `GemProperties`, `ArmorDamageModifier`, `duration`, `ItemLimitCategory`, `HolidayId`, `StatScalingFactor`, `CurrencySubstitutionId`, `CurrencySubstitutionCount`, `flagsCustom`, `WDBVerified`) VALUES (34624, 12, 0, 0, 'Bundle of Vrykul Artifacts', 47946, 1, 64, 8192, 1.0401, 1, 1, 0, 0, 0, -1, -1, 1, 0, 0, 0, 0, 0, 0, 0, 0, 1, 1, 0, 0, 0, 0, 0, 0, 0, 0, 0, 0, 0, 0, 0, 0, 0, 0, 0, 0, 0, 0, 0, 0, 0, 0, 0, 0, 0, 0, 0, 0, 0, 0, 0, 0, 0, 0, 0, 0, 0, 0, 0, 0, 0, 0, 0, 45323, 0, 0, 0, 1167, 10000, 0, 0, 0, -1, 0, -1, 0, 0, 0, -1, 0, -1, 0, 0, 0, -1, 0, -1, 0, 0, 0, -1, 0, -1, 4, 'Holds the staff, heart, shield and armor of the Vrykul.', 0, 0, 0, 0, 0, 0, 0, 0, 0, 0, 0, 0, 0, 0, 0, 0, 0, 0, 0, 0, 0, 0, 0, 0, 0, 0, 0, 0, 0, 0, 0, 15595);

-- conditions
DELETE FROM `conditions` WHERE `SourceEntry`=45323;
INSERT INTO `conditions` (`SourceTypeOrReferenceId`, `SourceGroup`, `SourceEntry`, `SourceId`, `ElseGroup`, `ConditionTypeOrReference`, `ConditionTarget`, `ConditionValue1`, `ConditionValue2`, `ConditionValue3`, `NegativeCondition`, `ErrorType`, `ErrorTextId`, `ScriptName`, `Comment`) VALUES (13, 1, 45323, 0, 0, 31, 0, 3, 24874, 0, 0, 0, 0, '', NULL);
INSERT INTO `conditions` (`SourceTypeOrReferenceId`, `SourceGroup`, `SourceEntry`, `SourceId`, `ElseGroup`, `ConditionTypeOrReference`, `ConditionTarget`, `ConditionValue1`, `ConditionValue2`, `ConditionValue3`, `NegativeCondition`, `ErrorType`, `ErrorTextId`, `ScriptName`, `Comment`) VALUES (13, 1, 45323, 0, 1, 31, 0, 3, 24875, 0, 0, 0, 0, '', NULL);
INSERT INTO `conditions` (`SourceTypeOrReferenceId`, `SourceGroup`, `SourceEntry`, `SourceId`, `ElseGroup`, `ConditionTypeOrReference`, `ConditionTarget`, `ConditionValue1`, `ConditionValue2`, `ConditionValue3`, `NegativeCondition`, `ErrorType`, `ErrorTextId`, `ScriptName`, `Comment`) VALUES (13, 1, 45323, 0, 2, 31, 0, 3, 24876, 0, 0, 0, 0, '', NULL);
INSERT INTO `conditions` (`SourceTypeOrReferenceId`, `SourceGroup`, `SourceEntry`, `SourceId`, `ElseGroup`, `ConditionTypeOrReference`, `ConditionTarget`, `ConditionValue1`, `ConditionValue2`, `ConditionValue3`, `NegativeCondition`, `ErrorType`, `ErrorTextId`, `ScriptName`, `Comment`) VALUES (13, 1, 45323, 0, 3, 31, 0, 3, 24877, 0, 0, 0, 0, '', NULL);

-- spell_script_target
DELETE FROM `spell_script_target` WHERE `entry`=45323;
INSERT INTO `spell_script_target` (`entry`, `type`, `targetEntry`) VALUES (45323, 1, 24887);
INSERT INTO `spell_script_target` (`entry`, `type`, `targetEntry`) VALUES (45323, 1, 24888);
INSERT INTO `spell_script_target` (`entry`, `type`, `targetEntry`) VALUES (45323, 1, 24889);
INSERT INTO `spell_script_target` (`entry`, `type`, `targetEntry`) VALUES (45323, 1, 24890);

-- SmartAI
DELETE FROM `creature_template` WHERE `entry`=24875;
INSERT INTO `creature_template` (`entry`, `difficulty_entry_1`, `difficulty_entry_2`, `difficulty_entry_3`, `KillCredit1`, `KillCredit2`, `modelid1`, `modelid2`, `modelid3`, `modelid4`, `name`, `subname`, `IconName`, `gossip_menu_id`, `minlevel`, `maxlevel`, `exp`, `exp_unk`, `faction_A`, `faction_H`, `npcflag`, `speed_walk`, `speed_run`, `speed_swim`, `speed_fly`, `scale`, `rank`, `mindmg`, `maxdmg`, `dmgschool`, `attackpower`, `dmg_multiplier`, `baseattacktime`, `rangeattacktime`, `unit_class`, `unit_flags`, `unit_flags2`, `dynamicflags`, `family`, `trainer_type`, `trainer_spell`, `trainer_class`, `trainer_race`, `minrangedmg`, `maxrangedmg`, `rangedattackpower`, `type`, `type_flags`, `type_flags2`, `lootid`, `pickpocketloot`, `skinloot`, `resistance1`, `resistance2`, `resistance3`, `resistance4`, `resistance5`, `resistance6`, `spell1`, `spell2`, `spell3`, `spell4`, `spell5`, `spell6`, `spell7`, `spell8`, `PetSpellDataId`, `VehicleId`, `mingold`, `maxgold`, `currencyId`, `currencyCount`, `AIName`, `MovementType`, `InhabitType`, `HoverHeight`, `Health_mod`, `Mana_mod`, `Mana_mod_extra`, `Armor_mod`, `RacialLeader`, `questItem1`, `questItem2`, `questItem3`, `questItem4`, `questItem5`, `questItem6`, `movementId`, `RegenHealth`, `equipment_id`, `mechanic_immune_mask`, `flags_extra`, `ScriptName`, `WDBVerified`) VALUES (24875, 0, 0, 0, 0, 0, 22704, 0, 0, 0, 'Windan of the Kvaldir', '', '', 0, 71, 71, 2, 0, 16, 16, 0, 1, 1.14286, 1, 1.14286, 1, 0, 299, 426, 0, 308, 1, 2000, 2000, 1, 768, 2048, 0, 0, 0, 0, 0, 0, 262, 389, 48, 6, 0, 0, 0, 0, 0, 0, 0, 0, 0, 0, 0, 0, 0, 0, 0, 0, 0, 0, 0, 0, 0, 1000, 2400, NULL, NULL, 'SmartAI', 0, 4, 1, 1, 1, 1, 1, 0, 0, 0, 0, 0, 0, 0, 0, 1, 0, 0, 2, '', 12340);

-- creature_text
DELETE FROM `creature_text` WHERE `entry`=24875;
INSERT INTO `creature_text` (`entry`, `groupid`, `id`, `text`, `type`, `language`, `probability`, `emote`, `duration`, `sound`, `comment`, `BroadcastTextId`) VALUES (24875, 0, 0, 'My brothers have awoken. Your efforts are wasted...\n', 12, 0, 100, 0, 0, 0, 'Windan of the Kvaldir', 24429);

-- SmartAI
DELETE FROM `smart_scripts` WHERE `entryorguid`=24875;
INSERT INTO `smart_scripts` (`entryorguid`, `source_type`, `id`, `link`, `event_type`, `event_phase_mask`, `event_chance`, `event_flags`, `event_param1`, `event_param2`, `event_param3`, `event_param4`, `action_type`, `action_param1`, `action_param2`, `action_param3`, `action_param4`, `action_param5`, `action_param6`, `target_type`, `target_param1`, `target_param2`, `target_param3`, `target_x`, `target_y`, `target_z`, `target_o`, `comment`) VALUES (24875, 0, 0, 1, 8, 0, 100, 1, 45323, 0, 0, 0, 1, 0, 0, 0, 0, 0, 0, 1, 0, 0, 0, 0, 0, 0, 0, 'Windan of the Kvaldir - On Spellhit \'Returning Vrykul Artifact\' - Say Line 0 (No Repeat)');
INSERT INTO `smart_scripts` (`entryorguid`, `source_type`, `id`, `link`, `event_type`, `event_phase_mask`, `event_chance`, `event_flags`, `event_param1`, `event_param2`, `event_param3`, `event_param4`, `action_type`, `action_param1`, `action_param2`, `action_param3`, `action_param4`, `action_param5`, `action_param6`, `target_type`, `target_param1`, `target_param2`, `target_param3`, `target_x`, `target_y`, `target_z`, `target_o`, `comment`) VALUES (24875, 0, 1, 0, 61, 0, 100, 0, 0, 0, 0, 0, 33, 24875, 0, 0, 0, 0, 0, 7, 0, 0, 0, 0, 0, 0, 0, 'Windan of the Kvaldir - On Spellhit \'Returning Vrykul Artifact\' - Quest Credit \'A Return to Resting\' (No Repeat)');

-- creature_template
DELETE FROM `creature_template` WHERE `entry`=24877;
INSERT INTO `creature_template` (`entry`, `difficulty_entry_1`, `difficulty_entry_2`, `difficulty_entry_3`, `KillCredit1`, `KillCredit2`, `modelid1`, `modelid2`, `modelid3`, `modelid4`, `name`, `subname`, `IconName`, `gossip_menu_id`, `minlevel`, `maxlevel`, `exp`, `exp_unk`, `faction_A`, `faction_H`, `npcflag`, `speed_walk`, `speed_run`, `speed_swim`, `speed_fly`, `scale`, `rank`, `mindmg`, `maxdmg`, `dmgschool`, `attackpower`, `dmg_multiplier`, `baseattacktime`, `rangeattacktime`, `unit_class`, `unit_flags`, `unit_flags2`, `dynamicflags`, `family`, `trainer_type`, `trainer_spell`, `trainer_class`, `trainer_race`, `minrangedmg`, `maxrangedmg`, `rangedattackpower`, `type`, `type_flags`, `type_flags2`, `lootid`, `pickpocketloot`, `skinloot`, `resistance1`, `resistance2`, `resistance3`, `resistance4`, `resistance5`, `resistance6`, `spell1`, `spell2`, `spell3`, `spell4`, `spell5`, `spell6`, `spell7`, `spell8`, `PetSpellDataId`, `VehicleId`, `mingold`, `maxgold`, `currencyId`, `currencyCount`, `AIName`, `MovementType`, `InhabitType`, `HoverHeight`, `Health_mod`, `Mana_mod`, `Mana_mod_extra`, `Armor_mod`, `RacialLeader`, `questItem1`, `questItem2`, `questItem3`, `questItem4`, `questItem5`, `questItem6`, `movementId`, `RegenHealth`, `equipment_id`, `mechanic_immune_mask`, `flags_extra`, `ScriptName`, `WDBVerified`) VALUES (24877, 0, 0, 0, 0, 0, 22706, 0, 0, 0, 'Isuldof Iceheart', '', '', 0, 71, 71, 2, 0, 16, 16, 0, 1, 1.14286, 1, 1.14286, 1, 0, 299, 426, 0, 308, 1, 2000, 2000, 1, 768, 2048, 0, 0, 0, 0, 0, 0, 262, 389, 48, 6, 0, 0, 0, 0, 0, 0, 0, 0, 0, 0, 0, 0, 0, 0, 0, 0, 0, 0, 0, 0, 0, 1000, 2400, NULL, NULL, 'SmartAI', 0, 4, 1, 1, 1, 1, 1, 0, 0, 0, 0, 0, 0, 0, 0, 1, 0, 0, 2, '', 12340);

-- creature_text
DELETE FROM `creature_text` WHERE `entry`=24877;
INSERT INTO `creature_text` (`entry`, `groupid`, `id`, `text`, `type`, `language`, `probability`, `emote`, `duration`, `sound`, `comment`, `BroadcastTextId`) VALUES (24877, 0, 0, 'Look to the seas, as your doom comes with the swell of tides.\n', 12, 0, 100, 0, 0, 0, 'Isuldof Iceheart', 24432);

-- SmartAI
DELETE FROM `smart_scripts` WHERE `entryorguid`=24877;
INSERT INTO `smart_scripts` (`entryorguid`, `source_type`, `id`, `link`, `event_type`, `event_phase_mask`, `event_chance`, `event_flags`, `event_param1`, `event_param2`, `event_param3`, `event_param4`, `action_type`, `action_param1`, `action_param2`, `action_param3`, `action_param4`, `action_param5`, `action_param6`, `target_type`, `target_param1`, `target_param2`, `target_param3`, `target_x`, `target_y`, `target_z`, `target_o`, `comment`) VALUES (24877, 0, 0, 1, 8, 0, 100, 0, 45323, 0, 0, 0, 1, 0, 0, 0, 0, 0, 0, 1, 0, 0, 0, 0, 0, 0, 0, 'Isuldof Iceheart - On Spellhit \'Returning Vrykul Artifact\' - Say Line 0');
INSERT INTO `smart_scripts` (`entryorguid`, `source_type`, `id`, `link`, `event_type`, `event_phase_mask`, `event_chance`, `event_flags`, `event_param1`, `event_param2`, `event_param3`, `event_param4`, `action_type`, `action_param1`, `action_param2`, `action_param3`, `action_param4`, `action_param5`, `action_param6`, `target_type`, `target_param1`, `target_param2`, `target_param3`, `target_x`, `target_y`, `target_z`, `target_o`, `comment`) VALUES (24877, 0, 1, 0, 61, 0, 100, 0, 0, 0, 0, 0, 33, 24877, 0, 0, 0, 0, 0, 7, 0, 0, 0, 0, 0, 0, 0, 'Isuldof Iceheart - On Spellhit \'Returning Vrykul Artifact\' - Quest Credit \'A Return to Resting\'');

-- creature_template
DELETE FROM `creature_template` WHERE `entry`=24876;
INSERT INTO `creature_template` (`entry`, `difficulty_entry_1`, `difficulty_entry_2`, `difficulty_entry_3`, `KillCredit1`, `KillCredit2`, `modelid1`, `modelid2`, `modelid3`, `modelid4`, `name`, `subname`, `IconName`, `gossip_menu_id`, `minlevel`, `maxlevel`, `exp`, `exp_unk`, `faction_A`, `faction_H`, `npcflag`, `speed_walk`, `speed_run`, `speed_swim`, `speed_fly`, `scale`, `rank`, `mindmg`, `maxdmg`, `dmgschool`, `attackpower`, `dmg_multiplier`, `baseattacktime`, `rangeattacktime`, `unit_class`, `unit_flags`, `unit_flags2`, `dynamicflags`, `family`, `trainer_type`, `trainer_spell`, `trainer_class`, `trainer_race`, `minrangedmg`, `maxrangedmg`, `rangedattackpower`, `type`, `type_flags`, `type_flags2`, `lootid`, `pickpocketloot`, `skinloot`, `resistance1`, `resistance2`, `resistance3`, `resistance4`, `resistance5`, `resistance6`, `spell1`, `spell2`, `spell3`, `spell4`, `spell5`, `spell6`, `spell7`, `spell8`, `PetSpellDataId`, `VehicleId`, `mingold`, `maxgold`, `currencyId`, `currencyCount`, `AIName`, `MovementType`, `InhabitType`, `HoverHeight`, `Health_mod`, `Mana_mod`, `Mana_mod_extra`, `Armor_mod`, `RacialLeader`, `questItem1`, `questItem2`, `questItem3`, `questItem4`, `questItem5`, `questItem6`, `movementId`, `RegenHealth`, `equipment_id`, `mechanic_immune_mask`, `flags_extra`, `ScriptName`, `WDBVerified`) VALUES (24876, 0, 0, 0, 0, 0, 22705, 0, 0, 0, 'Rodin the Reckless', '', '', 0, 71, 71, 2, 0, 16, 16, 0, 1, 1.14286, 1, 1.14286, 1, 0, 299, 426, 0, 308, 1, 2000, 2000, 1, 768, 2048, 0, 0, 0, 0, 0, 0, 262, 389, 48, 6, 0, 0, 0, 0, 0, 0, 0, 0, 0, 0, 0, 0, 0, 0, 0, 0, 0, 0, 0, 0, 0, 1000, 2400, NULL, NULL, 'SmartAI', 0, 4, 1, 1, 1, 1, 1, 0, 0, 0, 0, 0, 0, 0, 0, 1, 0, 0, 2, '', 12340);

-- creature_text
DELETE FROM `creature_text` WHERE `entry`=24876;
INSERT INTO `creature_text` (`entry`, `groupid`, `id`, `text`, `type`, `language`, `probability`, `emote`, `duration`, `sound`, `comment`, `BroadcastTextId`) VALUES (24876, 0, 0, 'From the mist and fog the Kvaldir approach. Flee while you still breathe the air of the living...', 12, 0, 100, 0, 0, 0, 'Rodin the Reckless', 24433);

-- SmartAI
DELETE FROM `smart_scripts` WHERE `entryorguid`=24876;
INSERT INTO `smart_scripts` (`entryorguid`, `source_type`, `id`, `link`, `event_type`, `event_phase_mask`, `event_chance`, `event_flags`, `event_param1`, `event_param2`, `event_param3`, `event_param4`, `action_type`, `action_param1`, `action_param2`, `action_param3`, `action_param4`, `action_param5`, `action_param6`, `target_type`, `target_param1`, `target_param2`, `target_param3`, `target_x`, `target_y`, `target_z`, `target_o`, `comment`) VALUES (24876, 0, 0, 1, 8, 0, 100, 1, 45323, 0, 0, 0, 1, 0, 0, 0, 0, 0, 0, 1, 0, 0, 0, 0, 0, 0, 0, 'Rodin the Reckless - On Spellhit \'Returning Vrykul Artifact\' - Say Line 0 (No Repeat)');
INSERT INTO `smart_scripts` (`entryorguid`, `source_type`, `id`, `link`, `event_type`, `event_phase_mask`, `event_chance`, `event_flags`, `event_param1`, `event_param2`, `event_param3`, `event_param4`, `action_type`, `action_param1`, `action_param2`, `action_param3`, `action_param4`, `action_param5`, `action_param6`, `target_type`, `target_param1`, `target_param2`, `target_param3`, `target_x`, `target_y`, `target_z`, `target_o`, `comment`) VALUES (24876, 0, 1, 0, 61, 0, 100, 0, 0, 0, 0, 0, 33, 24876, 0, 0, 0, 0, 0, 7, 0, 0, 0, 0, 0, 0, 0, 'Rodin the Reckless - On Spellhit \'Returning Vrykul Artifact\' - Quest Credit \'A Return to Resting\' (No Repeat)');

-- creature_template
DELETE FROM `creature_template` WHERE `entry`=24874;
INSERT INTO `creature_template` (`entry`, `difficulty_entry_1`, `difficulty_entry_2`, `difficulty_entry_3`, `KillCredit1`, `KillCredit2`, `modelid1`, `modelid2`, `modelid3`, `modelid4`, `name`, `subname`, `IconName`, `gossip_menu_id`, `minlevel`, `maxlevel`, `exp`, `exp_unk`, `faction_A`, `faction_H`, `npcflag`, `speed_walk`, `speed_run`, `speed_swim`, `speed_fly`, `scale`, `rank`, `mindmg`, `maxdmg`, `dmgschool`, `attackpower`, `dmg_multiplier`, `baseattacktime`, `rangeattacktime`, `unit_class`, `unit_flags`, `unit_flags2`, `dynamicflags`, `family`, `trainer_type`, `trainer_spell`, `trainer_class`, `trainer_race`, `minrangedmg`, `maxrangedmg`, `rangedattackpower`, `type`, `type_flags`, `type_flags2`, `lootid`, `pickpocketloot`, `skinloot`, `resistance1`, `resistance2`, `resistance3`, `resistance4`, `resistance5`, `resistance6`, `spell1`, `spell2`, `spell3`, `spell4`, `spell5`, `spell6`, `spell7`, `spell8`, `PetSpellDataId`, `VehicleId`, `mingold`, `maxgold`, `currencyId`, `currencyCount`, `AIName`, `MovementType`, `InhabitType`, `HoverHeight`, `Health_mod`, `Mana_mod`, `Mana_mod_extra`, `Armor_mod`, `RacialLeader`, `questItem1`, `questItem2`, `questItem3`, `questItem4`, `questItem5`, `questItem6`, `movementId`, `RegenHealth`, `equipment_id`, `mechanic_immune_mask`, `flags_extra`, `ScriptName`, `WDBVerified`) VALUES (24874, 0, 0, 0, 0, 0, 22703, 0, 0, 0, 'Fengir the Disgraced', '', '', 0, 71, 71, 2, 0, 16, 16, 0, 1, 1.14286, 1, 1.14286, 1, 0, 299, 426, 0, 308, 1, 2000, 2000, 1, 768, 2048, 0, 0, 0, 0, 0, 0, 262, 389, 48, 6, 0, 0, 0, 0, 0, 0, 0, 0, 0, 0, 0, 0, 0, 0, 0, 0, 0, 0, 0, 0, 0, 1000, 2400, NULL, NULL, 'SmartAI', 0, 4, 1, 1, 1, 1, 1, 0, 0, 0, 0, 0, 0, 0, 0, 1, 0, 0, 2, '', 12340);

-- creature_text
DELETE FROM `creature_text` WHERE `entry`=24874;
INSERT INTO `creature_text` (`entry`, `groupid`, `id`, `text`, `type`, `language`, `probability`, `emote`, `duration`, `sound`, `comment`, `BroadcastTextId`) VALUES (24874, 0, 0, 'Your offering has come too late, little one. Can you feel the mist closing in upon you? The Kvaldir return...', 12, 0, 100, 0, 0, 0, 'Fengir the Disgraced', 24430);

-- SmartAI
DELETE FROM `smart_scripts` WHERE `entryorguid`=24874;
INSERT INTO `smart_scripts` (`entryorguid`, `source_type`, `id`, `link`, `event_type`, `event_phase_mask`, `event_chance`, `event_flags`, `event_param1`, `event_param2`, `event_param3`, `event_param4`, `action_type`, `action_param1`, `action_param2`, `action_param3`, `action_param4`, `action_param5`, `action_param6`, `target_type`, `target_param1`, `target_param2`, `target_param3`, `target_x`, `target_y`, `target_z`, `target_o`, `comment`) VALUES (24874, 0, 0, 1, 8, 0, 100, 1, 45323, 0, 0, 0, 1, 0, 0, 0, 0, 0, 0, 1, 0, 0, 0, 0, 0, 0, 0, 'Fengir the Disgraced - On Spellhit \'Returning Vrykul Artifact\' - Say Line 0 (No Repeat)');
INSERT INTO `smart_scripts` (`entryorguid`, `source_type`, `id`, `link`, `event_type`, `event_phase_mask`, `event_chance`, `event_flags`, `event_param1`, `event_param2`, `event_param3`, `event_param4`, `action_type`, `action_param1`, `action_param2`, `action_param3`, `action_param4`, `action_param5`, `action_param6`, `target_type`, `target_param1`, `target_param2`, `target_param3`, `target_x`, `target_y`, `target_z`, `target_o`, `comment`) VALUES (24874, 0, 1, 0, 61, 0, 100, 0, 0, 0, 0, 0, 33, 24874, 0, 0, 0, 0, 0, 7, 0, 0, 0, 0, 0, 0, 0, 'Fengir the Disgraced - On Spellhit \'Returning Vrykul Artifact\' - Quest Credit \'A Return to Resting\' (No Repeat)');
