-- fix portal y npcs de la horda reporte trello https://trello.com/c/VG6AtnmB/94-npc-zone-portal-missing
DELETE FROM `creature_template` WHERE `entry`=19871;
INSERT INTO `creature_template` (`entry`, `difficulty_entry_1`, `difficulty_entry_2`, `difficulty_entry_3`, `KillCredit1`, `KillCredit2`, `modelid1`, `modelid2`, `modelid3`, `modelid4`, `name`, `subname`, `IconName`, `gossip_menu_id`, `minlevel`, `maxlevel`, `exp`, `exp_unk`, `faction_A`, `faction_H`, `npcflag`, `speed_walk`, `speed_run`, `speed_swim`, `speed_fly`, `scale`, `rank`, `mindmg`, `maxdmg`, `dmgschool`, `attackpower`, `dmg_multiplier`, `baseattacktime`, `rangeattacktime`, `unit_class`, `unit_flags`, `unit_flags2`, `dynamicflags`, `family`, `trainer_type`, `trainer_spell`, `trainer_class`, `trainer_race`, `minrangedmg`, `maxrangedmg`, `rangedattackpower`, `type`, `type_flags`, `type_flags2`, `lootid`, `pickpocketloot`, `skinloot`, `resistance1`, `resistance2`, `resistance3`, `resistance4`, `resistance5`, `resistance6`, `spell1`, `spell2`, `spell3`, `spell4`, `spell5`, `spell6`, `spell7`, `spell8`, `PetSpellDataId`, `VehicleId`, `mingold`, `maxgold`, `currencyId`, `currencyCount`, `AIName`, `MovementType`, `InhabitType`, `HoverHeight`, `Health_mod`, `Mana_mod`, `Mana_mod_extra`, `Armor_mod`, `RacialLeader`, `questItem1`, `questItem2`, `questItem3`, `questItem4`, `questItem5`, `questItem6`, `movementId`, `RegenHealth`, `equipment_id`, `mechanic_immune_mask`, `flags_extra`, `ScriptName`, `WDBVerified`) VALUES (19871, 0, 0, 0, 0, 0, 16480, 0, 0, 0, 'World Trigger (Not Immune NPC)', '', '', 0, 60, 60, 1, 0, 114, 114, 0, 1, 1.14286, 1, 1.14286, 1, 0, 104, 138, 0, 252, 7.5, 2000, 2000, 1, 33555200, 2048, 0, 0, 0, 0, 0, 0, 72, 106, 26, 10, 0, 0, 0, 0, 0, 0, 0, 0, 0, 0, 0, 0, 0, 0, 0, 0, 0, 0, 0, 0, 0, 0, 0, NULL, NULL, '', 1, 7, 0, 1.5, 1, 1, 1, 0, 0, 0, 0, 0, 0, 0, 0, 1, 0, 0, 128, '', 12340);

DELETE FROM `creature_template_addon` WHERE `entry`=19871;
INSERT INTO `creature_template_addon` (`entry`, `path_id`, `mount`, `bytes1`, `bytes2`, `emote`, `auras`) VALUES (19871, 0, 0, 0, 4097, 0, NULL);

DELETE FROM `creature` WHERE `guid`=170178;
INSERT INTO `creature` (`guid`, `id`, `map`, `zone`, `area`, `spawnMask`, `phaseMask`, `modelid`, `equipment_id`, `position_x`, `position_y`, `position_z`, `orientation`, `spawntimesecs`, `spawndist`, `currentwaypoint`, `curhealth`, `curmana`, `MovementType`, `npcflag`, `unit_flags`, `dynamicflags`, `walkmode`) VALUES (170178, 19871, 530, 0, 0, 1, 1, 0, 0, -161.451, 967.2, 54.3608, 2.77507, 90, 0, 0, 4120, 0, 0, 0, 0, 0, 0);

DELETE FROM `creature` WHERE `guid`=170179;
INSERT INTO `creature` (`guid`, `id`, `map`, `zone`, `area`, `spawnMask`, `phaseMask`, `modelid`, `equipment_id`, `position_x`, `position_y`, `position_z`, `orientation`, `spawntimesecs`, `spawndist`, `currentwaypoint`, `curhealth`, `curmana`, `MovementType`, `npcflag`, `unit_flags`, `dynamicflags`, `walkmode`) VALUES (170179, 19871, 530, 0, 0, 1, 1, 0, 0, -337.78, 963.963, 54.3616, 4.45059, 90, 0, 0, 4120, 0, 0, 0, 0, 0, 0);

DELETE FROM `creature_template` WHERE `entry`=18968;
INSERT INTO `creature_template` (`entry`, `difficulty_entry_1`, `difficulty_entry_2`, `difficulty_entry_3`, `KillCredit1`, `KillCredit2`, `modelid1`, `modelid2`, `modelid3`, `modelid4`, `name`, `subname`, `IconName`, `gossip_menu_id`, `minlevel`, `maxlevel`, `exp`, `exp_unk`, `faction_A`, `faction_H`, `npcflag`, `speed_walk`, `speed_run`, `speed_swim`, `speed_fly`, `scale`, `rank`, `mindmg`, `maxdmg`, `dmgschool`, `attackpower`, `dmg_multiplier`, `baseattacktime`, `rangeattacktime`, `unit_class`, `unit_flags`, `unit_flags2`, `dynamicflags`, `family`, `trainer_type`, `trainer_spell`, `trainer_class`, `trainer_race`, `minrangedmg`, `maxrangedmg`, `rangedattackpower`, `type`, `type_flags`, `type_flags2`, `lootid`, `pickpocketloot`, `skinloot`, `resistance1`, `resistance2`, `resistance3`, `resistance4`, `resistance5`, `resistance6`, `spell1`, `spell2`, `spell3`, `spell4`, `spell5`, `spell6`, `spell7`, `spell8`, `PetSpellDataId`, `VehicleId`, `mingold`, `maxgold`, `currencyId`, `currencyCount`, `AIName`, `MovementType`, `InhabitType`, `HoverHeight`, `Health_mod`, `Mana_mod`, `Mana_mod_extra`, `Armor_mod`, `RacialLeader`, `questItem1`, `questItem2`, `questItem3`, `questItem4`, `questItem5`, `questItem6`, `movementId`, `RegenHealth`, `equipment_id`, `mechanic_immune_mask`, `flags_extra`, `ScriptName`, `WDBVerified`) VALUES (18968, 0, 0, 0, 0, 0, 1070, 16946, 0, 0, 'Dark Assault - Horde Portal - Invisible Stalker', NULL, NULL, 0, 1, 1, 0, 0, 14, 14, 0, 1, 1.14286, 1.05, 1.14286, 1, 0, 2, 2, 0, 24, 1, 2000, 2000, 1, 33555200, 2048, 8, 0, 0, 0, 0, 0, 1, 1, 100, 10, 0, 0, 0, 0, 0, 0, 0, 0, 0, 0, 0, 0, 0, 0, 0, 0, 0, 0, 0, 0, 0, 0, 0, NULL, NULL, '', 1, 3, 0, 1, 1, 1, 1, 0, 0, 0, 0, 0, 0, 0, 0, 1, 0, 0, 130, '', 12340);


DELETE FROM `creature_template_addon` WHERE `entry`=18968;
INSERT INTO `creature_template_addon` (`entry`, `path_id`, `mount`, `bytes1`, `bytes2`, `emote`, `auras`) VALUES (18968, 0, 0, 0, 4097, 0, NULL);

DELETE FROM `creature` WHERE `guid`=172881;
INSERT INTO `creature` (`guid`, `id`, `map`, `zone`, `area`, `spawnMask`, `phaseMask`, `modelid`, `equipment_id`, `position_x`, `position_y`, `position_z`, `orientation`, `spawntimesecs`, `spawndist`, `currentwaypoint`, `curhealth`, `curmana`, `MovementType`, `npcflag`, `unit_flags`, `dynamicflags`, `walkmode`) VALUES (172881, 18968, 530, 0, 0, 1, 1, 0, 0, -161.318, 965.41, 54.3738, 1.5708, 90, 0, 0, 1, 0, 0, 0, 0, 0, 0);

DELETE FROM `creature_template` WHERE `entry`=19006;
INSERT INTO `creature_template` (`entry`, `difficulty_entry_1`, `difficulty_entry_2`, `difficulty_entry_3`, `KillCredit1`, `KillCredit2`, `modelid1`, `modelid2`, `modelid3`, `modelid4`, `name`, `subname`, `IconName`, `gossip_menu_id`, `minlevel`, `maxlevel`, `exp`, `exp_unk`, `faction_A`, `faction_H`, `npcflag`, `speed_walk`, `speed_run`, `speed_swim`, `speed_fly`, `scale`, `rank`, `mindmg`, `maxdmg`, `dmgschool`, `attackpower`, `dmg_multiplier`, `baseattacktime`, `rangeattacktime`, `unit_class`, `unit_flags`, `unit_flags2`, `dynamicflags`, `family`, `trainer_type`, `trainer_spell`, `trainer_class`, `trainer_race`, `minrangedmg`, `maxrangedmg`, `rangedattackpower`, `type`, `type_flags`, `type_flags2`, `lootid`, `pickpocketloot`, `skinloot`, `resistance1`, `resistance2`, `resistance3`, `resistance4`, `resistance5`, `resistance6`, `spell1`, `spell2`, `spell3`, `spell4`, `spell5`, `spell6`, `spell7`, `spell8`, `PetSpellDataId`, `VehicleId`, `mingold`, `maxgold`, `currencyId`, `currencyCount`, `AIName`, `MovementType`, `InhabitType`, `HoverHeight`, `Health_mod`, `Mana_mod`, `Mana_mod_extra`, `Armor_mod`, `RacialLeader`, `questItem1`, `questItem2`, `questItem3`, `questItem4`, `questItem5`, `questItem6`, `movementId`, `RegenHealth`, `equipment_id`, `mechanic_immune_mask`, `flags_extra`, `ScriptName`, `WDBVerified`) VALUES (19006, 0, 0, 0, 0, 0, 19792, 0, 0, 0, 'Silvermoon Magister', NULL, NULL, 0, 70, 70, 1, 0, 1760, 1760, 0, 1, 1.14286, 1, 0.857143, 1, 1, 234, 331, 0, 286, 4.6, 2000, 2000, 2, 33024, 2048, 0, 0, 0, 0, 0, 0, 198, 295, 33, 7, 0, 0, 0, 0, 0, 0, 0, 0, 0, 0, 0, 0, 0, 0, 0, 0, 0, 0, 0, 0, 0, 0, 0, NULL, NULL, 'SmartAI', 1, 3, 0, 10, 10, 1, 1, 0, 0, 0, 0, 0, 0, 0, 121, 1, 0, 0, 0, '', 12340);

DELETE FROM `creature_template_addon` WHERE `entry`=19006;
INSERT INTO `creature_template_addon` (`entry`, `path_id`, `mount`, `bytes1`, `bytes2`, `emote`, `auras`) VALUES (19006, 0, 0, 0, 4097, 0, NULL);

DELETE FROM `smart_scripts` WHERE `entryorguid`=19006 AND `source_type`=0 AND `id`=0 AND `link`=0;
INSERT INTO `smart_scripts` (`entryorguid`, `source_type`, `id`, `link`, `event_type`, `event_phase_mask`, `event_chance`, `event_flags`, `event_param1`, `event_param2`, `event_param3`, `event_param4`, `action_type`, `action_param1`, `action_param2`, `action_param3`, `action_param4`, `action_param5`, `action_param6`, `target_type`, `target_param1`, `target_param2`, `target_param3`, `target_x`, `target_y`, `target_z`, `target_o`, `comment`) VALUES (19006, 0, 0, 0, 1, 0, 100, 1, 1000, 1000, 1000, 1000, 11, 39550, 2, 0, 0, 0, 0, 1, 0, 0, 0, 0, 0, 0, 0, 'Cast Arcane Aura on Spawn');

DELETE FROM `gameobject` WHERE `guid`=82455;
INSERT INTO `gameobject` (`guid`, `id`, `map`, `zone`, `area`, `spawnMask`, `phaseMask`, `position_x`, `position_y`, `position_z`, `orientation`, `rotation0`, `rotation1`, `rotation2`, `rotation3`, `spawntimesecs`, `animprogress`, `state`) VALUES (82455, 195140, 530, 0, 0, 1, 1, -161.318, 965.41, 54.2904, 0, 0, 0, 0, 0, 120, 0, 1);

-- fix portales y npcs alianza
DELETE FROM `creature` WHERE `guid`=172882;
INSERT INTO `creature` (`guid`, `id`, `map`, `zone`, `area`, `spawnMask`, `phaseMask`, `modelid`, `equipment_id`, `position_x`, `position_y`, `position_z`, `orientation`, `spawntimesecs`, `spawndist`, `currentwaypoint`, `curhealth`, `curmana`, `MovementType`, `npcflag`, `unit_flags`, `dynamicflags`, `walkmode`) VALUES (172882, 18967, 530, 0, 0, 1, 1, 0, 0, -337.492, 962.619, 54.3719, 1.22173, 90, 0, 0, 1, 0, 0, 0, 0, 0, 0);

DELETE FROM `creature_template` WHERE `entry`=18967;
INSERT INTO `creature_template` (`entry`, `difficulty_entry_1`, `difficulty_entry_2`, `difficulty_entry_3`, `KillCredit1`, `KillCredit2`, `modelid1`, `modelid2`, `modelid3`, `modelid4`, `name`, `subname`, `IconName`, `gossip_menu_id`, `minlevel`, `maxlevel`, `exp`, `exp_unk`, `faction_A`, `faction_H`, `npcflag`, `speed_walk`, `speed_run`, `speed_swim`, `speed_fly`, `scale`, `rank`, `mindmg`, `maxdmg`, `dmgschool`, `attackpower`, `dmg_multiplier`, `baseattacktime`, `rangeattacktime`, `unit_class`, `unit_flags`, `unit_flags2`, `dynamicflags`, `family`, `trainer_type`, `trainer_spell`, `trainer_class`, `trainer_race`, `minrangedmg`, `maxrangedmg`, `rangedattackpower`, `type`, `type_flags`, `type_flags2`, `lootid`, `pickpocketloot`, `skinloot`, `resistance1`, `resistance2`, `resistance3`, `resistance4`, `resistance5`, `resistance6`, `spell1`, `spell2`, `spell3`, `spell4`, `spell5`, `spell6`, `spell7`, `spell8`, `PetSpellDataId`, `VehicleId`, `mingold`, `maxgold`, `currencyId`, `currencyCount`, `AIName`, `MovementType`, `InhabitType`, `HoverHeight`, `Health_mod`, `Mana_mod`, `Mana_mod_extra`, `Armor_mod`, `RacialLeader`, `questItem1`, `questItem2`, `questItem3`, `questItem4`, `questItem5`, `questItem6`, `movementId`, `RegenHealth`, `equipment_id`, `mechanic_immune_mask`, `flags_extra`, `ScriptName`, `WDBVerified`) VALUES (18967, 0, 0, 0, 0, 0, 5561, 16946, 0, 0, 'Dark Assault - Alliance Portal - Invisible Stalker', NULL, NULL, 0, 1, 1, 0, 0, 14, 14, 0, 1, 1.14286, 1.05, 1.14286, 1, 0, 2, 2, 0, 24, 1, 2000, 2000, 1, 33555200, 2048, 8, 0, 0, 0, 0, 0, 1, 1, 100, 10, 0, 0, 0, 0, 0, 0, 0, 0, 0, 0, 0, 0, 0, 0, 0, 0, 0, 0, 0, 0, 0, 0, 0, NULL, NULL, '', 1, 3, 0, 1, 1, 1, 1, 0, 0, 0, 0, 0, 0, 0, 0, 1, 0, 0, 130, '', 12340);

DELETE FROM `creature_template_addon` WHERE `entry`=18967;
INSERT INTO `creature_template_addon` (`entry`, `path_id`, `mount`, `bytes1`, `bytes2`, `emote`, `auras`) VALUES (18967, 0, 0, 0, 4097, 0, NULL);

DELETE FROM `creature_template_addon` WHERE `entry`=19007;
INSERT INTO `creature_template_addon` (`entry`, `path_id`, `mount`, `bytes1`, `bytes2`, `emote`, `auras`) VALUES (19007, 0, 0, 0, 4097, 0, NULL);

DELETE FROM `creature_template` WHERE `entry`=19007;
INSERT INTO `creature_template` (`entry`, `difficulty_entry_1`, `difficulty_entry_2`, `difficulty_entry_3`, `KillCredit1`, `KillCredit2`, `modelid1`, `modelid2`, `modelid3`, `modelid4`, `name`, `subname`, `IconName`, `gossip_menu_id`, `minlevel`, `maxlevel`, `exp`, `exp_unk`, `faction_A`, `faction_H`, `npcflag`, `speed_walk`, `speed_run`, `speed_swim`, `speed_fly`, `scale`, `rank`, `mindmg`, `maxdmg`, `dmgschool`, `attackpower`, `dmg_multiplier`, `baseattacktime`, `rangeattacktime`, `unit_class`, `unit_flags`, `unit_flags2`, `dynamicflags`, `family`, `trainer_type`, `trainer_spell`, `trainer_class`, `trainer_race`, `minrangedmg`, `maxrangedmg`, `rangedattackpower`, `type`, `type_flags`, `type_flags2`, `lootid`, `pickpocketloot`, `skinloot`, `resistance1`, `resistance2`, `resistance3`, `resistance4`, `resistance5`, `resistance6`, `spell1`, `spell2`, `spell3`, `spell4`, `spell5`, `spell6`, `spell7`, `spell8`, `PetSpellDataId`, `VehicleId`, `mingold`, `maxgold`, `currencyId`, `currencyCount`, `AIName`, `MovementType`, `InhabitType`, `HoverHeight`, `Health_mod`, `Mana_mod`, `Mana_mod_extra`, `Armor_mod`, `RacialLeader`, `questItem1`, `questItem2`, `questItem3`, `questItem4`, `questItem5`, `questItem6`, `movementId`, `RegenHealth`, `equipment_id`, `mechanic_immune_mask`, `flags_extra`, `ScriptName`, `WDBVerified`) VALUES (19007, 0, 0, 0, 0, 0, 10215, 0, 0, 0, 'Gnomeregan Conjuror', NULL, NULL, 0, 70, 70, 1, 0, 1756, 1756, 0, 1, 1.14286, 1, 1.14286, 1, 1, 234, 331, 0, 286, 4.6, 2000, 2000, 2, 33024, 2048, 0, 0, 0, 0, 0, 0, 198, 295, 33, 7, 0, 0, 0, 0, 0, 0, 0, 0, 0, 0, 0, 0, 0, 0, 0, 0, 0, 0, 0, 0, 0, 0, 0, NULL, NULL, 'SmartAI', 1, 3, 0, 10, 10, 1, 1, 0, 0, 0, 0, 0, 0, 0, 0, 1, 0, 0, 2, '', 12340);

DELETE FROM `smart_scripts` WHERE `entryorguid`=19007 AND `source_type`=0 AND `id`=0 AND `link`=0;
INSERT INTO `smart_scripts` (`entryorguid`, `source_type`, `id`, `link`, `event_type`, `event_phase_mask`, `event_chance`, `event_flags`, `event_param1`, `event_param2`, `event_param3`, `event_param4`, `action_type`, `action_param1`, `action_param2`, `action_param3`, `action_param4`, `action_param5`, `action_param6`, `target_type`, `target_param1`, `target_param2`, `target_param3`, `target_x`, `target_y`, `target_z`, `target_o`, `comment`) VALUES (19007, 0, 0, 0, 1, 0, 100, 1, 1000, 1000, 1000, 1000, 11, 39550, 2, 0, 0, 0, 0, 1, 0, 0, 0, 0, 0, 0, 0, 'Cast Arcane Aura on Spawn');

DELETE FROM `creature` WHERE `guid`=172685;
INSERT INTO `creature` (`guid`, `id`, `map`, `zone`, `area`, `spawnMask`, `phaseMask`, `modelid`, `equipment_id`, `position_x`, `position_y`, `position_z`, `orientation`, `spawntimesecs`, `spawndist`, `currentwaypoint`, `curhealth`, `curmana`, `MovementType`, `npcflag`, `unit_flags`, `dynamicflags`, `walkmode`) VALUES (172685, 19007, 530, 0, 0, 1, 1, 0, 0, -331.704, 962.338, 54.3824, 3.15905, 120, 0, 0, 55890, 31550, 0, 0, 0, 0, 0);

DELETE FROM `creature` WHERE `guid`=172686;
INSERT INTO `creature` (`guid`, `id`, `map`, `zone`, `area`, `spawnMask`, `phaseMask`, `modelid`, `equipment_id`, `position_x`, `position_y`, `position_z`, `orientation`, `spawntimesecs`, `spawndist`, `currentwaypoint`, `curhealth`, `curmana`, `MovementType`, `npcflag`, `unit_flags`, `dynamicflags`, `walkmode`) VALUES (172686, 19007, 530, 0, 0, 1, 1, 0, 0, -342.73, 962.337, 54.366, 0.034907, 120, 0, 0, 55890, 31550, 0, 0, 0, 0, 0);

DELETE FROM `gameobject` WHERE `guid`=1001774;
INSERT INTO `gameobject` (`guid`, `id`, `map`, `zone`, `area`, `spawnMask`, `phaseMask`, `position_x`, `position_y`, `position_z`, `orientation`, `rotation0`, `rotation1`, `rotation2`, `rotation3`, `spawntimesecs`, `animprogress`, `state`) VALUES (1001774, 195139, 530, 3483, 3539, 1, 65535, -337.673, 962.784, 54.2863, 1.55801, 0, 0, 0.702571, 0.711614, 300, 0, 1);
