
delete from `quest_template` where `Id` in ('300001', '300002', '300003', '300004', '300005', '300006', '300007', '300008', '300009', '300010', '300011', '300012', '300013');
insert into `quest_template` (`Id`, `Method`, `Note`, `Status`, `Level`, `MinLevel`, `MaxLevel`, `ZoneOrSort`, `Type`, `SuggestedPlayers`, `LimitTime`, `RequiredClasses`, `RequiredRaces`, `RequiredSkillId`, `RequiredSkillPoints`, `RequiredFactionId1`, `RequiredFactionId2`, `RequiredFactionValue1`, `RequiredFactionValue2`, `RequiredMinRepFaction`, `RequiredMaxRepFaction`, `RequiredMinRepValue`, `RequiredMaxRepValue`, `PrevQuestId`, `NextQuestId`, `ExclusiveGroup`, `NextQuestIdChain`, `RewardXPId`, `RewardOrRequiredMoney`, `RewardMoneyMaxLevel`, `RewardSpell`, `RewardSpellCast`, `RewardHonor`, `RewardHonorMultiplier`, `RewardMailTemplateId`, `RewardMailDelay`, `SourceItemId`, `SourceItemCount`, `SourceSpellId`, `Flags`, `SpecialFlags`, `MinimapTargetMark`, `RewardTitleId`, `RequiredPlayerKills`, `RewardTalents`, `RewardArenaPoints`, `RewardSkillId`, `RewardSkillPoints`, `RewardReputationMask`, `QuestGiverPortrait`, `QuestTurnInPortrait`, `RewardItemId1`, `RewardItemId2`, `RewardItemId3`, `RewardItemId4`, `RewardItemCount1`, `RewardItemCount2`, `RewardItemCount3`, `RewardItemCount4`, `RewardChoiceItemId1`, `RewardChoiceItemId2`, `RewardChoiceItemId3`, `RewardChoiceItemId4`, `RewardChoiceItemId5`, `RewardChoiceItemId6`, `RewardChoiceItemCount1`, `RewardChoiceItemCount2`, `RewardChoiceItemCount3`, `RewardChoiceItemCount4`, `RewardChoiceItemCount5`, `RewardChoiceItemCount6`, `RewardFactionId1`, `RewardFactionId2`, `RewardFactionId3`, `RewardFactionId4`, `RewardFactionId5`, `RewardFactionValueId1`, `RewardFactionValueId2`, `RewardFactionValueId3`, `RewardFactionValueId4`, `RewardFactionValueId5`, `RewardFactionValueIdOverride1`, `RewardFactionValueIdOverride2`, `RewardFactionValueIdOverride3`, `RewardFactionValueIdOverride4`, `RewardFactionValueIdOverride5`, `PointMapId`, `PointX`, `PointY`, `PointOption`, `Title`, `Objectives`, `Details`, `EndText`, `OfferRewardText`, `RequestItemsText`, `CompletedText`, `RequiredNpcOrGo1`, `RequiredNpcOrGo2`, `RequiredNpcOrGo3`, `RequiredNpcOrGo4`, `RequiredNpcOrGoCount1`, `RequiredNpcOrGoCount2`, `RequiredNpcOrGoCount3`, `RequiredNpcOrGoCount4`, `RequiredSourceItemId1`, `RequiredSourceItemId2`, `RequiredSourceItemId3`, `RequiredSourceItemId4`, `RequiredSourceItemCount1`, `RequiredSourceItemCount2`, `RequiredSourceItemCount3`, `RequiredSourceItemCount4`, `RequiredItemId1`, `RequiredItemId2`, `RequiredItemId3`, `RequiredItemId4`, `RequiredItemId5`, `RequiredItemId6`, `RequiredItemCount1`, `RequiredItemCount2`, `RequiredItemCount3`, `RequiredItemCount4`, `RequiredItemCount5`, `RequiredItemCount6`, `RequiredSpell`, `RequiredSpellCast1`, `RequiredSpellCast2`, `RequiredSpellCast3`, `RequiredSpellCast4`, `ObjectiveText1`, `ObjectiveText2`, `ObjectiveText3`, `ObjectiveText4`, `RewardCurrencyId1`, `RewardCurrencyId2`, `RewardCurrencyId3`, `RewardCurrencyId4`, `RewardCurrencyCount1`, `RewardCurrencyCount2`, `RewardCurrencyCount3`, `RewardCurrencyCount4`, `RequiredCurrencyId1`, `RequiredCurrencyId2`, `RequiredCurrencyId3`, `RequiredCurrencyId4`, `RequiredCurrencyCount1`, `RequiredCurrencyCount2`, `RequiredCurrencyCount3`, `RequiredCurrencyCount4`, `QuestGiverTextWindow`, `QuestGiverTargetName`, `QuestTurnTextWindow`, `QuestTurnTargetName`, `SoundAccept`, `SoundTurnIn`, `DetailsEmote1`, `DetailsEmote2`, `DetailsEmote3`, `DetailsEmote4`, `DetailsEmoteDelay1`, `DetailsEmoteDelay2`, `DetailsEmoteDelay3`, `DetailsEmoteDelay4`, `EmoteOnIncomplete`, `EmoteOnComplete`, `OfferRewardEmote1`, `OfferRewardEmote2`, `OfferRewardEmote3`, `OfferRewardEmote4`, `OfferRewardEmoteDelay1`, `OfferRewardEmoteDelay2`, `OfferRewardEmoteDelay3`, `OfferRewardEmoteDelay4`, `StartScript`, `CompleteScript`, `WDBVerified`) 
values
('300001','0',NULL,'Fixed','1','85','85','0','0','0','0','0','0','0','0','0','0','0','0','0','0','0','0','0','0','0','0','0','0','0','0','44358','0','0','0','0','300001','1','0','74752','2','0','42','0','0','0','0','0','0','0','0','71954','46892','0','0','1','1','0','0','0','0','0','0','0','0','0','0','0','0','0','0','0','0','0','0','0','0','0','0','0','0','0','0','0','0','0','0','0','0','0','Gladiator','','','','Congratulations!$B$BYou have earned yourself the title \'Gladiator\' in the preceding arena season!$B$BHere is your rightful reward.','','','0','0','0','0','0','0','0','0','300001','0','0','0','1','0','0','0','0','0','0','0','0','0','0','0','0','0','0','0','0','0','0','0','0','Gladiator','','','','0','0','0','0','0','0','0','0','0','0','0','0','0','0','0','0',NULL,NULL,NULL,NULL,'890','878','0','0','0','0','0','0','0','0','1','0','1','0','0','0','0','0','0','0','0','0','15595'),
('300002','0',NULL,'Fixed','1','85','85','0','0','0','0','0','0','0','0','0','0','0','0','0','0','0','0','0','0','0','0','0','0','0','0','44358','0','0','0','0','300002','1','0','74752','2','0','43','0','0','0','0','0','0','0','0','0','0','0','0','0','0','0','0','0','0','0','0','0','0','0','0','0','0','0','0','0','0','0','0','0','0','0','0','0','0','0','0','0','0','0','0','0','0','0','Duelist','','','','Congratulations!$B$BYou have earned yourself the title \'Duelist\' in the preceding arena season!$B$BHere is your rightful reward.','','','0','0','0','0','0','0','0','0','300002','0','0','0','1','0','0','0','0','0','0','0','0','0','0','0','0','0','0','0','0','0','0','0','0','Duelist','','','','0','0','0','0','0','0','0','0','0','0','0','0','0','0','0','0',NULL,NULL,NULL,NULL,'890','878','0','0','0','0','0','0','0','0','1','0','1','0','0','0','0','0','0','0','0','0','15595'),
('300003','0',NULL,'Fixed','1','85','85','0','0','0','0','0','0','0','0','0','0','0','0','0','0','0','0','0','0','0','0','0','0','0','0','44358','0','0','0','0','300003','1','0','74752','2','0','44','0','0','0','0','0','0','0','0','0','0','0','0','0','0','0','0','0','0','0','0','0','0','0','0','0','0','0','0','0','0','0','0','0','0','0','0','0','0','0','0','0','0','0','0','0','0','0','Rival','','','','Congratulations!$B$BYou have earned yourself the title \'Rival\' in the preceding arena season!$B$BHere is your rightful reward.','','','0','0','0','0','0','0','0','0','300003','0','0','0','1','0','0','0','0','0','0','0','0','0','0','0','0','0','0','0','0','0','0','0','0','Rival','','','','0','0','0','0','0','0','0','0','0','0','0','0','0','0','0','0',NULL,NULL,NULL,NULL,'890','878','0','0','0','0','0','0','0','0','1','0','1','0','0','0','0','0','0','0','0','0','15595'),
('300004','0',NULL,'Fixed','1','85','85','0','0','0','0','0','0','0','0','0','0','0','0','0','0','0','0','0','0','0','0','0','0','0','0','44358','0','0','0','0','300004','1','0','74752','2','0','45','0','0','0','0','0','0','0','0','0','0','0','0','0','0','0','0','0','0','0','0','0','0','0','0','0','0','0','0','0','0','0','0','0','0','0','0','0','0','0','0','0','0','0','0','0','0','0','Challenger','','','','Congratulations!$B$BYou have earned yourself the title \'Challenger\' in the preceding arena season!$B$BHere is your rightful reward.','','','0','0','0','0','0','0','0','0','300004','0','0','0','1','0','0','0','0','0','0','0','0','0','0','0','0','0','0','0','0','0','0','0','0','Challenger','','','','0','0','0','0','0','0','0','0','0','0','0','0','0','0','0','0',NULL,NULL,NULL,NULL,'890','878','0','0','0','0','0','0','0','0','1','0','1','0','0','0','0','0','0','0','0','0','15595'),
('300005','0',NULL,'Fixed','1','85','85','0','0','0','0','0','0','0','0','0','0','0','0','0','0','0','0','0','0','0','0','0','0','0','0','44358','0','0','0','0','300005','1','0','74752','2','0','62','0','0','0','0','0','0','0','0','34092','46892','0','0','1','1','0','0','0','0','0','0','0','0','0','0','0','0','0','0','0','0','0','0','0','0','0','0','0','0','0','0','0','0','0','0','0','0','0','Merciless Gladiator','','','','Congratulations!$B$BYou have earned yourself the title \'Merciless Gladiator\' in the preceding arena season!$B$BHere is your rightful reward.','','','0','0','0','0','0','0','0','0','300005','0','0','0','1','0','0','0','0','0','0','0','0','0','0','0','0','0','0','0','0','0','0','0','0','Merciless Gladiator','','','','0','0','0','0','0','0','0','0','0','0','0','0','0','0','0','0',NULL,NULL,NULL,NULL,'890','878','0','0','0','0','0','0','0','0','1','0','1','0','0','0','0','0','0','0','0','0','15595'),
('300006','0',NULL,'Fixed','1','85','85','0','0','0','0','0','0','0','0','0','0','0','0','0','0','0','0','0','0','0','0','0','0','0','0','44358','0','0','0','0','300006','1','0','74752','2','0','71','0','0','0','0','0','0','0','0','37676','46892','0','0','1','1','0','0','0','0','0','0','0','0','0','0','0','0','0','0','0','0','0','0','0','0','0','0','0','0','0','0','0','0','0','0','0','0','0','Vengeful Gladiator','','','','Congratulations!$B$BYou have earned yourself the title \'Vengeful Gladiator\' in the preceding arena season!$B$BHere is your rightful reward.','','','0','0','0','0','0','0','0','0','300006','0','0','0','1','0','0','0','0','0','0','0','0','0','0','0','0','0','0','0','0','0','0','0','0','Vengeful Gladiator','','','','0','0','0','0','0','0','0','0','0','0','0','0','0','0','0','0',NULL,NULL,NULL,NULL,'890','878','0','0','0','0','0','0','0','0','1','0','1','0','0','0','0','0','0','0','0','0','15595'),
('300007','0',NULL,'Fixed','1','85','85','0','0','0','0','0','0','0','0','0','0','0','0','0','0','0','0','0','0','0','0','0','0','0','0','44358','0','0','0','0','300007','1','0','74752','2','0','80','0','0','0','0','0','0','0','0','43516','46892','0','0','1','1','0','0','0','0','0','0','0','0','0','0','0','0','0','0','0','0','0','0','0','0','0','0','0','0','0','0','0','0','0','0','0','0','0','Brutal Gladiator','','','','Congratulations!$B$BYou have earned yourself the title \'Brutal Gladiator\' in the preceding arena season!$B$BHere is your rightful reward.','','','0','0','0','0','0','0','0','0','300007','0','0','0','1','0','0','0','0','0','0','0','0','0','0','0','0','0','0','0','0','0','0','0','0','Brutal Gladiator','','','','0','0','0','0','0','0','0','0','0','0','0','0','0','0','0','0',NULL,NULL,NULL,NULL,'890','878','0','0','0','0','0','0','0','0','1','0','1','0','0','0','0','0','0','0','0','0','15595'),
('300008','0',NULL,'Fixed','1','85','85','0','0','0','0','0','0','0','0','0','0','0','0','0','0','0','0','0','0','0','0','0','0','0','0','44358','0','0','0','0','300008','1','0','74752','2','0','157','0','0','0','0','0','0','0','0','46708','46892','0','0','1','1','0','0','0','0','0','0','0','0','0','0','0','0','0','0','0','0','0','0','0','0','0','0','0','0','0','0','0','0','0','0','0','0','0','Deadly Gladiator','','','','Congratulations!$B$BYou have earned yourself the title \'Deadly Gladiator\' in the preceding arena season!$B$BHere is your rightful reward.','','','0','0','0','0','0','0','0','0','300008','0','0','0','1','0','0','0','0','0','0','0','0','0','0','0','0','0','0','0','0','0','0','0','0','Deadly Gladiator','','','','0','0','0','0','0','0','0','0','0','0','0','0','0','0','0','0',NULL,NULL,NULL,NULL,'890','878','0','0','0','0','0','0','0','0','1','0','1','0','0','0','0','0','0','0','0','0','15595'),
('300009','0',NULL,'Fixed','1','85','85','0','0','0','0','0','0','0','0','0','0','0','0','0','0','0','0','0','0','0','0','0','0','0','0','44358','0','0','0','0','300009','1','0','74752','2','0','167','0','0','0','0','0','0','0','0','46171','46892','0','0','1','1','0','0','0','0','0','0','0','0','0','0','0','0','0','0','0','0','0','0','0','0','0','0','0','0','0','0','0','0','0','0','0','0','0','Furious Gladiator','','','','Congratulations!$B$BYou have earned yourself the title \'Furious Gladiator\' in the preceding arena season!$B$BHere is your rightful reward.','','','0','0','0','0','0','0','0','0','300009','0','0','0','1','0','0','0','0','0','0','0','0','0','0','0','0','0','0','0','0','0','0','0','0','Furious Gladiator','','','','0','0','0','0','0','0','0','0','0','0','0','0','0','0','0','0',NULL,NULL,NULL,NULL,'890','878','0','0','0','0','0','0','0','0','1','0','1','0','0','0','0','0','0','0','0','0','15595'),
('300010','0',NULL,'Fixed','1','85','85','0','0','0','0','0','0','0','0','0','0','0','0','0','0','0','0','0','0','0','0','0','0','0','0','44358','0','0','0','0','300010','1','0','74752','2','0','169','0','0','0','0','0','0','0','0','47840','46892','0','0','1','1','0','0','0','0','0','0','0','0','0','0','0','0','0','0','0','0','0','0','0','0','0','0','0','0','0','0','0','0','0','0','0','0','0','Relentless Gladiator','','','','Congratulations!$B$BYou have earned yourself the title \'Relentless Gladiator\' in the preceding arena season!$B$BHere is your rightful reward.','','','0','0','0','0','0','0','0','0','300010','0','0','0','1','0','0','0','0','0','0','0','0','0','0','0','0','0','0','0','0','0','0','0','0','Relentless Gladiator','','','','0','0','0','0','0','0','0','0','0','0','0','0','0','0','0','0',NULL,NULL,NULL,NULL,'890','878','0','0','0','0','0','0','0','0','1','0','1','0','0','0','0','0','0','0','0','0','15595'),
('300011','0',NULL,'Fixed','1','85','85','0','0','0','0','0','0','0','0','0','0','0','0','0','0','0','0','0','0','0','0','0','0','0','0','44358','0','0','0','0','300011','1','0','74752','2','0','177','0','0','0','0','0','0','0','0','50435','46892','0','0','1','1','0','0','0','0','0','0','0','0','0','0','0','0','0','0','0','0','0','0','0','0','0','0','0','0','0','0','0','0','0','0','0','0','0','Wrathful Gladiator','','','','Congratulations!$B$BYou have earned yourself the title \'Wrathful Gladiator\' in the preceding arena season!$B$BHere is your rightful reward.','','','0','0','0','0','0','0','0','0','300011','0','0','0','1','0','0','0','0','0','0','0','0','0','0','0','0','0','0','0','0','0','0','0','0','Wrathful Gladiator','','','','0','0','0','0','0','0','0','0','0','0','0','0','0','0','0','0',NULL,NULL,NULL,NULL,'890','878','0','0','0','0','0','0','0','0','1','0','1','0','0','0','0','0','0','0','0','0','15595'),
('300012','0',NULL,'Fixed','1','85','85','0','0','0','0','0','0','0','0','0','0','0','0','0','0','0','0','0','0','0','0','0','0','0','0','44358','0','0','0','0','300012','1','0','74752','2','0','255','0','0','0','0','0','0','0','0','71339','46892','0','0','1','1','0','0','0','0','0','0','0','0','0','0','0','0','0','0','0','0','0','0','0','0','0','0','0','0','0','0','0','0','0','0','0','0','0','Vicious Gladiator','','','','Congratulations!$B$BYou have earned yourself the title \'Vicious Gladiator\' in the preceding arena season!$B$BHere is your rightful reward.','','','0','0','0','0','0','0','0','0','300012','0','0','0','1','0','0','0','0','0','0','0','0','0','0','0','0','0','0','0','0','0','0','0','0','Vicious Gladiator','','','','0','0','0','0','0','0','0','0','0','0','0','0','0','0','0','0',NULL,NULL,NULL,NULL,'890','878','0','0','0','0','0','0','0','0','1','0','1','0','0','0','0','0','0','0','0','0','15595'),
('300013','0',NULL,'Fixed','1','85','85','0','0','0','0','0','0','0','0','0','0','0','0','0','0','0','0','0','0','0','0','0','0','0','0','44358','0','0','0','0','300013','1','0','74752','2','0','0','0','0','0','0','0','0','0','0','71954','46892','0','0','1','1','0','0','0','0','0','0','0','0','0','0','0','0','0','0','0','0','0','0','0','0','0','0','0','0','0','0','0','0','0','0','0','0','0','Ruthless Gladiator','','','','Congratulations!$B$BYou have earned yourself the title \'Ruthless Gladiator\' in the preceding arena season!$B$BHere is your rightful reward.','','','0','0','0','0','0','0','0','0','300013','0','0','0','1','0','0','0','0','0','0','0','0','0','0','0','0','0','0','0','0','0','0','0','0','Ruthless Gladiator','','','','0','0','0','0','0','0','0','0','0','0','0','0','0','0','0','0',NULL,NULL,NULL,NULL,'890','878','0','0','0','0','0','0','0','0','1','0','1','0','0','0','0','0','0','0','0','0','15595');

delete from `locales_quest` where `Id` in ('300001', '300002', '300003', '300004');
insert into `locales_quest` (`Id`, `Title_loc1`, `Title_loc2`, `Title_loc3`, `Title_loc4`, `Title_loc5`, `Title_loc6`, `Title_loc7`, `Title_loc8`, `Details_loc1`, `Details_loc2`, `Details_loc3`, `Details_loc4`, `Details_loc5`, `Details_loc6`, `Details_loc7`, `Details_loc8`, `Objectives_loc1`, `Objectives_loc2`, `Objectives_loc3`, `Objectives_loc4`, `Objectives_loc5`, `Objectives_loc6`, `Objectives_loc7`, `Objectives_loc8`, `OfferRewardText_loc1`, `OfferRewardText_loc2`, `OfferRewardText_loc3`, `OfferRewardText_loc4`, `OfferRewardText_loc5`, `OfferRewardText_loc6`, `OfferRewardText_loc7`, `OfferRewardText_loc8`, `RequestItemsText_loc1`, `RequestItemsText_loc2`, `RequestItemsText_loc3`, `RequestItemsText_loc4`, `RequestItemsText_loc5`, `RequestItemsText_loc6`, `RequestItemsText_loc7`, `RequestItemsText_loc8`, `EndText_loc1`, `EndText_loc2`, `EndText_loc3`, `EndText_loc4`, `EndText_loc5`, `EndText_loc6`, `EndText_loc7`, `EndText_loc8`, `CompletedText_loc1`, `CompletedText_loc2`, `CompletedText_loc3`, `CompletedText_loc4`, `CompletedText_loc5`, `CompletedText_loc6`, `CompletedText_loc7`, `CompletedText_loc8`, `ObjectiveText1_loc1`, `ObjectiveText1_loc2`, `ObjectiveText1_loc3`, `ObjectiveText1_loc4`, `ObjectiveText1_loc5`, `ObjectiveText1_loc6`, `ObjectiveText1_loc7`, `ObjectiveText1_loc8`, `ObjectiveText2_loc1`, `ObjectiveText2_loc2`, `ObjectiveText2_loc3`, `ObjectiveText2_loc4`, `ObjectiveText2_loc5`, `ObjectiveText2_loc6`, `ObjectiveText2_loc7`, `ObjectiveText2_loc8`, `ObjectiveText3_loc1`, `ObjectiveText3_loc2`, `ObjectiveText3_loc3`, `ObjectiveText3_loc4`, `ObjectiveText3_loc5`, `ObjectiveText3_loc6`, `ObjectiveText3_loc7`, `ObjectiveText3_loc8`, `ObjectiveText4_loc1`, `ObjectiveText4_loc2`, `ObjectiveText4_loc3`, `ObjectiveText4_loc4`, `ObjectiveText4_loc5`, `ObjectiveText4_loc6`, `ObjectiveText4_loc7`, `ObjectiveText4_loc8`, `QuestGiverTextWindow_loc1`, `QuestGiverTextWindow_loc2`, `QuestGiverTextWindow_loc3`, `QuestGiverTextWindow_loc4`, `QuestGiverTextWindow_loc5`, `QuestGiverTextWindow_loc6`, `QuestGiverTextWindow_loc7`, `QuestGiverTextWindow_loc8`, `QuestGiverTargetName_loc1`, `QuestGiverTargetName_loc2`, `QuestGiverTargetName_loc3`, `QuestGiverTargetName_loc4`, `QuestGiverTargetName_loc5`, `QuestGiverTargetName_loc6`, `QuestGiverTargetName_loc7`, `QuestGiverTargetName_loc8`, `QuestTurnTextWindow_loc1`, `QuestTurnTextWindow_loc2`, `QuestTurnTextWindow_loc3`, `QuestTurnTextWindow_loc4`, `QuestTurnTextWindow_loc5`, `QuestTurnTextWindow_loc6`, `QuestTurnTextWindow_loc7`, `QuestTurnTextWindow_loc8`, `QuestTurnTargetName_loc1`, `QuestTurnTargetName_loc2`, `QuestTurnTargetName_loc3`, `QuestTurnTargetName_loc4`, `QuestTurnTargetName_loc5`, `QuestTurnTargetName_loc6`, `QuestTurnTargetName_loc7`, `QuestTurnTargetName_loc8`) 
values
('300001',NULL,NULL,'Gladiator',NULL,NULL,'Gladiador','Gladiador',NULL,NULL,NULL,'',NULL,NULL,NULL,NULL,NULL,NULL,NULL,NULL,NULL,NULL,NULL,NULL,NULL,NULL,NULL,'Herzlichen Glückwunsch!$B$BDu hast den Titel \'Gladiator\' in der vergangenen Arenasaison erreicht!$B$BHiermit erhälst du deine verdiente Belohnung.',NULL,NULL,'¡Felicitaciones! $B$B¡Te has ganado el título de \'Gladiador\' en la temporada de arena anterior! $B$B Aquí está tu legítima recompensa.','¡Felicitaciones! $B$B¡Te has ganado el título de \'Gladiador\' en la temporada de arena anterior! $B$B Aquí está tu legítima recompensa.',NULL,NULL,NULL,NULL,NULL,NULL,NULL,NULL,NULL,NULL,NULL,NULL,NULL,NULL,NULL,NULL,NULL,NULL,NULL,NULL,NULL,NULL,NULL,NULL,NULL,NULL,NULL,'Gladiator',NULL,NULL,NULL,NULL,NULL,NULL,NULL,NULL,NULL,NULL,NULL,NULL,NULL,NULL,NULL,NULL,NULL,NULL,NULL,NULL,NULL,NULL,NULL,NULL,NULL,NULL,NULL,NULL,NULL,NULL,NULL,NULL,NULL,NULL,NULL,NULL,NULL,NULL,NULL,NULL,NULL,NULL,NULL,NULL,NULL,NULL,NULL,NULL,NULL,NULL,NULL,NULL,NULL,NULL,NULL,NULL,NULL,NULL,NULL,NULL,NULL),
('300002',NULL,NULL,'Duellant',NULL,NULL,'Duelista','Duelista',NULL,NULL,NULL,'',NULL,NULL,NULL,NULL,NULL,NULL,NULL,NULL,NULL,NULL,NULL,NULL,NULL,NULL,NULL,'Herzlichen Glückwunsch!$B$BDu hast den Titel \'Duellant\' in der vergangenen Arenasaison erreicht!$B$BHiermit erhälst du deine verdiente Belohnung.',NULL,NULL,'¡Felicitaciones! $B$B¡Te has ganado el título de \'Duelista\' en la temporada de arena anterior! $B$B Aquí está tu legítima recompensa.','¡Felicitaciones! $B$B¡Te has ganado el título de \'Duelista\' en la temporada de arena anterior! $B$B Aquí está tu legítima recompensa.',NULL,NULL,NULL,NULL,NULL,NULL,NULL,NULL,NULL,NULL,NULL,NULL,NULL,NULL,NULL,NULL,NULL,NULL,NULL,NULL,NULL,NULL,NULL,NULL,NULL,NULL,NULL,'Duellant',NULL,NULL,NULL,NULL,NULL,NULL,NULL,NULL,NULL,NULL,NULL,NULL,NULL,NULL,NULL,NULL,NULL,NULL,NULL,NULL,NULL,NULL,NULL,NULL,NULL,NULL,NULL,NULL,NULL,NULL,NULL,NULL,NULL,NULL,NULL,NULL,NULL,NULL,NULL,NULL,NULL,NULL,NULL,NULL,NULL,NULL,NULL,NULL,NULL,NULL,NULL,NULL,NULL,NULL,NULL,NULL,NULL,NULL,NULL,NULL,NULL),
('300003',NULL,NULL,'Rivale',NULL,NULL,'Rival','Rival',NULL,NULL,NULL,'',NULL,NULL,NULL,NULL,NULL,NULL,NULL,NULL,NULL,NULL,NULL,NULL,NULL,NULL,NULL,'Herzlichen Glückwunsch!$B$BDu hast den Titel \'Rivale\' in der vergangenen Arenasaison erreicht!$B$BHiermit erhälst du deine verdiente Belohnung.',NULL,NULL,'¡Felicitaciones! $B$B¡Te has ganado el título de \'Rival\' en la temporada de arena anterior! $B$B Aquí está tu legítima recompensa.','¡Felicitaciones! $B$B¡Te has ganado el título de \'Rival\' en la temporada de arena anterior! $B$B Aquí está tu legítima recompensa.',NULL,NULL,NULL,NULL,NULL,NULL,NULL,NULL,NULL,NULL,NULL,NULL,NULL,NULL,NULL,NULL,NULL,NULL,NULL,NULL,NULL,NULL,NULL,NULL,NULL,NULL,NULL,'Rivale',NULL,NULL,NULL,NULL,NULL,NULL,NULL,NULL,NULL,NULL,NULL,NULL,NULL,NULL,NULL,NULL,NULL,NULL,NULL,NULL,NULL,NULL,NULL,NULL,NULL,NULL,NULL,NULL,NULL,NULL,NULL,NULL,NULL,NULL,NULL,NULL,NULL,NULL,NULL,NULL,NULL,NULL,NULL,NULL,NULL,NULL,NULL,NULL,NULL,NULL,NULL,NULL,NULL,NULL,NULL,NULL,NULL,NULL,NULL,NULL,NULL),
('300004',NULL,NULL,'Herausforderer',NULL,NULL,'Contendiente','Contendiente',NULL,NULL,NULL,'',NULL,NULL,NULL,NULL,NULL,NULL,NULL,NULL,NULL,NULL,NULL,NULL,NULL,NULL,NULL,'Herzlichen Glückwunsch!$B$BDu hast den Titel \'Herausforderer\' in der vergangenen Arenasaison erreicht!$B$BHiermit erhälst du deine verdiente Belohnung.',NULL,NULL,'¡Felicitaciones! $B$B¡Te has ganado el título de \'Contendiente\' en la temporada de arena anterior! $B$B Aquí está tu legítima recompensa.','¡Felicitaciones! $B$B¡Te has ganado el título de \'Contendiente\' en la temporada de arena anterior! $B$B Aquí está tu legítima recompensa.',NULL,NULL,NULL,NULL,NULL,NULL,NULL,NULL,NULL,NULL,NULL,NULL,NULL,NULL,NULL,NULL,NULL,NULL,NULL,NULL,NULL,NULL,NULL,NULL,NULL,NULL,NULL,'Herausforderer',NULL,NULL,NULL,NULL,NULL,NULL,NULL,NULL,NULL,NULL,NULL,NULL,NULL,NULL,NULL,NULL,NULL,NULL,NULL,NULL,NULL,NULL,NULL,NULL,NULL,NULL,NULL,NULL,NULL,NULL,NULL,NULL,NULL,NULL,NULL,NULL,NULL,NULL,NULL,NULL,NULL,NULL,NULL,NULL,NULL,NULL,NULL,NULL,NULL,NULL,NULL,NULL,NULL,NULL,NULL,NULL,NULL,NULL,NULL,NULL,NULL);

delete from `locales_item` where `entry` in ('300001', '300002', '300003', '300004');
insert into `locales_item` (`entry`, `name_loc1`, `name_loc2`, `name_loc3`, `name_loc4`, `name_loc5`, `name_loc6`, `name_loc7`, `name_loc8`, `description_loc1`, `description_loc2`, `description_loc3`, `description_loc4`, `description_loc5`, `description_loc6`, `description_loc7`, `description_loc8`) 
values
('300001','','','Gladiator','','','Cofre de Gladiador','Cofre de Gladiador','',NULL,NULL,NULL,NULL,NULL,'Felicidades por ser finalista en la temporada PVP','Felicidades por ser finalista en la temporada PVP',NULL),
('300002','','','Duelist','','','Cofre de Duelista','Cofre de Duelista','',NULL,NULL,NULL,NULL,NULL,'Felicidades por ser finalista en la temporada PVP','Felicidades por ser finalista en la temporada PVP',NULL),
('300003','','','Rival','','','Cofre de Rival','Cofre de Rival','',NULL,NULL,NULL,NULL,NULL,'Felicidades por ser finalista en la temporada PVP','Felicidades por ser finalista en la temporada PVP',NULL),
('300004','','','Challenger','','','Cofre de Contendiente','Cofre de Contendiente','',NULL,NULL,NULL,NULL,NULL,'Felicidades por ser finalista en la temporada PVP','Felicidades por ser finalista en la temporada PVP',NULL);

delete from `item_template` where `entry` in ('300001', '300002', '300003', '300004', '300005', '300006', '300007', '300008', '300009', '300010', '300011', '300012', '300013');
insert into `item_template` (`entry`, `class`, `subclass`, `SoundOverrideSubclass`, `name`, `displayid`, `Quality`, `Flags`, `FlagsExtra`, `Unk430_1`, `Unk430_2`, `BuyCount`, `BuyPrice`, `SellPrice`, `InventoryType`, `AllowableClass`, `AllowableRace`, `ItemLevel`, `RequiredLevel`, `RequiredSkill`, `RequiredSkillRank`, `requiredspell`, `requiredhonorrank`, `RequiredCityRank`, `RequiredReputationFaction`, `RequiredReputationRank`, `maxcount`, `stackable`, `ContainerSlots`, `stat_type1`, `stat_value1`, `stat_unk1_1`, `stat_unk2_1`, `stat_type2`, `stat_value2`, `stat_unk1_2`, `stat_unk2_2`, `stat_type3`, `stat_value3`, `stat_unk1_3`, `stat_unk2_3`, `stat_type4`, `stat_value4`, `stat_unk1_4`, `stat_unk2_4`, `stat_type5`, `stat_value5`, `stat_unk1_5`, `stat_unk2_5`, `stat_type6`, `stat_value6`, `stat_unk1_6`, `stat_unk2_6`, `stat_type7`, `stat_value7`, `stat_unk1_7`, `stat_unk2_7`, `stat_type8`, `stat_value8`, `stat_unk1_8`, `stat_unk2_8`, `stat_type9`, `stat_value9`, `stat_unk1_9`, `stat_unk2_9`, `stat_type10`, `stat_value10`, `stat_unk1_10`, `stat_unk2_10`, `ScalingStatDistribution`, `DamageType`, `delay`, `RangedModRange`, `spellid_1`, `spelltrigger_1`, `spellcharges_1`, `spellcooldown_1`, `spellcategory_1`, `spellcategorycooldown_1`, `spellid_2`, `spelltrigger_2`, `spellcharges_2`, `spellcooldown_2`, `spellcategory_2`, `spellcategorycooldown_2`, `spellid_3`, `spelltrigger_3`, `spellcharges_3`, `spellcooldown_3`, `spellcategory_3`, `spellcategorycooldown_3`, `spellid_4`, `spelltrigger_4`, `spellcharges_4`, `spellcooldown_4`, `spellcategory_4`, `spellcategorycooldown_4`, `spellid_5`, `spelltrigger_5`, `spellcharges_5`, `spellcooldown_5`, `spellcategory_5`, `spellcategorycooldown_5`, `bonding`, `description`, `PageText`, `LanguageID`, `PageMaterial`, `startquest`, `lockid`, `Material`, `sheath`, `RandomProperty`, `RandomSuffix`, `itemset`, `MaxDurability`, `area`, `Map`, `BagFamily`, `TotemCategory`, `socketColor_1`, `socketContent_1`, `socketColor_2`, `socketContent_2`, `socketColor_3`, `socketContent_3`, `socketBonus`, `GemProperties`, `ArmorDamageModifier`, `duration`, `ItemLimitCategory`, `HolidayId`, `StatScalingFactor`, `CurrencySubstitutionId`, `CurrencySubstitutionCount`, `flagsCustom`, `WDBVerified`) 
values
('300001','12','8','-1','Coffret Gladiator','30658','5','0','0','1','1','1','0','0','0','-1','-1','1','0','0','0','0','0','0','0','0','0','1','0','0','0','0','0','0','0','0','0','0','0','0','0','0','0','0','0','0','0','0','0','0','0','0','0','0','0','0','0','0','0','0','0','0','0','0','0','0','0','0','0','0','0','0','0','0','0','0','-1','0','-1','0','0','0','-1','0','-1','0','0','0','-1','0','-1','0','0','0','-1','0','-1','0','0','0','-1','0','-1','1','','0','0','0','300001','0','0','0','0','0','0','0','0','0','0','0','0','0','0','0','0','0','0','0','0','0','0','0','0','0','0','0','15595'),
('300002','12','8','-1','Coffret Duelist','30658','5','0','0','1','1','1','0','0','0','-1','-1','1','0','0','0','0','0','0','0','0','0','1','0','0','0','0','0','0','0','0','0','0','0','0','0','0','0','0','0','0','0','0','0','0','0','0','0','0','0','0','0','0','0','0','0','0','0','0','0','0','0','0','0','0','0','0','0','0','0','0','-1','0','-1','0','0','0','-1','0','-1','0','0','0','-1','0','-1','0','0','0','-1','0','-1','0','0','0','-1','0','-1','1','','0','0','0','300002','0','0','0','0','0','0','0','0','0','0','0','0','0','0','0','0','0','0','0','0','0','0','0','0','0','0','0','15595'),
('300003','12','8','-1','Coffret Rival','30658','5','0','0','1','1','1','0','0','0','-1','-1','1','0','0','0','0','0','0','0','0','0','1','0','0','0','0','0','0','0','0','0','0','0','0','0','0','0','0','0','0','0','0','0','0','0','0','0','0','0','0','0','0','0','0','0','0','0','0','0','0','0','0','0','0','0','0','0','0','0','0','-1','0','-1','0','0','0','-1','0','-1','0','0','0','-1','0','-1','0','0','0','-1','0','-1','0','0','0','-1','0','-1','1','','0','0','0','300003','0','0','0','0','0','0','0','0','0','0','0','0','0','0','0','0','0','0','0','0','0','0','0','0','0','0','0','15595'),
('300004','12','8','-1','Coffret Challenger','30658','5','0','0','1','1','1','0','0','0','-1','-1','1','0','0','0','0','0','0','0','0','0','1','0','0','0','0','0','0','0','0','0','0','0','0','0','0','0','0','0','0','0','0','0','0','0','0','0','0','0','0','0','0','0','0','0','0','0','0','0','0','0','0','0','0','0','0','0','0','0','0','-1','0','-1','0','0','0','-1','0','-1','0','0','0','-1','0','-1','0','0','0','-1','0','-1','0','0','0','-1','0','-1','1','','0','0','0','300004','0','0','0','0','0','0','0','0','0','0','0','0','0','0','0','0','0','0','0','0','0','0','0','0','0','0','0','15595'),
('300005','12','8','-1','Coffret Des Aspects','30658','5','0','0','1','1','1','0','0','0','-1','-1','1','0','0','0','0','0','0','0','0','0','1','0','0','0','0','0','0','0','0','0','0','0','0','0','0','0','0','0','0','0','0','0','0','0','0','0','0','0','0','0','0','0','0','0','0','0','0','0','0','0','0','0','0','0','0','0','0','0','0','-1','0','-1','0','0','0','-1','0','-1','0','0','0','-1','0','-1','0','0','0','-1','0','-1','0','0','0','-1','0','-1','1','','0','0','0','300005','0','0','0','0','0','0','0','0','0','0','0','0','0','0','0','0','0','0','0','0','0','0','0','0','0','0','0','15595'),
('300006','12','8','-1','Vengeful Gladiator','30658','5','0','0','1','1','1','0','0','0','-1','-1','1','0','0','0','0','0','0','0','0','0','1','0','0','0','0','0','0','0','0','0','0','0','0','0','0','0','0','0','0','0','0','0','0','0','0','0','0','0','0','0','0','0','0','0','0','0','0','0','0','0','0','0','0','0','0','0','0','0','0','-1','0','-1','0','0','0','-1','0','-1','0','0','0','-1','0','-1','0','0','0','-1','0','-1','0','0','0','-1','0','-1','1','','0','0','0','300006','0','0','0','0','0','0','0','0','0','0','0','0','0','0','0','0','0','0','0','0','0','0','0','0','0','0','0','15595'),
('300007','12','8','-1','Brutal Gladiator','30658','5','0','0','1','1','1','0','0','0','-1','-1','1','0','0','0','0','0','0','0','0','0','1','0','0','0','0','0','0','0','0','0','0','0','0','0','0','0','0','0','0','0','0','0','0','0','0','0','0','0','0','0','0','0','0','0','0','0','0','0','0','0','0','0','0','0','0','0','0','0','0','-1','0','-1','0','0','0','-1','0','-1','0','0','0','-1','0','-1','0','0','0','-1','0','-1','0','0','0','-1','0','-1','1','','0','0','0','300007','0','0','0','0','0','0','0','0','0','0','0','0','0','0','0','0','0','0','0','0','0','0','0','0','0','0','0','15595'),
('300008','12','8','-1','Deadly Gladiator','30658','5','0','0','1','1','1','0','0','0','-1','-1','1','0','0','0','0','0','0','0','0','0','1','0','0','0','0','0','0','0','0','0','0','0','0','0','0','0','0','0','0','0','0','0','0','0','0','0','0','0','0','0','0','0','0','0','0','0','0','0','0','0','0','0','0','0','0','0','0','0','0','-1','0','-1','0','0','0','-1','0','-1','0','0','0','-1','0','-1','0','0','0','-1','0','-1','0','0','0','-1','0','-1','1','','0','0','0','300008','0','0','0','0','0','0','0','0','0','0','0','0','0','0','0','0','0','0','0','0','0','0','0','0','0','0','0','15595'),
('300009','12','8','-1','Furious Gladiator','30658','5','0','0','1','1','1','0','0','0','-1','-1','1','0','0','0','0','0','0','0','0','0','1','0','0','0','0','0','0','0','0','0','0','0','0','0','0','0','0','0','0','0','0','0','0','0','0','0','0','0','0','0','0','0','0','0','0','0','0','0','0','0','0','0','0','0','0','0','0','0','0','-1','0','-1','0','0','0','-1','0','-1','0','0','0','-1','0','-1','0','0','0','-1','0','-1','0','0','0','-1','0','-1','1','','0','0','0','300009','0','0','0','0','0','0','0','0','0','0','0','0','0','0','0','0','0','0','0','0','0','0','0','0','0','0','0','15595'),
('300010','12','8','-1','Relentless Gladiator','30658','5','0','0','1','1','1','0','0','0','-1','-1','1','0','0','0','0','0','0','0','0','0','1','0','0','0','0','0','0','0','0','0','0','0','0','0','0','0','0','0','0','0','0','0','0','0','0','0','0','0','0','0','0','0','0','0','0','0','0','0','0','0','0','0','0','0','0','0','0','0','0','-1','0','-1','0','0','0','-1','0','-1','0','0','0','-1','0','-1','0','0','0','-1','0','-1','0','0','0','-1','0','-1','1','','0','0','0','300010','0','0','0','0','0','0','0','0','0','0','0','0','0','0','0','0','0','0','0','0','0','0','0','0','0','0','0','15595'),
('300011','12','8','-1','Wrathful Gladiator','30658','5','0','0','1','1','1','0','0','0','-1','-1','1','0','0','0','0','0','0','0','0','0','1','0','0','0','0','0','0','0','0','0','0','0','0','0','0','0','0','0','0','0','0','0','0','0','0','0','0','0','0','0','0','0','0','0','0','0','0','0','0','0','0','0','0','0','0','0','0','0','0','-1','0','-1','0','0','0','-1','0','-1','0','0','0','-1','0','-1','0','0','0','-1','0','-1','0','0','0','-1','0','-1','1','','0','0','0','300011','0','0','0','0','0','0','0','0','0','0','0','0','0','0','0','0','0','0','0','0','0','0','0','0','0','0','0','15595'),
('300012','12','8','-1','Vicious Gladiator','30658','5','0','0','1','1','1','0','0','0','-1','-1','1','0','0','0','0','0','0','0','0','0','1','0','0','0','0','0','0','0','0','0','0','0','0','0','0','0','0','0','0','0','0','0','0','0','0','0','0','0','0','0','0','0','0','0','0','0','0','0','0','0','0','0','0','0','0','0','0','0','0','-1','0','-1','0','0','0','-1','0','-1','0','0','0','-1','0','-1','0','0','0','-1','0','-1','0','0','0','-1','0','-1','1','','0','0','0','300012','0','0','0','0','0','0','0','0','0','0','0','0','0','0','0','0','0','0','0','0','0','0','0','0','0','0','0','15595'),
('300013','12','8','-1','Ruthless Gladiator','30658','5','0','0','1','1','1','0','0','0','-1','-1','1','0','0','0','0','0','0','0','0','0','1','0','0','0','0','0','0','0','0','0','0','0','0','0','0','0','0','0','0','0','0','0','0','0','0','0','0','0','0','0','0','0','0','0','0','0','0','0','0','0','0','0','0','0','0','0','0','0','0','-1','0','-1','0','0','0','-1','0','-1','0','0','0','-1','0','-1','0','0','0','-1','0','-1','0','0','0','-1','0','-1','1','','0','0','0','300013','0','0','0','0','0','0','0','0','0','0','0','0','0','0','0','0','0','0','0','0','0','0','0','0','0','0','0','15595');


