-- Misiones de la cadena
DELETE FROM `quest_template` WHERE Id IN (15000, 15001, 15002, 15003, 15004, 15005, 15006, 15007, 15008, 15009, 15010, 15011, 15012, 15013, 15014, 15015);
INSERT INTO `quest_template` (`Id`, `Method`, `Note`, `Status`, `Level`, `MinLevel`, `MaxLevel`, `ZoneOrSort`, `Type`, `SuggestedPlayers`, `LimitTime`, `RequiredClasses`, `RequiredRaces`, `RequiredSkillId`, `RequiredSkillPoints`, `RequiredFactionId1`, `RequiredFactionId2`, `RequiredFactionValue1`, `RequiredFactionValue2`, `RequiredMinRepFaction`, `RequiredMaxRepFaction`, `RequiredMinRepValue`, `RequiredMaxRepValue`, `PrevQuestId`, `NextQuestId`, `ExclusiveGroup`, `NextQuestIdChain`, `RewardXPId`, `RewardOrRequiredMoney`, `RewardMoneyMaxLevel`, `RewardSpell`, `RewardSpellCast`, `RewardHonor`, `RewardHonorMultiplier`, `RewardMailTemplateId`, `RewardMailDelay`, `SourceItemId`, `SourceItemCount`, `SourceSpellId`, `Flags`, `SpecialFlags`, `MinimapTargetMark`, `RewardTitleId`, `RequiredPlayerKills`, `RewardTalents`, `RewardArenaPoints`, `RewardSkillId`, `RewardSkillPoints`, `RewardReputationMask`, `QuestGiverPortrait`, `QuestTurnInPortrait`, `RewardItemId1`, `RewardItemId2`, `RewardItemId3`, `RewardItemId4`, `RewardItemCount1`, `RewardItemCount2`, `RewardItemCount3`, `RewardItemCount4`, `RewardChoiceItemId1`, `RewardChoiceItemId2`, `RewardChoiceItemId3`, `RewardChoiceItemId4`, `RewardChoiceItemId5`, `RewardChoiceItemId6`, `RewardChoiceItemCount1`, `RewardChoiceItemCount2`, `RewardChoiceItemCount3`, `RewardChoiceItemCount4`, `RewardChoiceItemCount5`, `RewardChoiceItemCount6`, `RewardFactionId1`, `RewardFactionId2`, `RewardFactionId3`, `RewardFactionId4`, `RewardFactionId5`, `RewardFactionValueId1`, `RewardFactionValueId2`, `RewardFactionValueId3`, `RewardFactionValueId4`, `RewardFactionValueId5`, `RewardFactionValueIdOverride1`, `RewardFactionValueIdOverride2`, `RewardFactionValueIdOverride3`, `RewardFactionValueIdOverride4`, `RewardFactionValueIdOverride5`, `PointMapId`, `PointX`, `PointY`, `PointOption`, `Title`, `Objectives`, `Details`, `EndText`, `OfferRewardText`, `RequestItemsText`, `CompletedText`, `RequiredNpcOrGo1`, `RequiredNpcOrGo2`, `RequiredNpcOrGo3`, `RequiredNpcOrGo4`, `RequiredNpcOrGoCount1`, `RequiredNpcOrGoCount2`, `RequiredNpcOrGoCount3`, `RequiredNpcOrGoCount4`, `RequiredSourceItemId1`, `RequiredSourceItemId2`, `RequiredSourceItemId3`, `RequiredSourceItemId4`, `RequiredSourceItemCount1`, `RequiredSourceItemCount2`, `RequiredSourceItemCount3`, `RequiredSourceItemCount4`, `RequiredItemId1`, `RequiredItemId2`, `RequiredItemId3`, `RequiredItemId4`, `RequiredItemId5`, `RequiredItemId6`, `RequiredItemCount1`, `RequiredItemCount2`, `RequiredItemCount3`, `RequiredItemCount4`, `RequiredItemCount5`, `RequiredItemCount6`, `RequiredSpell`, `RequiredSpellCast1`, `RequiredSpellCast2`, `RequiredSpellCast3`, `RequiredSpellCast4`, `ObjectiveText1`, `ObjectiveText2`, `ObjectiveText3`, `ObjectiveText4`, `RewardCurrencyId1`, `RewardCurrencyId2`, `RewardCurrencyId3`, `RewardCurrencyId4`, `RewardCurrencyCount1`, `RewardCurrencyCount2`, `RewardCurrencyCount3`, `RewardCurrencyCount4`, `RequiredCurrencyId1`, `RequiredCurrencyId2`, `RequiredCurrencyId3`, `RequiredCurrencyId4`, `RequiredCurrencyCount1`, `RequiredCurrencyCount2`, `RequiredCurrencyCount3`, `RequiredCurrencyCount4`, `QuestGiverTextWindow`, `QuestGiverTargetName`, `QuestTurnTextWindow`, `QuestTurnTargetName`, `SoundAccept`, `SoundTurnIn`, `DetailsEmote1`, `DetailsEmote2`, `DetailsEmote3`, `DetailsEmote4`, `DetailsEmoteDelay1`, `DetailsEmoteDelay2`, `DetailsEmoteDelay3`, `DetailsEmoteDelay4`, `EmoteOnIncomplete`, `EmoteOnComplete`, `OfferRewardEmote1`, `OfferRewardEmote2`, `OfferRewardEmote3`, `OfferRewardEmote4`, `OfferRewardEmoteDelay1`, `OfferRewardEmoteDelay2`, `OfferRewardEmoteDelay3`, `OfferRewardEmoteDelay4`, `StartScript`, `CompleteScript`, `WDBVerified`) 
VALUES('15000','2',NULL,'Fixed','85','85','0','33','0','0','0','0','0','0','0','0','0','0','0','0','0','0','0','0','15001','0','15001','0','50000','50000','0','0','0','0','0','0','0','0','0','0','0','0','0','0','0','0','0','0','0','0','0','0','0','0','0','0','0','0','0','0','0','0','0','0','0','0','0','0','0','0','0','0','0','0','0','0','0','0','0','0','0','0','0','0','0','0','0','0','0','0','Something very weird','Kill 10 Crystal Thorn Basilisks, kill 10 Stranglethorn Raptor, kill 10 Elder Mistvale Gorila and kill 10 Stranglethorn Tigress.','Something very weird is happening here, trust me. That´s why I called you so soon.The zul´ Gurub trolls have been acting very strange for a couple of days now I have seen a lot of hunters arriving in booty bay. One of my boys told me it was because of a rumor: a legendary creature was spotted wandering around but we haven´t had luck with the information. Also, the animals have been attacking my hunters much more than usual.$B$BIf you can help me a little with the animals that attack my camp, I could send one of my guys to get more information.','','','','Come back Hemet Nesingwary Jr','689','685','1557','772','10','10','10','10','0','0','0','0','0','0','0','0','0','0','0','0','0','0','0','0','0','0','0','0','0','0','0','0','0','Crystal Thorn Basilisks','Stranglethorn Raptor','Elder Mistvale Gorila','Stranglethorn Tigress','0','0','0','0','0','0','0','0','0','0','0','0','0','0','0','0','','','','','890','878','1','0','0','0','0','0','0','0','6','5','4','0','0','0','0','0','0','0','0','0','15595'),
('15001','2',NULL,'Fixed','85','85','0','33','0','0','0','0','0','0','0','0','0','0','0','0','0','0','0','15000','15002','0','15002','0','50000','50000','0','0','0','0','0','0','0','0','0','0','0','0','0','0','0','0','0','0','0','0','0','0','0','0','0','0','0','0','0','0','0','0','0','0','0','0','0','0','0','0','0','0','0','0','0','0','0','0','0','0','0','0','0','0','0','0','0','0','0','0','Looking For information','Get some information with the booty bay hunters or Zul´ Gurub Trolls','I´ve already sent several of my men to get information, hopefully they´ll find something useful soon, By the way, thanks for your help. $b$bThe animals have gone crazy, I think it has something related with with our “legendary creature” personally I think those who may have more information about it are some of the hunters who have arrived or the native trolls. It would be good if you tried to talk to one of them maybe you can get useful information.','','','','Come back Hemet Nesingwary Jr','0','0','0','0','0','0','0','0','0','0','0','0','0','0','0','0','100607','0','0','0','0','0','1','0','0','0','0','0','0','0','0','0','0','Important Troll Scroll','','','','0','0','0','0','0','0','0','0','0','0','0','0','0','0','0','0','','','','','890','878','1','0','0','0','0','0','0','0','6','5','4','0','0','0','0','0','0','0','0','0','15595'),
('15002','2',NULL,'Fixed','85','85','0','3711','0','0','0','0','0','0','0','0','0','0','0','0','0','0','0','15001','15003','0','15003','0','50000','50000','0','0','0','0','0','0','100607','1','0','0','0','0','0','0','0','0','0','0','0','0','0','0','0','0','0','0','0','0','0','0','0','0','0','0','0','0','0','0','0','0','0','0','0','0','0','0','0','0','0','0','0','0','0','0','0','0','0','0','0','0','It´s not my strong side ','Meet Hemet Nesingwary Father in Sholazar Basin ','I’d tell you´re lucky but I knew you were better than me looking for information. My boys are still investigating, if they have any news they will inform us immediately. $b$bBut for now, let me see what it was you found Hemet jr takes the letter and reads it What is this!? $b$b<Seems quite surprised>$b$b. I have something to tell you: the language of trolls is not my strong side, I only understand a couple of things and it don’t make much sense, unless we are really talking about a “salad man eater” hahaha. $b$bYou must consult Eva Ladobien, because she is the specialist of trolls in this area. However, there is a problem and it is that now she is on an expedition with my father in sholazar basin. If you don’t mind making such a trip, I will gladly give you its location.','','','','Come back Hemet Nesingwary Father ','0','0','0','0','0','0','0','0','0','0','0','0','0','0','0','0','100607','0','0','0','0','0','1','0','0','0','0','0','0','0','0','0','0',NULL,NULL,NULL,NULL,'0','0','0','0','0','0','0','0','0','0','0','0','0','0','0','0','','','','','890','878','1','0','0','0','0','0','0','0','6','5','4','0','0','0','0','0','0','0','0','0','15595'),
('15003','2',NULL,'Fixed','85','85','0','3711','0','0','0','0','0','0','0','0','0','0','0','0','0','0','0','15002','15004','0','15004','0','50000','50000','0','0','0','0','0','0','100607','1','0','0','0','0','0','0','0','0','0','0','0','0','0','0','0','0','0','0','0','0','0','0','0','0','0','0','0','0','0','0','0','0','0','0','0','0','0','0','0','0','0','0','0','0','0','0','0','0','0','0','0','0','Eva Cantwell Obsession','Meet Eva Cantwell at glimmering pillar in Sholazar Basin ','it’s nice to see you again, it´s been a long time since last meeting, I know that you are looking for Eva Ladobien, I got a letter from my son before you got here. Apparently it is quite urgent, but I’m sorry to tell you that she isn´t here, she is obsessed with jewelry and went close to the Glimmering Pillar in search of crystals in order to fill her luxurious collection. I wish you luck with it.','','','','Talk to Eva Cantwell','0','0','0','0','0','0','0','0','0','0','0','0','0','0','0','0','100607','0','0','0','0','0','1','0','0','0','0','0','0','0','0','0','0','Talk to Eva Cantwell',NULL,NULL,NULL,'0','0','0','0','0','0','0','0','0','0','0','0','0','0','0','0','','','','','890','878','1','0','0','0','0','0','0','0','6','5','4','0','0','0','0','0','0','0','0','0','15595'),
('15004','2',NULL,'Fixed','85','85','0','3711','0','0','0','0','0','0','0','0','0','0','0','0','0','0','0','15003','15005','0','15005','0','50000','50000','0','0','0','0','0','0','100607','1','0','0','0','0','0','0','0','0','0','0','0','0','0','0','0','0','0','0','0','0','0','0','0','0','0','0','0','0','0','0','0','0','0','0','0','0','0','0','0','0','0','0','0','0','0','0','0','0','0','0','0','0','A Giant Rock','Get a piece of Moon Crystal.','And you, who do you think you are? Hemet sent you? Tell me something!$b$b<You show her the troll scroll>$b$bSo are you looking for my help. It looks like you are the one who know how to get what you want. The point is that my help is a little bit expensive, how much? You wonder, well… my eyesight sharpens a lot with a huge piece of moon crystal in my hands, go to the top, bring me one and I will translate this scroll for you so we both have what we want, I want a nice necklace.','','','','Talk to Eva Cantwell','0','0','0','0','0','0','0','0','0','0','0','0','0','0','0','0','100608','100607','0','0','0','0','1','1','0','0','0','0','0','0','0','0','0','Piece of Moon Crystal',NULL,NULL,NULL,'0','0','0','0','0','0','0','0','0','0','0','0','0','0','0','0','','','','','890','878','1','0','0','0','0','0','0','0','6','5','4','0','0','0','0','0','0','0','0','0','15595'),
('15005','2',NULL,'Fixed','85','85','0','33','0','0','0','0','0','0','0','0','0','0','0','0','0','0','0','15004','15006','0','15006','0','50000','50000','0','0','0','0','0','0','0','0','0','0','0','0','0','0','0','0','0','0','0','0','0','0','0','0','0','0','0','0','0','0','0','0','0','0','0','0','0','0','0','0','0','0','0','0','0','0','0','0','0','0','0','0','0','0','0','0','0','0','0','0','Important News','Come back with Hemet Nesingwary Jr at stranglethorn valley ','Thanks for your help stranger, you did not show up i´ll assume that you are in a rush. Gimme the scroll$b$b<Eva reads it aloud>$b$bImportant announcement!$b$bGreat troll cooking contest$b$bwe inform the whole city of zul´gurub that our fame as best chefs will be put in test with “the great contest” we will invite the greatest chefs in the world to delight us with delicious food. We hope they have delicious ingredients we don’t just want salads, also all dishes that contains ORC or Human Meat will be prohibited because those are boring ingredients. The winner of the cooking contest will be awarded with the blessing of Hakkar and a very rare kind of fish.$b$b<Eva Concludes>$b$bso it says, just written in disorder. You know that trolls talk a little weird.$b$b I see it´s not what you expected… Ha! At least you made me a happier girl.$b$bSee you later.','','','','Come back Hemet Nesingwary Jr','0','0','0','0','0','0','0','0','0','0','0','0','0','0','0','0','0','0','0','0','0','0','0','0','0','0','0','0','0','0','0','0','0',NULL,NULL,NULL,NULL,'0','0','0','0','0','0','0','0','0','0','0','0','0','0','0','0','','','','','890','878','1','0','0','0','0','0','0','0','6','5','4','0','0','0','0','0','0','0','0','0','15595'),
('15006','2',NULL,'Fixed','85','85','0','33','0','0','0','0','0','0','0','0','0','0','0','0','0','0','0','15005','15007','0','15007','0','50000','50000','0','0','0','0','0','0','0','0','0','0','0','0','0','0','0','0','0','0','0','0','0','0','0','0','0','0','0','0','0','0','0','0','0','0','0','0','0','0','0','0','0','0','0','0','0','0','0','0','0','0','0','0','0','0','0','0','0','0','0','0','Crazz hawkeye','Meet crazz hawkeye ','I see that everything was a waste of time. At least we know that trolls are bored of eating human/orcs, I guess that´s good news. In booty bay my men saw crazz hawkeye arrive, the best hunter in the world. If he is here the rumor of our “legendary beast” must be true.$b$bAccording to what the pirates in booty bay  told us, Crazz and his hunters are in a camp somewhere in the deep jungle looking for the legendary beast. $b$bI would like to stay with you but i´m a bit old for this. You will have to look for them on your own, I trust you have innate tracker skills, hope you can find them.','','','','Come back Crazz hawkeye','0','0','0','0','0','0','0','0','0','0','0','0','0','0','0','0','0','0','0','0','0','0','0','0','0','0','0','0','0','0','0','0','0',NULL,NULL,NULL,NULL,'0','0','0','0','0','0','0','0','0','0','0','0','0','0','0','0','','','','','890','878','1','0','0','0','0','0','0','0','6','5','4','0','0','0','0','0','0','0','0','0','15595'),
('15007','2',NULL,'Fixed','85','85','0','33','0','0','0','0','0','0','0','0','0','0','0','0','0','0','0','15006','15008','0','15008','0','50000','50000','0','0','0','0','0','0','0','0','0','0','0','0','0','0','0','0','0','0','0','0','0','0','0','0','0','0','0','0','0','0','0','0','0','0','0','0','0','0','0','0','0','0','0','0','0','0','0','0','0','0','0','0','0','0','0','0','0','0','0','0','A Hard Bone To Crack','Get a Bottle of Dalaran Noir','I hope you bring something to drink, I’ve been here for hours, my men died and I’m almost out of ammunition, for a moment I thought I would have to hit them with my own hands.$b$bI don’t know who you are and I don’t care either. Just I saw a beast like no other, it pounced on my men with enormous ferocity, that was impressive. It finishes them one by one as if they were nothing. his skin was harder than metal and his eyes are red as the flames of hell, our bullets can´t make any damage on him, when he threw himself on me I took my knife and I get to wound him… or at least I think so, I could barely scare him away. $b$bSadly, his attack broke my arm so this ends here for me. I can’t admit when I have lost, maybe you will have more luck.$b$bI’ll tell you where it went if you give me a bottle of pinnot noir, that nixxrax filledglass took the last bottle that I had and he threw it into the sea.','','','','Come back Crazz hawkeye','0','0','0','0','0','0','0','0','0','0','0','0','0','0','0','0','2723','0','0','0','0','0','1','0','0','0','0','0','0','0','0','0','0','Bottle of Dalaran Noir',NULL,NULL,NULL,'0','0','0','0','0','0','0','0','0','0','0','0','0','0','0','0','','','','','890','878','1','0','0','0','0','0','0','0','6','5','4','0','0','0','0','0','0','0','0','0','15595'),
('15008','2',NULL,'Fixed','85','85','0','33','0','0','0','0','0','0','0','0','0','0','0','0','0','0','0','15007','15009','0','15009','0','50000','50000','0','0','0','0','0','0','0','0','0','0','0','0','0','0','0','0','0','0','0','0','0','0','0','0','0','0','0','0','0','0','0','0','0','0','0','0','0','0','0','0','0','0','0','0','0','0','0','0','0','0','0','0','0','0','0','0','0','0','0','0','A Drink And A Tip','meet Mihawk the legendary beast','Thanks buddy for this great drink praised be the coincidences, you just had one of these bottles, it would have been a shame to have made you go for thousands and thousands of miles from here.$b$b<Crazz  drink a bit from the bottle>$b$b This will ease the pain a bit while I regain my strength to get out of here. Before I tell you where our prey went I will give you some advice: you are looking for a legendary beast wild like no other no matter what you do prepare for the fiercest battle of your life.$b$bWhen the animal fled I saw it run towards the north east of here, if I wound it you may have a chance.','','','','meet Mihawk the legendary beast','0','0','0','0','0','0','0','0','0','0','0','0','0','0','0','0','0','0','0','0','0','0','0','0','0','0','0','0','0','0','0','0','0','Mihawk the legendary beast',NULL,NULL,NULL,'0','0','0','0','0','0','0','0','0','0','0','0','0','0','0','0','','','','','890','878','1','0','0','0','0','0','0','0','6','5','4','0','0','0','0','0','0','0','0','0','15595'),
('15009','2',NULL,'Fixed','85','85','0','33','0','0','0','0','0','0','0','0','0','0','0','0','0','0','0','15008','15010','0','15010','0','50000','50000','0','0','0','0','0','0','0','0','0','0','0','0','0','0','0','0','0','0','0','0','0','0','0','0','0','0','0','0','0','0','0','0','0','0','0','0','0','0','0','0','0','0','0','0','0','0','0','0','0','0','0','0','0','0','0','0','0','0','0','0','Milhawk The Legendary Beast','Get 20 runecloth bandage to save Milhawk ','¡Nooooooo! Don’t hurt him, is my friend. Some mad hunters were too close and Milhawk Thought they want to hurt me, that’s why he attacked them and I had to run out of there. They were shooting! Now Milhawk is hurt and don’t know what to do, he is very good, he would never hurt anyone please help me in order to save his life.','','','','Return with Jaga','0','0','0','0','0','0','0','0','0','0','0','0','0','0','0','0','14529','0','0','0','0','0','20','0','0','0','0','0','0','0','0','0','0',NULL,NULL,NULL,NULL,'0','0','0','0','0','0','0','0','0','0','0','0','0','0','0','0','','','','','890','878','1','0','0','0','0','0','0','0','6','5','4','0','0','0','0','0','0','0','0','0','15595'),
('15010','2',NULL,'Fixed','85','85','0','33','0','0','0','0','0','0','0','0','0','0','0','0','0','0','0','15009','0','0','0','0','50000','50000','0','0','0','0','0','0','0','0','0','4224','0','0','0','0','0','0','0','0','0','0','0','100609','0','0','0','1','0','0','0','0','0','0','0','0','0','0','0','0','0','0','0','0','0','0','0','0','0','0','0','0','0','0','0','0','0','0','0','0','0','0','Like a kitten','Get 20 Mountain Trout for Milhawk ','looks like he is getting better, although I don’t think he can feed himself, we have to take care of him for a while until he completely gets better. Fortunately, I know what he enjoys the most and it make feels him like new soon.','','','','Return with Jaga','0','0','0','0','0','0','0','0','0','0','0','0','0','0','0','0','53063','0','0','0','0','0','20','0','0','0','0','0','0','0','0','0','0',NULL,NULL,NULL,NULL,'0','0','0','0','0','0','0','0','0','0','0','0','0','0','0','0','','','','','890','878','1','0','0','0','0','0','0','0','6','5','4','0','0','0','0','0','0','0','0','0','15595'),
('15011','2',NULL,'Fixed','85','85','0','33','0','0','0','0','0','0','0','0','0','0','0','0','0','0','0','15009','0','0','0','0','50000','50000','0','0','0','0','0','0','0','0','0','4224','0','0','0','0','0','0','0','0','0','0','0','100609','0','0','0','1','0','0','0','0','0','0','0','0','0','0','0','0','0','0','0','0','0','0','0','0','0','0','0','0','0','0','0','0','0','0','0','0','0','0','Like a kitten','Get 20 Dragon Flank for Milhawk ','looks like he is getting better, although I don’t think he can feed himself, we have to take care of him for a while until he completely gets better. Fortunately, I know what he enjoys the most and it make feels him like new soon.','','','','Return with Jaga','0','0','0','0','0','0','0','0','0','0','0','0','0','0','0','0','62782','0','0','0','0','0','20','0','0','0','0','0','0','0','0','0','0',NULL,NULL,NULL,NULL,'0','0','0','0','0','0','0','0','0','0','0','0','0','0','0','0','','','','','890','878','1','0','0','0','0','0','0','0','6','5','4','0','0','0','0','0','0','0','0','0','15595'),
('15012','2',NULL,'Fixed','85','85','0','33','0','0','0','0','0','0','0','0','0','0','0','0','0','0','0','15009','0','0','0','0','50000','50000','0','0','0','0','0','0','0','0','0','4224','0','0','0','0','0','0','0','0','0','0','0','100609','0','0','0','1','0','0','0','0','0','0','0','0','0','0','0','0','0','0','0','0','0','0','0','0','0','0','0','0','0','0','0','0','0','0','0','0','0','0','Like a kitten','Get 20 frostweave bandages for Milhawk ','Milhawk seems like you! He is already much better but it’s time to change his bandages, some days have passed and I want him to feel more comfortable and clean.','','','','Return with Jaga','0','0','0','0','0','0','0','0','0','0','0','0','0','0','0','0','34721','0','0','0','0','0','20','0','0','0','0','0','0','0','0','0','0',NULL,NULL,NULL,NULL,'0','0','0','0','0','0','0','0','0','0','0','0','0','0','0','0','','','','','890','878','1','0','0','0','0','0','0','0','6','5','4','0','0','0','0','0','0','0','0','0','15595'),
('15013','2',NULL,'Fixed','85','85','0','33','0','0','0','0','0','0','0','0','0','0','0','0','0','0','0','15009','0','0','0','0','50000','50000','0','0','0','0','0','0','0','0','0','4224','0','0','0','0','0','0','0','0','0','0','0','100609','0','0','0','1','0','0','0','0','0','0','0','0','0','0','0','0','0','0','0','0','0','0','0','0','0','0','0','0','0','0','0','0','0','0','0','0','0','0','Like a kitten','Get 20 Highland Guppy for Milhawk ','looks like he is getting better, although I don’t think he can feed himself, we have to take care of him for a while until he completely gets better. Fortunately, I know what he enjoys the most and it make feels him like new soon.','','','','Return with Jaga','0','0','0','0','0','0','0','0','0','0','0','0','0','0','0','0','53064','0','0','0','0','0','20','0','0','0','0','0','0','0','0','0','0',NULL,NULL,NULL,NULL,'0','0','0','0','0','0','0','0','0','0','0','0','0','0','0','0','','','','','890','878','1','0','0','0','0','0','0','0','6','5','4','0','0','0','0','0','0','0','0','0','15595'),
('15014','2',NULL,'Fixed','85','85','0','33','0','0','0','0','0','0','0','0','0','0','0','0','0','0','0','15009','0','0','0','0','50000','50000','0','0','0','0','0','0','0','0','0','4224','0','0','0','0','0','0','0','0','0','0','0','100609','0','0','0','1','0','0','0','0','0','0','0','0','0','0','0','0','0','0','0','0','0','0','0','0','0','0','0','0','0','0','0','0','0','0','0','0','0','0','Like a kitten','Get 20 Blood Shrimp for Milhawk ','It looks like it will be the last time we will have to feed him, Milhawk is very strong! I knew he was going to be ok soon.','','','','Return with Jaga','0','0','0','0','0','0','0','0','0','0','0','0','0','0','0','0','62791','0','0','0','0','0','20','0','0','0','0','0','0','0','0','0','0',NULL,NULL,NULL,NULL,'0','0','0','0','0','0','0','0','0','0','0','0','0','0','0','0','','','','','890','878','1','0','0','0','0','0','0','0','6','5','4','0','0','0','0','0','0','0','0','0','15595'),
('15015','2',NULL,'Fixed','85','85','0','33','0','0','0','0','0','0','0','0','0','0','0','0','0','0','0','15009','0','0','0','0','50000','50000','0','0','0','0','0','0','0','0','0','0','0','0','0','0','0','0','0','0','0','0','0','19902','0','0','0','1','0','0','0','0','0','0','0','0','0','0','0','0','0','0','0','0','0','0','0','0','0','0','0','0','0','0','0','0','0','0','0','0','0','0','Mihawk',NULL,'Milhawk is already much better! Good thing because my parents and me have to go, we were invited to the Zul´ Gurub chef´s contest, my father was looking for a good ingredient to cook with, so I better go with him before he thinks about cooking Milhawk besides, I think he likes you so much, you can watch it in his sun colored eyes the desire he has to be by your side, I know you are going to treat him well and I hope you have many adventures. ','','','','Talk to Mihawk','0','0','0','0','0','0','0','0','0','0','0','0','0','0','0','0','100609','0','0','0','0','0','5','0','0','0','0','0','0','0','0','0','0',NULL,NULL,NULL,NULL,'0','0','0','0','0','0','0','0','0','0','0','0','0','0','0','0','','','','','890','878','1','0','0','0','0','0','0','0','6','5','4','0','0','0','0','0','0','0','0','0','15595');

-- Traducciones de las misiones
DELETE FROM `locales_quest`  WHERE Id IN (15000, 15001, 15002, 15003, 15004, 15005, 15006, 15007, 15008, 15009, 15010, 15011, 15012, 15013, 15014, 15015);
INSERT INTO `locales_quest` (`Id`, `Title_loc1`, `Title_loc2`, `Title_loc3`, `Title_loc4`, `Title_loc5`, `Title_loc6`, `Title_loc7`, `Title_loc8`, `Details_loc1`, `Details_loc2`, `Details_loc3`, `Details_loc4`, `Details_loc5`, `Details_loc6`, `Details_loc7`, `Details_loc8`, `Objectives_loc1`, `Objectives_loc2`, `Objectives_loc3`, `Objectives_loc4`, `Objectives_loc5`, `Objectives_loc6`, `Objectives_loc7`, `Objectives_loc8`, `OfferRewardText_loc1`, `OfferRewardText_loc2`, `OfferRewardText_loc3`, `OfferRewardText_loc4`, `OfferRewardText_loc5`, `OfferRewardText_loc6`, `OfferRewardText_loc7`, `OfferRewardText_loc8`, `RequestItemsText_loc1`, `RequestItemsText_loc2`, `RequestItemsText_loc3`, `RequestItemsText_loc4`, `RequestItemsText_loc5`, `RequestItemsText_loc6`, `RequestItemsText_loc7`, `RequestItemsText_loc8`, `EndText_loc1`, `EndText_loc2`, `EndText_loc3`, `EndText_loc4`, `EndText_loc5`, `EndText_loc6`, `EndText_loc7`, `EndText_loc8`, `CompletedText_loc1`, `CompletedText_loc2`, `CompletedText_loc3`, `CompletedText_loc4`, `CompletedText_loc5`, `CompletedText_loc6`, `CompletedText_loc7`, `CompletedText_loc8`, `ObjectiveText1_loc1`, `ObjectiveText1_loc2`, `ObjectiveText1_loc3`, `ObjectiveText1_loc4`, `ObjectiveText1_loc5`, `ObjectiveText1_loc6`, `ObjectiveText1_loc7`, `ObjectiveText1_loc8`, `ObjectiveText2_loc1`, `ObjectiveText2_loc2`, `ObjectiveText2_loc3`, `ObjectiveText2_loc4`, `ObjectiveText2_loc5`, `ObjectiveText2_loc6`, `ObjectiveText2_loc7`, `ObjectiveText2_loc8`, `ObjectiveText3_loc1`, `ObjectiveText3_loc2`, `ObjectiveText3_loc3`, `ObjectiveText3_loc4`, `ObjectiveText3_loc5`, `ObjectiveText3_loc6`, `ObjectiveText3_loc7`, `ObjectiveText3_loc8`, `ObjectiveText4_loc1`, `ObjectiveText4_loc2`, `ObjectiveText4_loc3`, `ObjectiveText4_loc4`, `ObjectiveText4_loc5`, `ObjectiveText4_loc6`, `ObjectiveText4_loc7`, `ObjectiveText4_loc8`, `QuestGiverTextWindow_loc1`, `QuestGiverTextWindow_loc2`, `QuestGiverTextWindow_loc3`, `QuestGiverTextWindow_loc4`, `QuestGiverTextWindow_loc5`, `QuestGiverTextWindow_loc6`, `QuestGiverTextWindow_loc7`, `QuestGiverTextWindow_loc8`, `QuestGiverTargetName_loc1`, `QuestGiverTargetName_loc2`, `QuestGiverTargetName_loc3`, `QuestGiverTargetName_loc4`, `QuestGiverTargetName_loc5`, `QuestGiverTargetName_loc6`, `QuestGiverTargetName_loc7`, `QuestGiverTargetName_loc8`, `QuestTurnTextWindow_loc1`, `QuestTurnTextWindow_loc2`, `QuestTurnTextWindow_loc3`, `QuestTurnTextWindow_loc4`, `QuestTurnTextWindow_loc5`, `QuestTurnTextWindow_loc6`, `QuestTurnTextWindow_loc7`, `QuestTurnTextWindow_loc8`, `QuestTurnTargetName_loc1`, `QuestTurnTargetName_loc2`, `QuestTurnTargetName_loc3`, `QuestTurnTargetName_loc4`, `QuestTurnTargetName_loc5`, `QuestTurnTargetName_loc6`, `QuestTurnTargetName_loc7`, `QuestTurnTargetName_loc8`) 
VALUES('15000',NULL,NULL,NULL,NULL,NULL,'Algo muy poco común','Algo muy poco común',NULL,NULL,NULL,NULL,NULL,NULL,'Algo muy raro está pasando por aquí, créeme. Por eso te he llamado tan pronto. Los trolls de Zul gurub se han estado portando muy extraño desde hace un par de días y he visto a muchos cazadores llegar a Bahía del botín. Uno de mis muchachos me dijo que fue por un rumor: una legendaria criatura fue avistada por los alrededores, pero no hemos tenido mucha suerte con la información. Además, los animales han estado atacando a mis cazadores mucho más de lo habitual.$b$bSi me ayudas un poco con los animales que atacan mi campamento, podría enviar a uno de mis hombres para que obtenga más información.','Algo muy raro está pasando por aquí, créeme. Por eso te he llamado tan pronto. Los trolls de Zul gurub se han estado portando muy extraño desde hace un par de días y he visto a muchos cazadores llegar a Bahía del botín. Uno de mis muchachos me dijo que fue por un rumor: una legendaria criatura fue avistada por los alrededores, pero no hemos tenido mucha suerte con la información. Además, los animales han estado atacando a mis cazadores mucho más de lo habitual.$b$bSi me ayudas un poco con los animales que atacan mi campamento, podría enviar a uno de mis hombres para que obtenga más información.',NULL,NULL,NULL,NULL,NULL,NULL,'Mata 10 Basilisco Espina de Cristal, Mata 10 Raptor de Tuercespina, Mata 10 Gorila Velo de Gruma Anciano y Mata 10 Tigresas de Tuercespina','Mata 10 Basilisco Espina de Cristal, Mata 10 Raptor de Tuercespina, Mata 10 Gorila Velo de Gruma Anciano y Mata 10 Tigresas de Tuercespina',NULL,NULL,NULL,NULL,NULL,NULL,NULL,NULL,NULL,NULL,NULL,NULL,NULL,NULL,NULL,NULL,NULL,NULL,NULL,NULL,NULL,NULL,NULL,NULL,NULL,NULL,NULL,NULL,NULL,NULL,'Regresa con Hemet Nesingwary Jr','Regresa con Hemet Nesingwary Jr',NULL,NULL,NULL,NULL,NULL,NULL,'Basilisco Espina de Cristal','Basilisco Espina de Cristal',NULL,NULL,NULL,NULL,NULL,NULL,'Raptor de Tuercespina','Raptor de Tuercespina',NULL,NULL,NULL,NULL,NULL,NULL,'Gorila Velo de Gruma Anciano','Gorila Velo de Gruma Anciano',NULL,NULL,NULL,NULL,NULL,NULL,'Tigresas de Tuercespina','Tigresas de Tuercespina',NULL,NULL,NULL,NULL,NULL,NULL,NULL,NULL,NULL,NULL,NULL,NULL,NULL,NULL,NULL,NULL,NULL,NULL,NULL,NULL,NULL,NULL,NULL,NULL,NULL,NULL,NULL,NULL,NULL,NULL,NULL,NULL,NULL),
('15001',NULL,NULL,NULL,NULL,NULL,'En busca de información','En busca de información',NULL,NULL,NULL,NULL,NULL,NULL,'Ya he enviado a varios de mis hombres a conseguir información, esperemos que encuentren algo útil pronto. Por cierto, gracias por tu ayuda. $b$bLos animales han enloquecido, pienso que tiene algo que ver con nuestro “animal legendario”. En lo personal, creo que los que pueden tener mayor información al respecto, son algunos de los cazadores que han llegado o los trolls nativos.  Sería bueno que intentaras hablar con alguno de ellos, tal vez puedas obtener información de utilidad.','Ya he enviado a varios de mis hombres a conseguir información, esperemos que encuentren algo útil pronto. Por cierto, gracias por tu ayuda. $b$bLos animales han enloquecido, pienso que tiene algo que ver con nuestro “animal legendario”. En lo personal, creo que los que pueden tener mayor información al respecto, son algunos de los cazadores que han llegado o los trolls nativos.  Sería bueno que intentaras hablar con alguno de ellos, tal vez puedas obtener información de utilidad.',NULL,NULL,NULL,NULL,NULL,NULL,'Obtén algo de información con los cazadores de bahía del botín o los trolis de Zul gurub','Obtén algo de información con los cazadores de bahía del botín o los trolis de Zul gurub',NULL,NULL,NULL,NULL,NULL,NULL,NULL,NULL,NULL,NULL,NULL,NULL,NULL,NULL,NULL,NULL,NULL,NULL,NULL,NULL,NULL,NULL,NULL,NULL,NULL,NULL,NULL,NULL,NULL,NULL,'Regresa con Hemet Nesingwary Jr','Regresa con Hemet Nesingwary Jr',NULL,NULL,NULL,NULL,NULL,NULL,'Pergamino Troll Importante','Pergamino Troll Importante',NULL,NULL,NULL,NULL,NULL,NULL,NULL,NULL,NULL,NULL,NULL,NULL,NULL,NULL,NULL,NULL,NULL,NULL,NULL,NULL,NULL,NULL,NULL,NULL,NULL,NULL,NULL,NULL,NULL,NULL,NULL,NULL,NULL,NULL,NULL,NULL,NULL,NULL,NULL,NULL,NULL,NULL,NULL,NULL,NULL,NULL,NULL,NULL,NULL,NULL,NULL,NULL,NULL,NULL,NULL,NULL,NULL),
('15002',NULL,NULL,NULL,NULL,NULL,'No es mi fuerte','No es mi fuerte',NULL,NULL,NULL,NULL,NULL,NULL,'Te diría que tienes suerte, pero sabía que eras mejor que yo buscando información. Mis muchachos aún están investigando, si tienen alguna noticia nos informaran inmediatamente. Pero, por ahora, déjame ver qué fue lo que encontraste.$b$bHemet JR toma la carta y la lee- ... ¡¿Qué es esto?$b$b<parece bastante sorprendido>$b$bTengo algo que decirte: el idioma de los trolls no es mi fuerte, solo entiendo un par de cosas y no tienen mucho sentido, a menos que realmente estemos hablando de una “ensalada come hombres” Jajaja.$b$bDebes consultar a Eva Ladobien, es la especialista de los trolls de esta zona. Sin embargo, hay un problema y es que ahora ella se encuentra en una expedición con mi padre en cuenca de solazar. Si no te importa realizar semejante viaje, con gusto te daré su ubicación.','Te diría que tienes suerte, pero sabía que eras mejor que yo buscando información. Mis muchachos aún están investigando, si tienen alguna noticia nos informaran inmediatamente. Pero, por ahora, déjame ver qué fue lo que encontraste.$b$bHemet JR toma la carta y la lee- ... ¡¿Qué es esto?$b$b<parece bastante sorprendido>$b$bTengo algo que decirte: el idioma de los trolls no es mi fuerte, solo entiendo un par de cosas y no tienen mucho sentido, a menos que realmente estemos hablando de una “ensalada come hombres” Jajaja.$b$bDebes consultar a Eva Ladobien, es la especialista de los trolls de esta zona. Sin embargo, hay un problema y es que ahora ella se encuentra en una expedición con mi padre en cuenca de solazar. Si no te importa realizar semejante viaje, con gusto te daré su ubicación.',NULL,NULL,NULL,NULL,NULL,NULL,'Encuéntrate con Hemet Nesingwary padre en Cuenca de Solazar','Encuéntrate con Hemet Nesingwary padre en Cuenca de Solazar',NULL,NULL,NULL,NULL,NULL,NULL,NULL,NULL,NULL,NULL,NULL,NULL,NULL,NULL,NULL,NULL,NULL,NULL,NULL,NULL,NULL,NULL,NULL,NULL,NULL,NULL,NULL,NULL,NULL,NULL,'Regresa con Hemet Nesingwary Padre','Regresa con Hemet Nesingwary Padre',NULL,NULL,NULL,NULL,NULL,NULL,'Hemet Nesingwary Padre','Hemet Nesingwary Padre',NULL,NULL,NULL,NULL,NULL,NULL,NULL,NULL,NULL,NULL,NULL,NULL,NULL,NULL,NULL,NULL,NULL,NULL,NULL,NULL,NULL,NULL,NULL,NULL,NULL,NULL,NULL,NULL,NULL,NULL,NULL,NULL,NULL,NULL,NULL,NULL,NULL,NULL,NULL,NULL,NULL,NULL,NULL,NULL,NULL,NULL,NULL,NULL,NULL,NULL,NULL,NULL,NULL,NULL,NULL,NULL,NULL),
('15003',NULL,NULL,NULL,NULL,NULL,'La obsesión de Eva Ladobien','La obsesión de Eva Ladobien',NULL,NULL,NULL,NULL,NULL,NULL,'Es un gusto volver a verte, ha pasado bastante tiempo desde que nos vimos por última vez. Sé que buscas a Eva Ladobien, recibí una carta de mi hijo antes de que llegaras aquí. Por lo visto es bastante urgente, pero lamento decirte que ella no está aquí; está obsesionada con las joyas y fue cerca al pilar iluminado en busca de cristales que complementen su lujosa colección. Te deseo suerte con ella.','Es un gusto volver a verte, ha pasado bastante tiempo desde que nos vimos por última vez. Sé que buscas a Eva Ladobien, recibí una carta de mi hijo antes de que llegaras aquí. Por lo visto es bastante urgente, pero lamento decirte que ella no está aquí; está obsesionada con las joyas y fue cerca al pilar iluminado en busca de cristales que complementen su lujosa colección. Te deseo suerte con ella.',NULL,NULL,NULL,NULL,NULL,NULL,'Encuentra a Eva Ladobien junto al pilar iluminado en cuenca de solazar','Encuentra a Eva Ladobien junto al pilar iluminado en cuenca de solazar',NULL,NULL,NULL,NULL,NULL,NULL,NULL,NULL,NULL,NULL,NULL,NULL,NULL,NULL,NULL,NULL,NULL,NULL,NULL,NULL,NULL,NULL,NULL,NULL,NULL,NULL,NULL,NULL,NULL,NULL,'Habla con Eva Ladobien','Habla con Eva Ladobien',NULL,NULL,NULL,NULL,NULL,NULL,'Habla con Eva Ladobien','Habla con Eva Ladobien',NULL,NULL,NULL,NULL,NULL,NULL,NULL,NULL,NULL,NULL,NULL,NULL,NULL,NULL,NULL,NULL,NULL,NULL,NULL,NULL,NULL,NULL,NULL,NULL,NULL,NULL,NULL,NULL,NULL,NULL,NULL,NULL,NULL,NULL,NULL,NULL,NULL,NULL,NULL,NULL,NULL,NULL,NULL,NULL,NULL,NULL,NULL,NULL,NULL,NULL,NULL,NULL,NULL,NULL,NULL,NULL,NULL),
('15004',NULL,NULL,NULL,NULL,NULL,'Una piedra enorme','Una piedra enorme',NULL,NULL,NULL,NULL,NULL,NULL,'¿Y tú quién te crees? ¿Hemet te envió? ¡dime algo!$b$B<Le muestras el pergamino troll> $b$bYa veo, buscas mi ayuda. Se ve que eres alguien que sabe cómo conseguir lo que quiere. El asunto, es que mi ayuda es un tanto costosa, ¿qué tanto? Te preguntaras, pues...la vista se me agudiza bastante con una enorme pieza de cristal lunar en mis manos, ve a la cima, tráeme una y traduciré esto para ti. Así ambos tendremos lo que queremos; quiero un bonito collar.','¿Y tú quién te crees? ¿Hemet te envió? ¡dime algo!$b$B<Le muestras el pergamino troll> $b$bYa veo, buscas mi ayuda. Se ve que eres alguien que sabe cómo conseguir lo que quiere. El asunto, es que mi ayuda es un tanto costosa, ¿qué tanto? Te preguntaras, pues...la vista se me agudiza bastante con una enorme pieza de cristal lunar en mis manos, ve a la cima, tráeme una y traduciré esto para ti. Así ambos tendremos lo que queremos; quiero un bonito collar.',NULL,NULL,NULL,NULL,NULL,NULL,'Obtén una pieza de cristal lunar.','Obtén una pieza de cristal lunar.',NULL,NULL,NULL,NULL,NULL,NULL,NULL,NULL,NULL,NULL,NULL,NULL,NULL,NULL,NULL,NULL,NULL,NULL,NULL,NULL,NULL,NULL,NULL,NULL,NULL,NULL,NULL,NULL,NULL,NULL,'Habla con Eva Ladobien','Habla con Eva Ladobien',NULL,NULL,NULL,NULL,NULL,NULL,'Pieza de Cristal Lunar','Pieza de Cristal Lunar',NULL,NULL,NULL,NULL,NULL,NULL,NULL,NULL,NULL,NULL,NULL,NULL,NULL,NULL,NULL,NULL,NULL,NULL,NULL,NULL,NULL,NULL,NULL,NULL,NULL,NULL,NULL,NULL,NULL,NULL,NULL,NULL,NULL,NULL,NULL,NULL,NULL,NULL,NULL,NULL,NULL,NULL,NULL,NULL,NULL,NULL,NULL,NULL,NULL,NULL,NULL,NULL,NULL,NULL,NULL,NULL,NULL),
('15005',NULL,NULL,NULL,NULL,NULL,'Noticias importantes','Noticias importantes',NULL,NULL,NULL,NULL,NULL,NULL,'Gracias por tu ayuda, extraño. No te presentaste, así que asumiré que llevas prisa. Dame el pergamino.$b$b<Eva lo lee en voz alta>$b$b¡Aviso importante!$b$bGran concurso de cocina troll $b$bInformamos a toda la ciudad de Zul Gurub que nuestra fama como los mejores cocineros será sometida a prueba con “el gran concurso”, invitaremos a los más grandes cocineros del mundo para que nos deleiten con deliciosos platillos. Esperamos tengan unos deliciosos ingredientes, no queremos solo ENSALADAS; también estarán prohibidos todos los platillos que tengan carne de ORCO o de HUMANO ya que estamos aburridos de esos ingredientes. El vencedor de la contienda de cocina será premiado con la bendición de HAKKAR y una muy rara clase de pez.$b$b<Eva concluye>$b$bEso dice, solo que escrito en desorden. Ya sabes, los trolls hablan un poco extraño. $b$bVeo que no es lo que esperabas... ¡Ha! Al menos hiciste feliz a una chica.$b$bTe veo luego.','Gracias por tu ayuda, extraño. No te presentaste, así que asumiré que llevas prisa. Dame el pergamino.$b$b<Eva lo lee en voz alta>$b$b¡Aviso importante!$b$bGran concurso de cocina troll $b$bInformamos a toda la ciudad de Zul Gurub que nuestra fama como los mejores cocineros será sometida a prueba con “el gran concurso”, invitaremos a los más grandes cocineros del mundo para que nos deleiten con deliciosos platillos. Esperamos tengan unos deliciosos ingredientes, no queremos solo ENSALADAS; también estarán prohibidos todos los platillos que tengan carne de ORCO o de HUMANO ya que estamos aburridos de esos ingredientes. El vencedor de la contienda de cocina será premiado con la bendición de HAKKAR y una muy rara clase de pez.$b$b<Eva concluye>$b$bEso dice, solo que escrito en desorden. Ya sabes, los trolls hablan un poco extraño. $b$bVeo que no es lo que esperabas... ¡Ha! Al menos hiciste feliz a una chica.$b$bTe veo luego.',NULL,NULL,NULL,NULL,NULL,NULL,'Vuelve a ver a Hemet Nesingwary Jr en vega de tuercespina.','Vuelve a ver a Hemet Nesingwary Jr en vega de tuercespina.',NULL,NULL,NULL,NULL,NULL,NULL,NULL,NULL,NULL,NULL,NULL,NULL,NULL,NULL,NULL,NULL,NULL,NULL,NULL,NULL,NULL,NULL,NULL,NULL,NULL,NULL,NULL,NULL,NULL,NULL,'Regresa con Hemet Nesingwary Jr','Regresa con Hemet Nesingwary Jr',NULL,NULL,NULL,NULL,NULL,NULL,NULL,NULL,NULL,NULL,NULL,NULL,NULL,NULL,NULL,NULL,NULL,NULL,NULL,NULL,NULL,NULL,NULL,NULL,NULL,NULL,NULL,NULL,NULL,NULL,NULL,NULL,NULL,NULL,NULL,NULL,NULL,NULL,NULL,NULL,NULL,NULL,NULL,NULL,NULL,NULL,NULL,NULL,NULL,NULL,NULL,NULL,NULL,NULL,NULL,NULL,NULL,NULL,NULL,NULL,NULL,NULL,NULL,NULL,NULL),
('15006',NULL,NULL,NULL,NULL,NULL,'Crazz ojo de halcón','Crazz ojo de halcón',NULL,NULL,NULL,NULL,NULL,NULL,'Veo que todo fue una pérdida de tiempo. Por lo menos sabemos que los trolls están aburridos de comer HUMANOS y ORCOS, supongo que esas son buenas noticias. En bahía del botín mis hombres vieron llegar a Crazz Ojo de Halcon, el mejor cazador del mundo. Si él está aquí debe ser cierto el rumor de nuestro “animal legendario”.$b$bSegún lo que nos dijeron los piratas en bahía del botín, Crazz y sus cazadores están en un campamento en alguna parte de la espesa jungla buscando a la bestia legendaria.$b$b Quisiera acompañarte, pero estoy un tanto viejo para esto. Tendrás que buscarlos por tu cuenta. Confío en que tienes habilidades innatas de rastreador, espero que puedas encontrarlos.','Veo que todo fue una pérdida de tiempo. Por lo menos sabemos que los trolls están aburridos de comer HUMANOS y ORCOS, supongo que esas son buenas noticias. En bahía del botín mis hombres vieron llegar a Crazz Ojo de Halcon, el mejor cazador del mundo. Si él está aquí debe ser cierto el rumor de nuestro “animal legendario”.$b$bSegún lo que nos dijeron los piratas en bahía del botín, Crazz y sus cazadores están en un campamento en alguna parte de la espesa jungla buscando a la bestia legendaria.$b$b Quisiera acompañarte, pero estoy un tanto viejo para esto. Tendrás que buscarlos por tu cuenta. Confío en que tienes habilidades innatas de rastreador, espero que puedas encontrarlos.',NULL,NULL,NULL,NULL,NULL,NULL,'Vuelve con Crazz ojo de halcón','Vuelve con Crazz ojo de halcón',NULL,NULL,NULL,NULL,NULL,NULL,NULL,NULL,NULL,NULL,NULL,NULL,NULL,NULL,NULL,NULL,NULL,NULL,NULL,NULL,NULL,NULL,NULL,NULL,NULL,NULL,NULL,NULL,NULL,NULL,'Encuentra a Crazz ojo de halcón','Encuentra a Crazz ojo de halcón',NULL,NULL,NULL,NULL,NULL,NULL,NULL,NULL,NULL,NULL,NULL,NULL,NULL,NULL,NULL,NULL,NULL,NULL,NULL,NULL,NULL,NULL,NULL,NULL,NULL,NULL,NULL,NULL,NULL,NULL,NULL,NULL,NULL,NULL,NULL,NULL,NULL,NULL,NULL,NULL,NULL,NULL,NULL,NULL,NULL,NULL,NULL,NULL,NULL,NULL,NULL,NULL,NULL,NULL,NULL,NULL,NULL,NULL,NULL,NULL,NULL,NULL,NULL,NULL,NULL),
('15007',NULL,NULL,NULL,NULL,NULL,'Un hueso duro de roer','Un hueso duro de roer',NULL,NULL,NULL,NULL,NULL,NULL,'Espero que traigas algo de beber contigo, llevo horas aquí. Mis hombres murieron y ya casi no tengo municiones, por un momento pensé que tendría que golpearlos con mis propias manos.$b$bNo sé quién eres, tampoco me interesa. Acabo de ver una bestia como ninguna otra, se abalanzo sobre mis hombres con una ferocidad enorme, fue impresionante. Los acabo uno a uno como si no fueran nada. Su piel era más gruesa que el metal y sus ojos rojos como el mismísimo infierno. Nuestras balas no le hacían nada, cuando se lanzó sobre mí tomé mi cuchillo y conseguí herirlo...o al menos eso creo, apenas si pude ahuyentarlo. $b$bLamentablemente su ataque rompió mi brazo, así que esto termina aquí para mí. Sé admitir cuando he perdido, tal vez tu tengas más suerte.$b$bTe diré por dónde se ha ido si me das una botella de Pinot noir, ese Nixxrax vasolleno tomo la última botella que tenía y la arrojo al mar.','Espero que traigas algo de beber contigo, llevo horas aquí. Mis hombres murieron y ya casi no tengo municiones, por un momento pensé que tendría que golpearlos con mis propias manos.$b$bNo sé quién eres, tampoco me interesa. Acabo de ver una bestia como ninguna otra, se abalanzo sobre mis hombres con una ferocidad enorme, fue impresionante. Los acabo uno a uno como si no fueran nada. Su piel era más gruesa que el metal y sus ojos rojos como el mismísimo infierno. Nuestras balas no le hacían nada, cuando se lanzó sobre mí tomé mi cuchillo y conseguí herirlo...o al menos eso creo, apenas si pude ahuyentarlo. $b$bLamentablemente su ataque rompió mi brazo, así que esto termina aquí para mí. Sé admitir cuando he perdido, tal vez tu tengas más suerte.$b$bTe diré por dónde se ha ido si me das una botella de Pinot noir, ese Nixxrax vasolleno tomo la última botella que tenía y la arrojo al mar.',NULL,NULL,NULL,NULL,NULL,NULL,'Consigue una Botella de Dalaran Noir','Consigue una Botella de Dalaran Noir',NULL,NULL,NULL,NULL,NULL,NULL,NULL,NULL,NULL,NULL,NULL,NULL,NULL,NULL,NULL,NULL,NULL,NULL,NULL,NULL,NULL,NULL,NULL,NULL,NULL,NULL,NULL,NULL,NULL,NULL,'Regresa con Crazz ojo de halcón','Regresa con Crazz ojo de halcón',NULL,NULL,NULL,NULL,NULL,NULL,'Botella de Dalaran Noir','Botella de Dalaran Noir',NULL,NULL,NULL,NULL,NULL,NULL,NULL,NULL,NULL,NULL,NULL,NULL,NULL,NULL,NULL,NULL,NULL,NULL,NULL,NULL,NULL,NULL,NULL,NULL,NULL,NULL,NULL,NULL,NULL,NULL,NULL,NULL,NULL,NULL,NULL,NULL,NULL,NULL,NULL,NULL,NULL,NULL,NULL,NULL,NULL,NULL,NULL,NULL,NULL,NULL,NULL,NULL,NULL,NULL,NULL,NULL,NULL),
('15008',NULL,NULL,NULL,NULL,NULL,'Un trago y un consejo','Un trago y un consejo',NULL,NULL,NULL,NULL,NULL,NULL,'Gracias, amigo, por esta gran bebida.  alabadas sean las casualidades, justamente tenías una de estas botellas encima. Hubiera sido una pena haberte hecho ir por una de ellas a miles y miles de kilómetros de aquí.$b$b<Crazz  bebe un trago de la botella>$b$bEsto calmará un poco el dolor mientras recupero mis fuerzas para largarme de aquí. Antes de decirte por dónde se fue nuestra presa, te daré un consejo: estas buscando un animal legendario, salvaje como ningún otro. Sin importar qué hagas, prepárate para el combate más fiero de tu vida.$b$bCuando el animal huyo lo vi correr hacia el Noreste de aquí, si conseguí herirlo es posible que tengas alguna oportunidad.','Gracias, amigo, por esta gran bebida.  alabadas sean las casualidades, justamente tenías una de estas botellas encima. Hubiera sido una pena haberte hecho ir por una de ellas a miles y miles de kilómetros de aquí.$b$b<Crazz  bebe un trago de la botella>$b$bEsto calmará un poco el dolor mientras recupero mis fuerzas para largarme de aquí. Antes de decirte por dónde se fue nuestra presa, te daré un consejo: estas buscando un animal legendario, salvaje como ningún otro. Sin importar qué hagas, prepárate para el combate más fiero de tu vida.$b$bCuando el animal huyo lo vi correr hacia el Noreste de aquí, si conseguí herirlo es posible que tengas alguna oportunidad.',NULL,NULL,NULL,NULL,NULL,NULL,'Encuentra a Mihawk, la bestia legendaria','Encuentra a Mihawk, la bestia legendaria',NULL,NULL,NULL,NULL,NULL,NULL,NULL,NULL,NULL,NULL,NULL,NULL,NULL,NULL,NULL,NULL,NULL,NULL,NULL,NULL,NULL,NULL,NULL,NULL,NULL,NULL,NULL,NULL,NULL,NULL,'Encuentra a Mihawk, la bestia legendaria','Encuentra a Mihawk, la bestia legendaria',NULL,NULL,NULL,NULL,NULL,NULL,'Mihawk, la bestia legendaria','Mihawk, la bestia legendaria',NULL,NULL,NULL,NULL,NULL,NULL,NULL,NULL,NULL,NULL,NULL,NULL,NULL,NULL,NULL,NULL,NULL,NULL,NULL,NULL,NULL,NULL,NULL,NULL,NULL,NULL,NULL,NULL,NULL,NULL,NULL,NULL,NULL,NULL,NULL,NULL,NULL,NULL,NULL,NULL,NULL,NULL,NULL,NULL,NULL,NULL,NULL,NULL,NULL,NULL,NULL,NULL,NULL,NULL,NULL,NULL,NULL),
('15009',NULL,NULL,NULL,NULL,NULL,'Mihawk, la bestia legendaria','Mihawk, la bestia legendaria',NULL,NULL,NULL,NULL,NULL,NULL,'¡Noooo! No lo lastimen, es mi amigo. Unos Cazadores malvados estaban muy cerca y Mihawk pensó que querían lastimarme, por eso los atacó y tuve que salir de ahí corriendo. ¡estaban disparando! Ahora Mihawk está herido y no sé qué hacer. Él es muy bueno, nunca le haría daño a nadie...por favor, ayúdame a salvarlo.','¡Noooo! No lo lastimen, es mi amigo. Unos Cazadores malvados estaban muy cerca y Mihawk pensó que querían lastimarme, por eso los atacó y tuve que salir de ahí corriendo. ¡estaban disparando! Ahora Mihawk está herido y no sé qué hacer. Él es muy bueno, nunca le haría daño a nadie...por favor, ayúdame a salvarlo.',NULL,NULL,NULL,NULL,NULL,NULL,'Consigue 20 vendas de tejido rúnico para curar a Mihawk','Consigue 20 vendas de tejido rúnico para curar a Mihawk',NULL,NULL,NULL,NULL,NULL,NULL,NULL,NULL,NULL,NULL,NULL,NULL,NULL,NULL,NULL,NULL,NULL,NULL,NULL,NULL,NULL,NULL,NULL,NULL,NULL,NULL,NULL,NULL,NULL,NULL,'Regresa con Jaga','Regresa con Jaga',NULL,NULL,NULL,NULL,NULL,NULL,NULL,NULL,NULL,NULL,NULL,NULL,NULL,NULL,NULL,NULL,NULL,NULL,NULL,NULL,NULL,NULL,NULL,NULL,NULL,NULL,NULL,NULL,NULL,NULL,NULL,NULL,NULL,NULL,NULL,NULL,NULL,NULL,NULL,NULL,NULL,NULL,NULL,NULL,NULL,NULL,NULL,NULL,NULL,NULL,NULL,NULL,NULL,NULL,NULL,NULL,NULL,NULL,NULL,NULL,NULL,NULL,NULL,NULL,NULL),
('15010',NULL,NULL,NULL,NULL,NULL,'Como un gatito','Como un gatito, parte #1',NULL,NULL,NULL,NULL,NULL,NULL,'Parece que está mejorando, aunque no creo que pueda alimentarse por sí solo. Tendremos que cuidarlo por un tiempo hasta que se sienta mejor. Afortunadamente, yo sé que es lo que más disfruta y lo hará estar como nuevo pronto.','Parece que está mejorando, aunque no creo que pueda alimentarse por sí solo. Tendremos que cuidarlo por un tiempo hasta que se sienta mejor. Afortunadamente, yo sé que es lo que más disfruta y lo hará estar como nuevo pronto.',NULL,NULL,NULL,NULL,NULL,NULL,'Consigue 20 Trucha de montaña para Mihawk','Consigue 20 Trucha de montaña para Mihawk',NULL,NULL,NULL,NULL,NULL,NULL,NULL,NULL,NULL,NULL,NULL,NULL,NULL,NULL,NULL,NULL,NULL,NULL,NULL,NULL,NULL,NULL,NULL,NULL,NULL,NULL,NULL,NULL,NULL,NULL,'Regresa con Jaga','Regresa con Jaga',NULL,NULL,NULL,NULL,NULL,NULL,NULL,NULL,NULL,NULL,NULL,NULL,NULL,NULL,NULL,NULL,NULL,NULL,NULL,NULL,NULL,NULL,NULL,NULL,NULL,NULL,NULL,NULL,NULL,NULL,NULL,NULL,NULL,NULL,NULL,NULL,NULL,NULL,NULL,NULL,NULL,NULL,NULL,NULL,NULL,NULL,NULL,NULL,NULL,NULL,NULL,NULL,NULL,NULL,NULL,NULL,NULL,NULL,NULL,NULL,NULL,NULL,NULL,NULL,NULL),
('15011',NULL,NULL,NULL,NULL,NULL,'Como un gatito','Como un gatito, parte #2',NULL,NULL,NULL,NULL,NULL,NULL,'Parece que está mejorando, aunque no creo que pueda alimentarse por sí solo. Tendremos que cuidarlo por un tiempo hasta que se sienta mejor. Afortunadamente, yo sé que es lo que más disfruta y lo hará estar como nuevo pronto.','Parece que está mejorando, aunque no creo que pueda alimentarse por sí solo. Tendremos que cuidarlo por un tiempo hasta que se sienta mejor. Afortunadamente, yo sé que es lo que más disfruta y lo hará estar como nuevo pronto.',NULL,NULL,NULL,NULL,NULL,NULL,'Consigue 20 Costillar de dragón para Mihawk','Consigue 20 Costillar de dragón para Mihawk',NULL,NULL,NULL,NULL,NULL,NULL,NULL,NULL,NULL,NULL,NULL,NULL,NULL,NULL,NULL,NULL,NULL,NULL,NULL,NULL,NULL,NULL,NULL,NULL,NULL,NULL,NULL,NULL,NULL,NULL,'Regresa con Jaga','Regresa con Jaga',NULL,NULL,NULL,NULL,NULL,NULL,NULL,NULL,NULL,NULL,NULL,NULL,NULL,NULL,NULL,NULL,NULL,NULL,NULL,NULL,NULL,NULL,NULL,NULL,NULL,NULL,NULL,NULL,NULL,NULL,NULL,NULL,NULL,NULL,NULL,NULL,NULL,NULL,NULL,NULL,NULL,NULL,NULL,NULL,NULL,NULL,NULL,NULL,NULL,NULL,NULL,NULL,NULL,NULL,NULL,NULL,NULL,NULL,NULL,NULL,NULL,NULL,NULL,NULL,NULL),
('15012',NULL,NULL,NULL,NULL,NULL,'Como un gatito','Como un gatito, parte #3',NULL,NULL,NULL,NULL,NULL,NULL,'¡Parece que le agradas a Mihawk! Ya está mucho mejor, pero es momento de que le cambies el vendaje ya que han pasado algunos días. Quiero que se sienta más cómodo y limpio.','¡Parece que le agradas a Mihawk! Ya está mucho mejor, pero es momento de que le cambies el vendaje ya que han pasado algunos días. Quiero que se sienta más cómodo y limpio.',NULL,NULL,NULL,NULL,NULL,NULL,'Consigue 20 vendas de tejido de escarcha para Mihawk','Consigue 20 vendas de tejido de escarcha para Mihawk',NULL,NULL,NULL,NULL,NULL,NULL,NULL,NULL,NULL,NULL,NULL,NULL,NULL,NULL,NULL,NULL,NULL,NULL,NULL,NULL,NULL,NULL,NULL,NULL,NULL,NULL,NULL,NULL,NULL,NULL,'Regresa con Jaga','Regresa con Jaga',NULL,NULL,NULL,NULL,NULL,NULL,NULL,NULL,NULL,NULL,NULL,NULL,NULL,NULL,NULL,NULL,NULL,NULL,NULL,NULL,NULL,NULL,NULL,NULL,NULL,NULL,NULL,NULL,NULL,NULL,NULL,NULL,NULL,NULL,NULL,NULL,NULL,NULL,NULL,NULL,NULL,NULL,NULL,NULL,NULL,NULL,NULL,NULL,NULL,NULL,NULL,NULL,NULL,NULL,NULL,NULL,NULL,NULL,NULL,NULL,NULL,NULL,NULL,NULL,NULL),
('15013',NULL,NULL,NULL,NULL,NULL,'Como un gatito','Como un gatito, parte #4',NULL,NULL,NULL,NULL,NULL,NULL,'Parece que está mejorando, aunque no creo que pueda alimentarse por sí solo. Tendremos que cuidarlo por un tiempo hasta que se sienta mejor. Afortunadamente, yo sé que es lo que más disfruta y lo hará estar como nuevo pronto.','Parece que está mejorando, aunque no creo que pueda alimentarse por sí solo. Tendremos que cuidarlo por un tiempo hasta que se sienta mejor. Afortunadamente, yo sé que es lo que más disfruta y lo hará estar como nuevo pronto.',NULL,NULL,NULL,NULL,NULL,NULL,'Consigue 20 Lebistes de las Tierras Altas para Mihawk','Consigue 20 Lebistes de las Tierras Altas para Mihawk',NULL,NULL,NULL,NULL,NULL,NULL,NULL,NULL,NULL,NULL,NULL,NULL,NULL,NULL,NULL,NULL,NULL,NULL,NULL,NULL,NULL,NULL,NULL,NULL,NULL,NULL,NULL,NULL,NULL,NULL,'Regresa con Jaga','Regresa con Jaga',NULL,NULL,NULL,NULL,NULL,NULL,NULL,NULL,NULL,NULL,NULL,NULL,NULL,NULL,NULL,NULL,NULL,NULL,NULL,NULL,NULL,NULL,NULL,NULL,NULL,NULL,NULL,NULL,NULL,NULL,NULL,NULL,NULL,NULL,NULL,NULL,NULL,NULL,NULL,NULL,NULL,NULL,NULL,NULL,NULL,NULL,NULL,NULL,NULL,NULL,NULL,NULL,NULL,NULL,NULL,NULL,NULL,NULL,NULL,NULL,NULL,NULL,NULL,NULL,NULL),
('15014',NULL,NULL,NULL,NULL,NULL,'Como un gatito','Como un gatito, parte #5',NULL,NULL,NULL,NULL,NULL,NULL,'Parece que está será la última vez que tendremos que alimentarlo nosotros. ¡Mihawk es muy fuerte! Sabía que iba a estar bien pronto.','Parece que está será la última vez que tendremos que alimentarlo nosotros. ¡Mihawk es muy fuerte! Sabía que iba a estar bien pronto.',NULL,NULL,NULL,NULL,NULL,NULL,'Consigue 20 Gamba de sangre para Mihawk','Consigue 20 Gamba de sangre para Mihawk',NULL,NULL,NULL,NULL,NULL,NULL,NULL,NULL,NULL,NULL,NULL,NULL,NULL,NULL,NULL,NULL,NULL,NULL,NULL,NULL,NULL,NULL,NULL,NULL,NULL,NULL,NULL,NULL,NULL,NULL,'Regresa con Jaga','Regresa con Jaga',NULL,NULL,NULL,NULL,NULL,NULL,NULL,NULL,NULL,NULL,NULL,NULL,NULL,NULL,NULL,NULL,NULL,NULL,NULL,NULL,NULL,NULL,NULL,NULL,NULL,NULL,NULL,NULL,NULL,NULL,NULL,NULL,NULL,NULL,NULL,NULL,NULL,NULL,NULL,NULL,NULL,NULL,NULL,NULL,NULL,NULL,NULL,NULL,NULL,NULL,NULL,NULL,NULL,NULL,NULL,NULL,NULL,NULL,NULL,NULL,NULL,NULL,NULL,NULL,NULL),
('15015',NULL,NULL,NULL,NULL,NULL,'Mihawk','Mihawk',NULL,NULL,NULL,NULL,NULL,NULL,'¡Mihawk ya está mucho mejor! Menos mal, porque mis padres y yo tenemos que irnos. Fuimos invitados a un concurso de Chefs de Zul gurub, mi padre estaba buscando un buen ingrediente para cocinar, así que mejor me iré con él antes de que piense en cocinar a Mihawk. Además, creo que él se ha encariñado contigo. Se le ve en sus ojos color sol las ganas que tiene de estar a tu lado. Sé que lo vas a tratar bien y espero que tengan muchas aventuras.','¡Mihawk ya está mucho mejor! Menos mal, porque mis padres y yo tenemos que irnos. Fuimos invitados a un concurso de Chefs de Zul gurub, mi padre estaba buscando un buen ingrediente para cocinar, así que mejor me iré con él antes de que piense en cocinar a Mihawk. Además, creo que él se ha encariñado contigo. Se le ve en sus ojos color sol las ganas que tiene de estar a tu lado. Sé que lo vas a tratar bien y espero que tengan muchas aventuras.',NULL,NULL,NULL,NULL,NULL,NULL,NULL,NULL,NULL,NULL,NULL,NULL,NULL,NULL,NULL,NULL,NULL,NULL,NULL,NULL,NULL,NULL,NULL,NULL,NULL,NULL,NULL,NULL,NULL,NULL,NULL,NULL,NULL,NULL,NULL,NULL,NULL,NULL,'Habla con Mihawk','Habla con Mihawk',NULL,NULL,NULL,NULL,NULL,NULL,NULL,NULL,NULL,NULL,NULL,NULL,NULL,NULL,NULL,NULL,NULL,NULL,NULL,NULL,NULL,NULL,NULL,NULL,NULL,NULL,NULL,NULL,NULL,NULL,NULL,NULL,NULL,NULL,NULL,NULL,NULL,NULL,NULL,NULL,NULL,NULL,NULL,NULL,NULL,NULL,NULL,NULL,NULL,NULL,NULL,NULL,NULL,NULL,NULL,NULL,NULL,NULL,NULL,NULL,NULL,NULL,NULL,NULL,NULL);

-- items de misiones
DELETE FROM item_template WHERE entry IN (100607, 100608, 100609);
INSERT INTO `item_template` (`entry`, `class`, `subclass`, `SoundOverrideSubclass`, `name`, `displayid`, `Quality`, `Flags`, `FlagsExtra`, `Unk430_1`, `Unk430_2`, `BuyCount`, `BuyPrice`, `SellPrice`, `InventoryType`, `AllowableClass`, `AllowableRace`, `ItemLevel`, `RequiredLevel`, `RequiredSkill`, `RequiredSkillRank`, `requiredspell`, `requiredhonorrank`, `RequiredCityRank`, `RequiredReputationFaction`, `RequiredReputationRank`, `maxcount`, `stackable`, `ContainerSlots`, `stat_type1`, `stat_value1`, `stat_unk1_1`, `stat_unk2_1`, `stat_type2`, `stat_value2`, `stat_unk1_2`, `stat_unk2_2`, `stat_type3`, `stat_value3`, `stat_unk1_3`, `stat_unk2_3`, `stat_type4`, `stat_value4`, `stat_unk1_4`, `stat_unk2_4`, `stat_type5`, `stat_value5`, `stat_unk1_5`, `stat_unk2_5`, `stat_type6`, `stat_value6`, `stat_unk1_6`, `stat_unk2_6`, `stat_type7`, `stat_value7`, `stat_unk1_7`, `stat_unk2_7`, `stat_type8`, `stat_value8`, `stat_unk1_8`, `stat_unk2_8`, `stat_type9`, `stat_value9`, `stat_unk1_9`, `stat_unk2_9`, `stat_type10`, `stat_value10`, `stat_unk1_10`, `stat_unk2_10`, `ScalingStatDistribution`, `DamageType`, `delay`, `RangedModRange`, `spellid_1`, `spelltrigger_1`, `spellcharges_1`, `spellcooldown_1`, `spellcategory_1`, `spellcategorycooldown_1`, `spellid_2`, `spelltrigger_2`, `spellcharges_2`, `spellcooldown_2`, `spellcategory_2`, `spellcategorycooldown_2`, `spellid_3`, `spelltrigger_3`, `spellcharges_3`, `spellcooldown_3`, `spellcategory_3`, `spellcategorycooldown_3`, `spellid_4`, `spelltrigger_4`, `spellcharges_4`, `spellcooldown_4`, `spellcategory_4`, `spellcategorycooldown_4`, `spellid_5`, `spelltrigger_5`, `spellcharges_5`, `spellcooldown_5`, `spellcategory_5`, `spellcategorycooldown_5`, `bonding`, `description`, `PageText`, `LanguageID`, `PageMaterial`, `startquest`, `lockid`, `Material`, `sheath`, `RandomProperty`, `RandomSuffix`, `itemset`, `MaxDurability`, `area`, `Map`, `BagFamily`, `TotemCategory`, `socketColor_1`, `socketContent_1`, `socketColor_2`, `socketContent_2`, `socketColor_3`, `socketContent_3`, `socketBonus`, `GemProperties`, `ArmorDamageModifier`, `duration`, `ItemLimitCategory`, `HolidayId`, `StatScalingFactor`, `CurrencySubstitutionId`, `CurrencySubstitutionCount`, `flagsCustom`, `WDBVerified`) 
VALUES('100607','12','0','-1','Important Troll Scroll','2616','1','1','8192','1','1','1','0','0','0','-1','-1','1','0','0','0','0','0','0','0','0','0','1','0','0','0','0','0','0','0','0','0','0','0','0','0','0','0','0','0','0','0','0','0','0','0','0','0','0','0','0','0','0','0','0','0','0','0','0','0','0','0','0','0','0','0','0','0','0','0','0','-1','0','-1','0','0','0','-1','0','-1','0','0','0','-1','0','-1','0','0','0','-1','0','-1','0','0','0','-1','0','-1','4','','0','0','0','0','0','4','0','0','0','0','0','0','0','0','0','0','0','0','0','0','0','0','0','0','0','0','0','0','0','0','0','15595'),
('100608','12','0','-1','Piece of Moon Crystal','26571','1','1','8192','1','1','1','0','0','0','-1','-1','1','0','0','0','0','0','0','0','0','0','1','0','0','0','0','0','0','0','0','0','0','0','0','0','0','0','0','0','0','0','0','0','0','0','0','0','0','0','0','0','0','0','0','0','0','0','0','0','0','0','0','0','0','0','0','0','0','0','0','-1','0','-1','0','0','0','-1','0','-1','0','0','0','-1','0','-1','0','0','0','-1','0','-1','0','0','0','-1','0','-1','4','','0','0','0','0','0','4','0','0','0','0','0','0','0','0','0','0','0','0','0','0','0','0','0','0','0','0','0','0','0','0','0','15595'),
('100609','12','0','-1','Heart of the Legendary Beast','7045','3','1','8192','1','1','1','0','0','0','-1','-1','1','0','0','0','0','0','0','0','0','0','5','0','0','0','0','0','0','0','0','0','0','0','0','0','0','0','0','0','0','0','0','0','0','0','0','0','0','0','0','0','0','0','0','0','0','0','0','0','0','0','0','0','0','0','0','0','0','0','0','-1','0','-1','0','0','0','-1','0','-1','0','0','0','-1','0','-1','0','0','0','-1','0','-1','0','0','0','-1','0','-1','4','Saitama','0','0','0','0','0','4','0','0','0','0','0','0','0','0','0','0','0','0','0','0','0','0','0','0','0','0','0','0','0','0','0','15595');

-- traducciones de los items de misión
DELETE FROM locales_item  WHERE entry IN (100607, 100608, 100609);
INSERT INTO `locales_item` (`entry`, `name_loc1`, `name_loc2`, `name_loc3`, `name_loc4`, `name_loc5`, `name_loc6`, `name_loc7`, `name_loc8`, `description_loc1`, `description_loc2`, `description_loc3`, `description_loc4`, `description_loc5`, `description_loc6`, `description_loc7`, `description_loc8`) 
VALUES('100607','','','','','','Pergamino Troll Importante','Pergamino Troll Importante','',NULL,NULL,NULL,NULL,NULL,NULL,NULL,''),
('100608','','','','','','Pieza de Cristal Lunar','Pieza de Cristal Lunar','',NULL,NULL,NULL,NULL,NULL,NULL,NULL,''),
('100609','','','','','','Corazón de la Bestia Legendaria','Corazón de la Bestia Legendaria','',NULL,NULL,NULL,NULL,NULL,NULL,NULL,'');

-- agregando botín a los npc ya existentes
UPDATE `creature_template` SET `lootid` = '43332' WHERE `entry` = '43332'; 
UPDATE `creature_template` SET `lootid` = '42871' WHERE `entry` = '42871'; 
UPDATE `creature_template` SET `lootid` = '42872' WHERE `entry` = '42872'; 

-- agregando nuevos npc
DELETE FROM creature_template WHERE entry IN (28134, 50026, 28238, 28272, 28326, 28331);
INSERT INTO `creature_template` (`entry`, `difficulty_entry_1`, `difficulty_entry_2`, `difficulty_entry_3`, `KillCredit1`, `KillCredit2`, `modelid1`, `modelid2`, `modelid3`, `modelid4`, `name`, `subname`, `IconName`, `gossip_menu_id`, `minlevel`, `maxlevel`, `exp`, `exp_unk`, `faction_A`, `faction_H`, `npcflag`, `speed_walk`, `speed_run`, `speed_swim`, `speed_fly`, `scale`, `rank`, `mindmg`, `maxdmg`, `dmgschool`, `attackpower`, `dmg_multiplier`, `baseattacktime`, `rangeattacktime`, `unit_class`, `unit_flags`, `unit_flags2`, `dynamicflags`, `family`, `trainer_type`, `trainer_spell`, `trainer_class`, `trainer_race`, `minrangedmg`, `maxrangedmg`, `rangedattackpower`, `type`, `type_flags`, `type_flags2`, `lootid`, `pickpocketloot`, `skinloot`, `resistance1`, `resistance2`, `resistance3`, `resistance4`, `resistance5`, `resistance6`, `spell1`, `spell2`, `spell3`, `spell4`, `spell5`, `spell6`, `spell7`, `spell8`, `PetSpellDataId`, `VehicleId`, `mingold`, `maxgold`, `currencyId`, `currencyCount`, `AIName`, `MovementType`, `InhabitType`, `HoverHeight`, `Health_mod`, `Mana_mod`, `Mana_mod_extra`, `Armor_mod`, `RacialLeader`, `questItem1`, `questItem2`, `questItem3`, `questItem4`, `questItem5`, `questItem6`, `movementId`, `RegenHealth`, `equipment_id`, `mechanic_immune_mask`, `flags_extra`, `ScriptName`, `WDBVerified`) 
VALUES('28134','0','0','0','0','0','25056','0','0','0','Eva Cantwell','','','0','85','85','3','0','35','35','3','1','1.14286','1','1.14286','1','0','356','503','0','432','1','2000','0','1','0','2048','8','0','0','0','0','0','305','452','74','7','0','0','0','0','0','0','0','0','0','0','0','0','0','0','0','0','0','0','0','0','0','0','0',NULL,NULL,'','0','3','1','1','1','1','1','0','0','0','0','0','0','0','0','1','0','0','0','','12340'),
('28238','0','0','0','0','0','15311','0','0','0','Crazz hawkeye','',NULL,'0','85','85','3','0','35','35','3','1','1.14286','1','1.14286','1','4','197.6','262.2','0','479','1','2000','2000','1','32768','2048','0','0','0','0','0','0','136.8','201.4','34','7','0','0','0','0','0','0','0','0','0','0','0','0','0','0','0','0','0','0','0','0','0','0','0',NULL,NULL,'','0','3','1','20','20','1','100','0','0','0','0','0','0','0','0','1','0','0','2','','12340'),
('28272','0','0','0','0','0','36165','36167','36166','36168','Hunter','','','0','87','87','3','0','35','35','0','1','1.14286','1','1.14286','1','0','3.8','3.8','0','46','1','0','0','1','0','2048','32','0','0','0','0','0','1.9','1.9','0','7','0','0','0','0','0','0','0','0','0','0','0','0','0','0','0','0','0','0','0','0','0','0','0',NULL,NULL,'SmartAI','0','3','0','1','1','1','1','0','0','0','0','0','0','0','0','1','49850','0','0','npc_vc_enforcer','13623'),
('28326','0','0','0','0','0','15290','0','0','0','Mihawk the legendary beast','',NULL,'0','85','85','3','0','35','35','2','1.125','1.14286','1.125','1.14286','2','4','302.1','419.9','0','490','1','2000','0','1','768','2048','8','0','0','0','0','0','241.3','357.2','36','1','0','0','0','0','0','0','0','0','0','0','0','0','0','0','0','0','0','0','0','0','0','0','0',NULL,NULL,'','0','3','1','15','1','1','1','0','0','0','0','0','0','0','140','1','0','0','2','','15595'),
('28331','0','0','0','0','0','14589','0','0','0','Jaga','','','0','1','1','0','0','35','35','3','1','1','1','1','1','0','4','5.175','0','16','0.75','0','0','1','768','2048','0','0','0','0','0','0','2.2','3.825','11','7','0','0','0','0','0','0','0','0','0','0','0','0','0','0','0','0','0','0','0','0','0','0','0',NULL,NULL,'','0','3','1','1','1','1','1','0','0','0','0','0','0','0','0','1','0','0','0','','15595'),
('50026','0','0','0','0','0','36703','0','0','0','Moon Crystal Serpent','','','0','85','85','3','0','14','14','0','1','1','1','1','1','3','3967.1','5297.7','0','1530','6','3000','3000','1','32832','2048','0','0','0','0','0','0','704.9','1016.5','190','4','0','0','50026','0','0','0','0','0','0','0','0','0','0','0','0','0','0','0','0','0','0','199429','199429',NULL,NULL,'','0','3','1','1.5','1','1','1','0','0','0','0','0','0','0','0','1','0','0','0','','13623');


-- agregando traducción para los nuevos npc
DELETE FROM locales_creature  WHERE entry IN (28134, 50026, 28238, 28272, 28326);
INSERT INTO `locales_creature` (`entry`, `name_loc1`, `name_loc2`, `name_loc3`, `name_loc4`, `name_loc5`, `name_loc6`, `name_loc7`, `name_loc8`, `subname_loc1`, `subname_loc2`, `subname_loc3`, `subname_loc4`, `subname_loc5`, `subname_loc6`, `subname_loc7`, `subname_loc8`) 
VALUES('28134','','','','','','Eva Ladobien','Eva Ladobien','',NULL,NULL,NULL,NULL,NULL,NULL,NULL,NULL),
('28238','','','','','','Crazz Ojo de Halcón','Crazz Ojo de Halcón','',NULL,NULL,NULL,NULL,NULL,NULL,NULL,NULL),
('28272','','','','','','Cazador','Cazador','',NULL,NULL,NULL,NULL,NULL,NULL,NULL,NULL),
('28326','','','','','','Mihawk la bestia legendaria','Mihawk la bestia legendaria','',NULL,NULL,NULL,NULL,NULL,NULL,NULL,NULL),
('50026','','','','','','Serpiente de Cristal Lunar','Serpiente de Cristal Lunar','',NULL,NULL,NULL,NULL,NULL,NULL,NULL,NULL);

-- agregando botín a los nuevos npc
DELETE FROM creature_loot_template WHERE entry IN (50026, 43332, 42871, 42872);
INSERT INTO `creature_loot_template` (`entry`, `item`, `ChanceOrQuestChance`, `lootmode`, `groupid`, `mincountOrRef`, `maxcount`) 
VALUES('42871','100607','-10','1','0','1','1'),
('42872','100607','-8','1','0','1','1'),
('43332','100607','-18','1','0','1','1'),
('50026','100608','-100','1','0','1','1');

-- agregando spawn de los nuevos npc
DELETE FROM creature WHERE guid IN (320007, 320009, 320008, 320091, 320092, 320093, 320094, 320095, 320096, 320097, 320098, 320099, 320100);
INSERT INTO `creature` (`guid`, `id`, `map`, `zone`, `area`, `spawnMask`, `phaseMask`, `modelid`, `equipment_id`, `position_x`, `position_y`, `position_z`, `orientation`, `spawntimesecs`, `spawndist`, `currentwaypoint`, `curhealth`, `curmana`, `MovementType`, `npcflag`, `unit_flags`, `dynamicflags`, `walkmode`) 
VALUES('320007','28134','571','3711','3711','1','1','0','0','6300.4','4648.43','-82.0516','5.46851','300','0','0','22002','0','0','0','0','0','0'),
('320008','28238','0','33','5318','1','1','0','0','-12734.7','-210.587','34.4114','3.28593','300','0','0','1549800','0','0','0','0','0','0'),
('320009','50026','571','3711','4307','1','4','0','0','6203.07','4757.25','224.603','5.17187','30','0','0','116235','0','0','0','0','0','0'),
('320091','28272','0','33','5318','1','1','0','49850','-12744.5','-215.084','33.0729','0.432579','300','0','0','82994','0','0','0','0','0','0'),
('320092','28272','0','33','5318','1','65535','0','49850','-12741.3','-208.883','33.085','0.542192','300','0','0','82994','0','0','0','0','0','0'),
('320093','28272','0','33','5318','1','65535','0','49850','-12738.9','-219.999','34.0524','1.04485','300','0','0','82994','0','0','0','0','0','0'),
('320094','28272','0','5339','33','1','65535','0','49850','-12729','-216.489','35.7941','2.61407','300','0','0','82994','0','0','0','0','0','0'),
('320095','28272','0','33','5318','1','1','0','49850','-12738.9','-215.336','34.0822','0.974946','300','0','0','82994','0','0','0','0','0','0'),
('320096','28272','0','33','5318','1','1','0','49850','-12733.7','-217.619','34.9114','1.85001','300','0','0','82994','0','0','0','0','0','0'),
('320097','28272','0','5339','33','1','1','0','49850','-12732','-198.554','33.2607','5.14789','300','0','0','82994','0','0','0','0','0','0'),
('320098','28272','0','5339','33','1','1','0','49850','-12722.8','-205.825','35.7335','4.34914','300','0','0','82994','0','0','0','0','0','0'),
('320099','28326','0','5287','1577','1','1','0','0','-12847.7','-30.7022','20.5984','2.23505','300','0','0','3144','0','0','0','0','0','0'),
('320100','28331','0','5287','1577','1','1','0','0','-12846.8','-27.5997','20.3232','2.29867','300','0','0','42','0','0','0','0','0','0');

-- agregando efectos a los nuevos npc
DELETE FROM `creature_addon` WHERE guid IN (320008, 320091, 320092, 320093, 320094, 320095, 320096, 320097, 320098, 320099);
INSERT INTO `creature_addon` (`guid`, `path_id`, `mount`, `bytes1`, `bytes2`, `emote`, `auras`) 
VALUES('320008','0','0','8','0','0',NULL),
('320091','0','0','7','0','65',NULL),
('320092','0','0','7','0','65',NULL),
('320093','0','0','7','0','65',NULL),
('320094','0','0','7','0','65',NULL),
('320095','0','0','7','0','65',NULL),
('320096','0','0','7','0','65',NULL),
('320097','0','0','7','0','65',NULL),
('320098','0','0','7','0','65',NULL),
('320099','0','0','3','0','0',NULL);

-- faseo de la misión 15004 -  Una piedra Enorme
DELETE FROM spell_area WHERE `spell`=59074 AND `area`=4307  AND  `quest_start`=15004 AND `quest_end`=15005;
INSERT INTO `spell_area` (`spell`, `area`, `quest_start`, `quest_start_active`, `quest_end`, `aura_spell`, `racemask`, `gender`, `autocast`, `quest_start_status`, `quest_end_status`) 
VALUES('59074','4307','15004','1','15005','0','0','2','1','8','1');

-- agregando a los npc las misiones que deben entregar
DELETE FROM creature_questrelation WHERE quest IN (15000, 15001, 15002, 15003, 15004, 15005, 15006, 15007, 15008, 15009, 15010, 15011, 15012, 15013, 15014, 15015);
INSERT INTO `creature_questrelation` (`id`, `quest`) 
VALUES('715','15000'),
('715','15001'),
('715','15002'),
('715','15006'),
('27986','15003'),
('28134','15004'),
('28134','15005'),
('28238','15007'),
('28238','15008'),
('28331','15009'),
('28331','15010'),
('28331','15011'),
('28331','15012'),
('28331','15013'),
('28331','15014'),
('28331','15015');

-- agregando a los npc las misiones que deben finalizar
DELETE FROM creature_involvedrelation WHERE quest IN (15000, 15001, 15002, 15003, 15004, 15005, 15006, 15007, 15008, 15009, 15010, 15011, 15012, 15013, 15014, 15015);
INSERT INTO `creature_involvedrelation` (`id`, `quest`) 
VALUES('715','15000'),
('715','15001'),
('715','15005'),
('27986','15002'),
('28134','15003'),
('28134','15004'),
('28238','15006'),
('28238','15007'),
('28326','15015'),
('28331','15008'),
('28331','15009'),
('28331','15010'),
('28331','15011'),
('28331','15012'),
('28331','15013'),
('28331','15014');

-- Agerando los objetivos en el mapa del juego
DELETE FROM quest_poi WHERE questId IN (15000, 15001, 15002, 15003, 15004, 15005, 15006, 15007, 15008, 15009, 15010, 15011, 15012, 15013, 15014, 15015);
INSERT INTO `quest_poi` (`questId`, `id`, `objIndex`, `mapid`, `WorldMapAreaId`, `FloorId`, `unk3`, `unk4`) 
VALUES('15000','0','0','0','101','0','0','1'),
('15000','1','0','0','33','0','0','1'),
('15000','2','1','0','33','0','0','1'),
('15000','3','2','0','1737','0','0','1'),
('15000','4','3','0','1577','0','0','1'),
('15000','5','-1','0','100','0','0','1'),
('15001','0','4','0','19','0','0','1'),
('15001','1','-1','0','100','0','0','1'),
('15002','0','-1','571','4284','0','0','1'),
('15003','0','-1','571','3711','0','0','1'),
('15004','0','4','571','4307','0','0','1'),
('15004','1','-1','571','4307','0','0','1'),
('15005','0','-1','0','100','0','0','1'),
('15006','0','-1','0','5318','0','0','1'),
('15007','0','-1','0','5318','0','0','1'),
('15008','0','-1','0','1577','0','0','1'),
('15009','0','-1','0','1577','0','0','1'),
('15010','0','-1','0','1577','0','0','1'),
('15011','0','-1','0','1577','0','0','1'),
('15012','0','-1','0','1577','0','0','1'),
('15013','0','-1','0','1577','0','0','1'),
('15014','0','-1','0','1577','0','0','1');

DELETE FROM quest_poi_points WHERE questId IN (15000, 15001, 15002, 15003, 15004, 15005, 15006, 15007, 15008, 15009, 15010, 15011, 15012, 15013, 15014, 15015);
INSERT INTO `quest_poi_points` (`questId`, `id`, `idx`, `x`, `y`) 
VALUES('15000','0','0','-11534','-804'),
('15000','0','1','-11668','-892'),
('15000','0','2','-11752','-761'),
('15000','0','3','-11672','-702'),
('15000','1','0','-11935','544'),
('15000','1','1','-11960','551'),
('15000','1','2','-11898','726'),
('15000','1','3','-11872','676'),
('15000','2','0','-11865','719'),
('15000','2','1','-11798','722'),
('15000','2','2','-11821','564'),
('15000','2','3','-11922','498'),
('15000','3','0','-13838','-28'),
('15000','3','1','-13879','134'),
('15000','3','2','-14108','221'),
('15000','3','3','-14068','15'),
('15000','4','0','-12769','32'),
('15000','4','1','-12961','144'),
('15000','4','2','-12960','299'),
('15000','4','3','-12791','219'),
('15000','5','0','-11644','-67'),
('15001','0','0','-12491','-1377'),
('15001','0','1','-12514','-2067'),
('15001','0','2','-11463','-2095'),
('15001','0','3','-11449','-1101'),
('15001','1','0','-11644','-67'),
('15002','0','0','5584','5748'),
('15003','0','0','6300','4648'),
('15004','0','0','6207','4754'),
('15004','1','0','6300','4648'),
('15005','0','0','-11644','-67'),
('15006','0','0','-12734','-210'),
('15007','0','0','-12734','-210'),
('15008','0','0','-12846','-27'),
('15009','0','0','-12847','-30'),
('15010','0','0','-12847','-30'),
('15011','0','0','-12847','-30'),
('15012','0','0','-12847','-30'),
('15013','0','0','-12847','-30'),
('15014','0','0','-12847','-30');

-- agregando las misiones diarias para que solo salga una por día
DELETE FROM pool_template WHERE entry = 955;
INSERT INTO `pool_template` (`entry`, `max_limit`, `description`) VALUES('955','1','Mihawk, la bestia legendaria');

DELETE FROM pool_quest WHERE entry IN (15010, 15011, 15012, 15013, 15014);
INSERT INTO `pool_quest` (`entry`, `pool_entry`, `description`) 
VALUES('15010','955','Como un gatito, parte #1'),
('15011','955','Como un gatito, parte #2'),
('15012','955','Como un gatito, parte #3'),
('15013','955','Como un gatito, parte #4'),
('15014','955','Como un gatito, parte #5');
