-- Corregidas las misiones https://es.wowhead.com/quest=26560/jorgensen
-- https://es.wowhead.com/quest=26561/krakauer
-- Se modifico la estructura de la columna para poner valores null

ALTER TABLE gossip_menu_option MODIFY OptionBroadcastTextID MEDIUMINT(11) DEFAULT NULL;
ALTER TABLE gossip_menu_option MODIFY BoxBroadcastTextID MEDIUMINT(11) DEFAULT NULL;

-- se corrigio las coordenadas del Npc
DELETE FROM `creature` WHERE `id`=43272;
INSERT INTO `creature` (`guid`, `id`, `map`, `zone`, `area`, `spawnMask`, `phaseMask`, `modelid`, `equipment_id`, `position_x`, `position_y`, `position_z`, `orientation`, `spawntimesecs`, `spawndist`, `currentwaypoint`, `curhealth`, `curmana`, `MovementType`, `npcflag`, `unit_flags`, `dynamicflags`, `walkmode`) VALUES (57921, 43272, 0, 44, 996, 1, 3, 0, 0, -8717.79, -2340.73, 156.409, 5.32325, 120, 0, 0, 1, 0, 0, 0, 0, 0, 0);

-- se agregaron en coordenadas correctas
DELETE FROM `creature` WHERE `id`=615;
INSERT INTO `creature` (`guid`, `id`, `map`, `zone`, `area`, `spawnMask`, `phaseMask`, `modelid`, `equipment_id`, `position_x`, `position_y`, `position_z`, `orientation`, `spawntimesecs`, `spawndist`, `currentwaypoint`, `curhealth`, `curmana`, `MovementType`, `npcflag`, `unit_flags`, `dynamicflags`, `walkmode`) VALUES (7707, 615, 0, 44, 996, 1, 3, 6040, 0, -8762.18, -2256.46, 151.817, 3.46592, 90, 5, 0, 394, 0, 1, 0, 0, 0, 0);
INSERT INTO `creature` (`guid`, `id`, `map`, `zone`, `area`, `spawnMask`, `phaseMask`, `modelid`, `equipment_id`, `position_x`, `position_y`, `position_z`, `orientation`, `spawntimesecs`, `spawndist`, `currentwaypoint`, `curhealth`, `curmana`, `MovementType`, `npcflag`, `unit_flags`, `dynamicflags`, `walkmode`) VALUES (7725, 615, 0, 44, 44, 1, 3, 0, 0, -8856.98, -2536.85, 138.384, 3.50811, 90, 5, 0, 1, 0, 1, 0, 0, 0, 0);
INSERT INTO `creature` (`guid`, `id`, `map`, `zone`, `area`, `spawnMask`, `phaseMask`, `modelid`, `equipment_id`, `position_x`, `position_y`, `position_z`, `orientation`, `spawntimesecs`, `spawndist`, `currentwaypoint`, `curhealth`, `curmana`, `MovementType`, `npcflag`, `unit_flags`, `dynamicflags`, `walkmode`) VALUES (7732, 615, 0, 44, 44, 1, 3, 0, 0, -8755.01, -2559.05, 149.06, 3.42085, 90, 5, 0, 1, 0, 1, 0, 0, 0, 0);
INSERT INTO `creature` (`guid`, `id`, `map`, `zone`, `area`, `spawnMask`, `phaseMask`, `modelid`, `equipment_id`, `position_x`, `position_y`, `position_z`, `orientation`, `spawntimesecs`, `spawndist`, `currentwaypoint`, `curhealth`, `curmana`, `MovementType`, `npcflag`, `unit_flags`, `dynamicflags`, `walkmode`) VALUES (7735, 615, 0, 44, 44, 1, 3, 0, 0, -8753.07, -2616.2, 151.172, 2.40855, 90, 5, 0, 1, 0, 1, 0, 0, 0, 0);
INSERT INTO `creature` (`guid`, `id`, `map`, `zone`, `area`, `spawnMask`, `phaseMask`, `modelid`, `equipment_id`, `position_x`, `position_y`, `position_z`, `orientation`, `spawntimesecs`, `spawndist`, `currentwaypoint`, `curhealth`, `curmana`, `MovementType`, `npcflag`, `unit_flags`, `dynamicflags`, `walkmode`) VALUES (7738, 615, 0, 44, 44, 1, 3, 0, 0, -8822.04, -2593.15, 145.389, 1.79769, 90, 5, 0, 1, 0, 1, 0, 0, 0, 0);
INSERT INTO `creature` (`guid`, `id`, `map`, `zone`, `area`, `spawnMask`, `phaseMask`, `modelid`, `equipment_id`, `position_x`, `position_y`, `position_z`, `orientation`, `spawntimesecs`, `spawndist`, `currentwaypoint`, `curhealth`, `curmana`, `MovementType`, `npcflag`, `unit_flags`, `dynamicflags`, `walkmode`) VALUES (7739, 615, 0, 44, 44, 1, 3, 0, 0, -8882.75, -2578.34, 146.308, 3.4383, 90, 5, 0, 1, 0, 1, 0, 0, 0, 0);
INSERT INTO `creature` (`guid`, `id`, `map`, `zone`, `area`, `spawnMask`, `phaseMask`, `modelid`, `equipment_id`, `position_x`, `position_y`, `position_z`, `orientation`, `spawntimesecs`, `spawndist`, `currentwaypoint`, `curhealth`, `curmana`, `MovementType`, `npcflag`, `unit_flags`, `dynamicflags`, `walkmode`) VALUES (7741, 615, 0, 44, 998, 1, 3, 6040, 0, -8804.85, -2185.6, 141.898, 2.98243, 90, 5, 0, 363, 0, 1, 0, 0, 0, 0);
INSERT INTO `creature` (`guid`, `id`, `map`, `zone`, `area`, `spawnMask`, `phaseMask`, `modelid`, `equipment_id`, `position_x`, `position_y`, `position_z`, `orientation`, `spawntimesecs`, `spawndist`, `currentwaypoint`, `curhealth`, `curmana`, `MovementType`, `npcflag`, `unit_flags`, `dynamicflags`, `walkmode`) VALUES (7743, 615, 0, 44, 998, 1, 3, 6040, 0, -8760.03, -2145.72, 156.11, 6.07892, 90, 5, 0, 394, 0, 1, 0, 0, 0, 0);
INSERT INTO `creature` (`guid`, `id`, `map`, `zone`, `area`, `spawnMask`, `phaseMask`, `modelid`, `equipment_id`, `position_x`, `position_y`, `position_z`, `orientation`, `spawntimesecs`, `spawndist`, `currentwaypoint`, `curhealth`, `curmana`, `MovementType`, `npcflag`, `unit_flags`, `dynamicflags`, `walkmode`) VALUES (7744, 615, 0, 44, 996, 1, 3, 6040, 0, -8823.83, -2476.12, 132.978, 3.33128, 90, 5, 0, 363, 0, 1, 0, 0, 0, 0);
INSERT INTO `creature` (`guid`, `id`, `map`, `zone`, `area`, `spawnMask`, `phaseMask`, `modelid`, `equipment_id`, `position_x`, `position_y`, `position_z`, `orientation`, `spawntimesecs`, `spawndist`, `currentwaypoint`, `curhealth`, `curmana`, `MovementType`, `npcflag`, `unit_flags`, `dynamicflags`, `walkmode`) VALUES (7746, 615, 0, 44, 996, 1, 3, 0, 0, -8793.8, -2513.96, 158.769, 3.56047, 90, 5, 0, 1, 0, 1, 0, 0, 0, 0);
INSERT INTO `creature` (`guid`, `id`, `map`, `zone`, `area`, `spawnMask`, `phaseMask`, `modelid`, `equipment_id`, `position_x`, `position_y`, `position_z`, `orientation`, `spawntimesecs`, `spawndist`, `currentwaypoint`, `curhealth`, `curmana`, `MovementType`, `npcflag`, `unit_flags`, `dynamicflags`, `walkmode`) VALUES (7747, 615, 0, 44, 44, 1, 3, 0, 0, -8820.75, -2536.49, 151.266, 3.7001, 90, 5, 0, 1, 0, 1, 0, 0, 0, 0);
INSERT INTO `creature` (`guid`, `id`, `map`, `zone`, `area`, `spawnMask`, `phaseMask`, `modelid`, `equipment_id`, `position_x`, `position_y`, `position_z`, `orientation`, `spawntimesecs`, `spawndist`, `currentwaypoint`, `curhealth`, `curmana`, `MovementType`, `npcflag`, `unit_flags`, `dynamicflags`, `walkmode`) VALUES (7749, 615, 0, 44, 996, 1, 3, 0, 0, -8788.31, -2410.74, 164.258, 4.76475, 90, 5, 0, 1, 0, 1, 0, 0, 0, 0);
INSERT INTO `creature` (`guid`, `id`, `map`, `zone`, `area`, `spawnMask`, `phaseMask`, `modelid`, `equipment_id`, `position_x`, `position_y`, `position_z`, `orientation`, `spawntimesecs`, `spawndist`, `currentwaypoint`, `curhealth`, `curmana`, `MovementType`, `npcflag`, `unit_flags`, `dynamicflags`, `walkmode`) VALUES (7750, 615, 0, 44, 44, 1, 3, 0, 0, -8925.1, -2639.12, 135.69, 2.56563, 90, 5, 0, 1, 0, 1, 0, 0, 0, 0);
INSERT INTO `creature` (`guid`, `id`, `map`, `zone`, `area`, `spawnMask`, `phaseMask`, `modelid`, `equipment_id`, `position_x`, `position_y`, `position_z`, `orientation`, `spawntimesecs`, `spawndist`, `currentwaypoint`, `curhealth`, `curmana`, `MovementType`, `npcflag`, `unit_flags`, `dynamicflags`, `walkmode`) VALUES (33127, 615, 0, 44, 998, 1, 3, 6040, 0, -8697.37, -2182.47, 156.39, -1.77346, 90, 5, 0, 0, 0, 1, 0, 0, 0, 0);
INSERT INTO `creature` (`guid`, `id`, `map`, `zone`, `area`, `spawnMask`, `phaseMask`, `modelid`, `equipment_id`, `position_x`, `position_y`, `position_z`, `orientation`, `spawntimesecs`, `spawndist`, `currentwaypoint`, `curhealth`, `curmana`, `MovementType`, `npcflag`, `unit_flags`, `dynamicflags`, `walkmode`) VALUES (57896, 615, 0, 44, 996, 1, 3, 6040, 0, -8709.28, -2357.92, 157.041, 5.47136, 90, 5, 0, 394, 0, 1, 0, 0, 0, 0);
INSERT INTO `creature` (`guid`, `id`, `map`, `zone`, `area`, `spawnMask`, `phaseMask`, `modelid`, `equipment_id`, `position_x`, `position_y`, `position_z`, `orientation`, `spawntimesecs`, `spawndist`, `currentwaypoint`, `curhealth`, `curmana`, `MovementType`, `npcflag`, `unit_flags`, `dynamicflags`, `walkmode`) VALUES (57954, 615, 0, 44, 998, 1, 3, 0, 0, -8810.08, -2170.23, 150.738, 4.47872, 90, 5, 0, 1, 0, 1, 0, 0, 0, 0);
INSERT INTO `creature` (`guid`, `id`, `map`, `zone`, `area`, `spawnMask`, `phaseMask`, `modelid`, `equipment_id`, `position_x`, `position_y`, `position_z`, `orientation`, `spawntimesecs`, `spawndist`, `currentwaypoint`, `curhealth`, `curmana`, `MovementType`, `npcflag`, `unit_flags`, `dynamicflags`, `walkmode`) VALUES (57967, 615, 0, 44, 998, 1, 3, 0, 0, -8788.73, -2141.76, 156.768, 1.41999, 90, 5, 0, 1, 0, 1, 0, 0, 0, 0);
INSERT INTO `creature` (`guid`, `id`, `map`, `zone`, `area`, `spawnMask`, `phaseMask`, `modelid`, `equipment_id`, `position_x`, `position_y`, `position_z`, `orientation`, `spawntimesecs`, `spawndist`, `currentwaypoint`, `curhealth`, `curmana`, `MovementType`, `npcflag`, `unit_flags`, `dynamicflags`, `walkmode`) VALUES (58011, 615, 0, 44, 998, 1, 3, 0, 0, -8816.11, -2223.39, 143.263, 5.16394, 90, 5, 0, 1, 0, 1, 0, 0, 0, 0);
INSERT INTO `creature` (`guid`, `id`, `map`, `zone`, `area`, `spawnMask`, `phaseMask`, `modelid`, `equipment_id`, `position_x`, `position_y`, `position_z`, `orientation`, `spawntimesecs`, `spawndist`, `currentwaypoint`, `curhealth`, `curmana`, `MovementType`, `npcflag`, `unit_flags`, `dynamicflags`, `walkmode`) VALUES (58015, 615, 0, 44, 998, 1, 3, 0, 0, -8753.59, -2140.84, 155.854, 5.54282, 90, 5, 0, 1, 0, 1, 0, 0, 0, 0);
INSERT INTO `creature` (`guid`, `id`, `map`, `zone`, `area`, `spawnMask`, `phaseMask`, `modelid`, `equipment_id`, `position_x`, `position_y`, `position_z`, `orientation`, `spawntimesecs`, `spawndist`, `currentwaypoint`, `curhealth`, `curmana`, `MovementType`, `npcflag`, `unit_flags`, `dynamicflags`, `walkmode`) VALUES (58028, 615, 0, 44, 95, 1, 3, 0, 0, -8748.25, -2169.33, 159.433, 3.63808, 90, 5, 0, 1, 0, 1, 0, 0, 0, 0);
INSERT INTO `creature` (`guid`, `id`, `map`, `zone`, `area`, `spawnMask`, `phaseMask`, `modelid`, `equipment_id`, `position_x`, `position_y`, `position_z`, `orientation`, `spawntimesecs`, `spawndist`, `currentwaypoint`, `curhealth`, `curmana`, `MovementType`, `npcflag`, `unit_flags`, `dynamicflags`, `walkmode`) VALUES (58032, 615, 0, 44, 998, 1, 3, 0, 0, -8705.73, -2230.05, 154.699, 3.89137, 90, 5, 0, 1, 0, 1, 0, 0, 0, 0);
INSERT INTO `creature` (`guid`, `id`, `map`, `zone`, `area`, `spawnMask`, `phaseMask`, `modelid`, `equipment_id`, `position_x`, `position_y`, `position_z`, `orientation`, `spawntimesecs`, `spawndist`, `currentwaypoint`, `curhealth`, `curmana`, `MovementType`, `npcflag`, `unit_flags`, `dynamicflags`, `walkmode`) VALUES (58083, 615, 0, 44, 44, 1, 3, 0, 0, -8737.15, -2214.26, 150.016, 4.34496, 90, 5, 0, 1, 0, 1, 0, 0, 0, 0);
INSERT INTO `creature` (`guid`, `id`, `map`, `zone`, `area`, `spawnMask`, `phaseMask`, `modelid`, `equipment_id`, `position_x`, `position_y`, `position_z`, `orientation`, `spawntimesecs`, `spawndist`, `currentwaypoint`, `curhealth`, `curmana`, `MovementType`, `npcflag`, `unit_flags`, `dynamicflags`, `walkmode`) VALUES (58091, 615, 0, 44, 998, 1, 3, 0, 0, -8685.48, -2319.08, 156.081, 3.82046, 90, 5, 0, 1, 0, 1, 0, 0, 0, 0);
INSERT INTO `creature` (`guid`, `id`, `map`, `zone`, `area`, `spawnMask`, `phaseMask`, `modelid`, `equipment_id`, `position_x`, `position_y`, `position_z`, `orientation`, `spawntimesecs`, `spawndist`, `currentwaypoint`, `curhealth`, `curmana`, `MovementType`, `npcflag`, `unit_flags`, `dynamicflags`, `walkmode`) VALUES (58133, 615, 0, 44, 998, 1, 3, 0, 0, -8691.76, -2164.24, 156.878, 5.67713, 90, 5, 0, 1, 0, 1, 0, 0, 0, 0);
INSERT INTO `creature` (`guid`, `id`, `map`, `zone`, `area`, `spawnMask`, `phaseMask`, `modelid`, `equipment_id`, `position_x`, `position_y`, `position_z`, `orientation`, `spawntimesecs`, `spawndist`, `currentwaypoint`, `curhealth`, `curmana`, `MovementType`, `npcflag`, `unit_flags`, `dynamicflags`, `walkmode`) VALUES (58179, 615, 0, 44, 996, 1, 3, 0, 0, -8782.84, -2419.03, 156.231, 5.43122, 90, 5, 0, 1, 0, 1, 0, 0, 0, 0);
INSERT INTO `creature` (`guid`, `id`, `map`, `zone`, `area`, `spawnMask`, `phaseMask`, `modelid`, `equipment_id`, `position_x`, `position_y`, `position_z`, `orientation`, `spawntimesecs`, `spawndist`, `currentwaypoint`, `curhealth`, `curmana`, `MovementType`, `npcflag`, `unit_flags`, `dynamicflags`, `walkmode`) VALUES (58197, 615, 0, 44, 996, 1, 3, 0, 0, -8738.47, -2529.28, 132.252, 2.10985, 90, 5, 0, 1, 0, 1, 0, 0, 0, 0);
INSERT INTO `creature` (`guid`, `id`, `map`, `zone`, `area`, `spawnMask`, `phaseMask`, `modelid`, `equipment_id`, `position_x`, `position_y`, `position_z`, `orientation`, `spawntimesecs`, `spawndist`, `currentwaypoint`, `curhealth`, `curmana`, `MovementType`, `npcflag`, `unit_flags`, `dynamicflags`, `walkmode`) VALUES (58276, 615, 0, 44, 44, 1, 3, 0, 0, -8720.83, -2550.56, 133.111, 0.579326, 90, 5, 0, 1, 0, 1, 0, 0, 0, 0);
INSERT INTO `creature` (`guid`, `id`, `map`, `zone`, `area`, `spawnMask`, `phaseMask`, `modelid`, `equipment_id`, `position_x`, `position_y`, `position_z`, `orientation`, `spawntimesecs`, `spawndist`, `currentwaypoint`, `curhealth`, `curmana`, `MovementType`, `npcflag`, `unit_flags`, `dynamicflags`, `walkmode`) VALUES (58298, 615, 0, 46, 2417, 1, 3, 0, 0, -8649.77, -2577.11, 132.657, 0.220991, 90, 5, 0, 1, 0, 1, 0, 0, 0, 0);

-- se corrigio las coordenadas de spawn
DELETE FROM `creature` WHERE `id`=43485;
INSERT INTO `creature` (`guid`, `id`, `map`, `zone`, `area`, `spawnMask`, `phaseMask`, `modelid`, `equipment_id`, `position_x`, `position_y`, `position_z`, `orientation`, `spawntimesecs`, `spawndist`, `currentwaypoint`, `curhealth`, `curmana`, `MovementType`, `npcflag`, `unit_flags`, `dynamicflags`, `walkmode`) VALUES (58558, 43485, 0, 44, 996, 1, 3, 0, 0, -8717.22, -2340, 156.432, 5.41052, 90, 0, 0, 1, 0, 0, 0, 0, 0, 0);

-- smartAI
DELETE FROM `creature_template` WHERE `entry`=43485;
INSERT INTO `creature_template` (`entry`, `difficulty_entry_1`, `difficulty_entry_2`, `difficulty_entry_3`, `KillCredit1`, `KillCredit2`, `modelid1`, `modelid2`, `modelid3`, `modelid4`, `name`, `subname`, `IconName`, `gossip_menu_id`, `minlevel`, `maxlevel`, `exp`, `exp_unk`, `faction_a`, `faction_h`, `npcflag`, `speed_walk`, `speed_run`, `speed_swim`, `speed_fly`, `scale`, `rank`, `mindmg`, `maxdmg`, `dmgschool`, `attackpower`, `dmg_multiplier`, `baseattacktime`, `rangeattacktime`, `unit_class`, `unit_flags`, `unit_flags2`, `dynamicflags`, `family`, `trainer_type`, `trainer_spell`, `trainer_class`, `trainer_race`, `minrangedmg`, `maxrangedmg`, `rangedattackpower`, `type`, `type_flags`, `type_flags2`, `lootid`, `pickpocketloot`, `skinloot`, `resistance1`, `resistance2`, `resistance3`, `resistance4`, `resistance5`, `resistance6`, `spell1`, `spell2`, `spell3`, `spell4`, `spell5`, `spell6`, `spell7`, `spell8`, `PetSpellDataId`, `VehicleId`, `mingold`, `maxgold`, `currencyId`, `currencyCount`, `AIName`, `MovementType`, `InhabitType`, `HoverHeight`, `Health_mod`, `Mana_mod`, `Mana_mod_extra`, `Armor_mod`, `RacialLeader`, `questItem1`, `questItem2`, `questItem3`, `questItem4`, `questItem5`, `questItem6`, `movementId`, `RegenHealth`, `equipment_id`, `mechanic_immune_mask`, `flags_extra`, `ScriptName`, `WDBVerified`) VALUES (43485, 0, 0, 0, 0, 0, 29383, 0, 0, 0, 'Ticky the Alchemist', 'Alchemical Goods', '', 0, 20, 20, 0, 0, 35, 35, 129, 1, 1.14286, 1, 1.14286, 1, 0, 29, 39, 0, 70, 1, 2000, 2000, 1, 768, 2048, 2048, 0, 0, 0, 0, 0, 20, 30, 4, 7, 0, 0, 0, 0, 0, 0, 0, 0, 0, 0, 0, 0, 0, 0, 0, 0, 0, 0, 0, 0, 0, 12, 54, NULL, NULL, '', 0, 3, 0, 1.02, 1, 1, 1, 0, 0, 0, 0, 0, 0, 0, 0, 1, 0, 0, 0, '', 13623);


-- quest_template 
DELETE FROM `quest_template` WHERE `Id`=26560;
INSERT INTO `quest_template` (`Id`, `Method`, `Note`, `Status`, `Level`, `MinLevel`, `MaxLevel`, `ZoneOrSort`, `Type`, `SuggestedPlayers`, `LimitTime`, `RequiredClasses`, `RequiredRaces`, `RequiredSkillId`, `RequiredSkillPoints`, `RequiredFactionId1`, `RequiredFactionId2`, `RequiredFactionValue1`, `RequiredFactionValue2`, `RequiredMinRepFaction`, `RequiredMaxRepFaction`, `RequiredMinRepValue`, `RequiredMaxRepValue`, `PrevQuestId`, `NextQuestId`, `ExclusiveGroup`, `NextQuestIdChain`, `RewardXPId`, `RewardOrRequiredMoney`, `RewardMoneyMaxLevel`, `RewardSpell`, `RewardSpellCast`, `RewardHonor`, `RewardHonorMultiplier`, `RewardMailTemplateId`, `RewardMailDelay`, `SourceItemId`, `SourceItemCount`, `SourceSpellId`, `Flags`, `SpecialFlags`, `MinimapTargetMark`, `RewardTitleId`, `RequiredPlayerKills`, `RewardTalents`, `RewardArenaPoints`, `RewardSkillId`, `RewardSkillPoints`, `RewardReputationMask`, `QuestGiverPortrait`, `QuestTurnInPortrait`, `RewardItemId1`, `RewardItemId2`, `RewardItemId3`, `RewardItemId4`, `RewardItemCount1`, `RewardItemCount2`, `RewardItemCount3`, `RewardItemCount4`, `RewardChoiceItemId1`, `RewardChoiceItemId2`, `RewardChoiceItemId3`, `RewardChoiceItemId4`, `RewardChoiceItemId5`, `RewardChoiceItemId6`, `RewardChoiceItemCount1`, `RewardChoiceItemCount2`, `RewardChoiceItemCount3`, `RewardChoiceItemCount4`, `RewardChoiceItemCount5`, `RewardChoiceItemCount6`, `RewardFactionId1`, `RewardFactionId2`, `RewardFactionId3`, `RewardFactionId4`, `RewardFactionId5`, `RewardFactionValueId1`, `RewardFactionValueId2`, `RewardFactionValueId3`, `RewardFactionValueId4`, `RewardFactionValueId5`, `RewardFactionValueIdOverride1`, `RewardFactionValueIdOverride2`, `RewardFactionValueIdOverride3`, `RewardFactionValueIdOverride4`, `RewardFactionValueIdOverride5`, `PointMapId`, `PointX`, `PointY`, `PointOption`, `Title`, `Objectives`, `Details`, `EndText`, `OfferRewardText`, `RequestItemsText`, `CompletedText`, `RequiredNpcOrGo1`, `RequiredNpcOrGo2`, `RequiredNpcOrGo3`, `RequiredNpcOrGo4`, `RequiredNpcOrGoCount1`, `RequiredNpcOrGoCount2`, `RequiredNpcOrGoCount3`, `RequiredNpcOrGoCount4`, `RequiredSourceItemId1`, `RequiredSourceItemId2`, `RequiredSourceItemId3`, `RequiredSourceItemId4`, `RequiredSourceItemCount1`, `RequiredSourceItemCount2`, `RequiredSourceItemCount3`, `RequiredSourceItemCount4`, `RequiredItemId1`, `RequiredItemId2`, `RequiredItemId3`, `RequiredItemId4`, `RequiredItemId5`, `RequiredItemId6`, `RequiredItemCount1`, `RequiredItemCount2`, `RequiredItemCount3`, `RequiredItemCount4`, `RequiredItemCount5`, `RequiredItemCount6`, `RequiredSpell`, `RequiredSpellCast1`, `RequiredSpellCast2`, `RequiredSpellCast3`, `RequiredSpellCast4`, `ObjectiveText1`, `ObjectiveText2`, `ObjectiveText3`, `ObjectiveText4`, `RewardCurrencyId1`, `RewardCurrencyId2`, `RewardCurrencyId3`, `RewardCurrencyId4`, `RewardCurrencyCount1`, `RewardCurrencyCount2`, `RewardCurrencyCount3`, `RewardCurrencyCount4`, `RequiredCurrencyId1`, `RequiredCurrencyId2`, `RequiredCurrencyId3`, `RequiredCurrencyId4`, `RequiredCurrencyCount1`, `RequiredCurrencyCount2`, `RequiredCurrencyCount3`, `RequiredCurrencyCount4`, `QuestGiverTextWindow`, `QuestGiverTargetName`, `QuestTurnTextWindow`, `QuestTurnTargetName`, `SoundAccept`, `SoundTurnIn`, `DetailsEmote1`, `DetailsEmote2`, `DetailsEmote3`, `DetailsEmote4`, `DetailsEmoteDelay1`, `DetailsEmoteDelay2`, `DetailsEmoteDelay3`, `DetailsEmoteDelay4`, `EmoteOnIncomplete`, `EmoteOnComplete`, `OfferRewardEmote1`, `OfferRewardEmote2`, `OfferRewardEmote3`, `OfferRewardEmote4`, `OfferRewardEmoteDelay1`, `OfferRewardEmoteDelay2`, `OfferRewardEmoteDelay3`, `OfferRewardEmoteDelay4`, `StartScript`, `CompleteScript`, `WDBVerified`) VALUES (26560, 2, NULL, 'Untested', 17, 15, 0, 44, 0, 0, 0, 0, 2098253, 0, 0, 0, 0, 0, 0, 0, 0, 0, 0, 26587, 0, 0, 26561, 5, 0, 7500, 0, 0, 0, 0, 0, 0, 0, 0, 0, 8, 0, 16, 0, 0, 0, 0, 0, 0, 0, 0, 0, 0, 0, 0, 0, 0, 0, 0, 0, 0, 0, 0, 0, 0, 0, 0, 0, 0, 0, 0, 0, 72, 0, 0, 0, 0, 0, 0, 0, 0, 0, 0, 0, 0, 0, 0, 0, 0, 0, 0, 'Jorgensen', 'Retrieve Jorgensen\'s Cage Key.', 'I don\'t know where Krakauer or Danforth are, but Jorgensen was being held at Render\'s Camp, northwest of here. I was in the same crap filled cage with him before they relocated me to Alther\'s Mill.$B$BIf we\'re gonna get him out we\'ll need the key. A stone cold witch from hell known as Utroka the Keymistress holds on tight to that thing. We\'ll have to kill her if we\'re going to get Jorgensen\'s cage key. She\'s up north in the valley leading to the Burning Steppes.$B$BLet\'s go, kid.', '', 'I know where they\'re holding Krakauer and Danforth. We gotta hurry. They were prepping those two for a sacrifice!', 'Messner! Damn, it\'s good to see a friendly face. Get me out of here!', 'Find Jorgensen at Render\'s Camp in Redridge.', 0, 0, 0, 0, 0, 0, 0, 0, 0, 0, 0, 0, 0, 0, 0, 0, 58969, 0, 0, 0, 0, 0, 1, 0, 0, 0, 0, 0, 0, 0, 0, 0, 0, '', '', '', '', 0, 0, 0, 0, 0, 0, 0, 0, 0, 0, 0, 0, 0, 0, 0, 0, '', '', '', '', 890, 878, 1, 1, 0, 0, 0, 0, 0, 0, 0, 0, 0, 0, 0, 0, 0, 0, 0, 0, 0, 0, 15595);

-- smartAI
DELETE FROM `creature_template` WHERE `entry`=43272;
INSERT INTO `creature_template` (`entry`, `difficulty_entry_1`, `difficulty_entry_2`, `difficulty_entry_3`, `KillCredit1`, `KillCredit2`, `modelid1`, `modelid2`, `modelid3`, `modelid4`, `name`, `subname`, `IconName`, `gossip_menu_id`, `minlevel`, `maxlevel`, `exp`, `exp_unk`, `faction_a`, `faction_h`, `npcflag`, `speed_walk`, `speed_run`, `speed_swim`, `speed_fly`, `scale`, `rank`, `mindmg`, `maxdmg`, `dmgschool`, `attackpower`, `dmg_multiplier`, `baseattacktime`, `rangeattacktime`, `unit_class`, `unit_flags`, `unit_flags2`, `dynamicflags`, `family`, `trainer_type`, `trainer_spell`, `trainer_class`, `trainer_race`, `minrangedmg`, `maxrangedmg`, `rangedattackpower`, `type`, `type_flags`, `type_flags2`, `lootid`, `pickpocketloot`, `skinloot`, `resistance1`, `resistance2`, `resistance3`, `resistance4`, `resistance5`, `resistance6`, `spell1`, `spell2`, `spell3`, `spell4`, `spell5`, `spell6`, `spell7`, `spell8`, `PetSpellDataId`, `VehicleId`, `mingold`, `maxgold`, `currencyId`, `currencyCount`, `AIName`, `MovementType`, `InhabitType`, `HoverHeight`, `Health_mod`, `Mana_mod`, `Mana_mod_extra`, `Armor_mod`, `RacialLeader`, `questItem1`, `questItem2`, `questItem3`, `questItem4`, `questItem5`, `questItem6`, `movementId`, `RegenHealth`, `equipment_id`, `mechanic_immune_mask`, `flags_extra`, `ScriptName`, `WDBVerified`) VALUES (43272, 0, 0, 0, 0, 0, 33300, 0, 0, 0, 'Jorgensen', '', '', 43272, 16, 16, 0, 0, 35, 35, 3, 1, 1.14286, 1, 1.14286, 1, 1, 23, 31, 0, 56, 1.7, 2000, 2000, 1, 512, 2048, 2048, 0, 0, 0, 0, 0, 16, 23, 2, 7, 266240, 0, 0, 0, 0, 0, 0, 0, 0, 0, 0, 0, 0, 0, 0, 0, 0, 0, 0, 0, 0, 36, 162, NULL, NULL, 'SmartAI', 0, 3, 0, 5, 1, 1, 1, 0, 0, 0, 0, 0, 0, 0, 0, 1, 0, 0, 2, '', 13623);

-- smartAI
DELETE FROM `smart_scripts` WHERE `entryorguid`=43272;
INSERT INTO `smart_scripts` (`entryorguid`, `source_type`, `id`, `link`, `event_type`, `event_phase_mask`, `event_chance`, `event_flags`, `event_param1`, `event_param2`, `event_param3`, `event_param4`, `action_type`, `action_param1`, `action_param2`, `action_param3`, `action_param4`, `action_param5`, `action_param6`, `target_type`, `target_param1`, `target_param2`, `target_param3`, `target_x`, `target_y`, `target_z`, `target_o`, `comment`) VALUES (43272, 0, 0, 0, 20, 0, 100, 0, 26560, 0, 0, 0, 80, 4327200, 0, 0, 0, 0, 0, 1, 0, 0, 0, 0, 0, 0, 0, 'Jorgensen - On Quest Complete - Run Script');
INSERT INTO `smart_scripts` (`entryorguid`, `source_type`, `id`, `link`, `event_type`, `event_phase_mask`, `event_chance`, `event_flags`, `event_param1`, `event_param2`, `event_param3`, `event_param4`, `action_type`, `action_param1`, `action_param2`, `action_param3`, `action_param4`, `action_param5`, `action_param6`, `target_type`, `target_param1`, `target_param2`, `target_param3`, `target_x`, `target_y`, `target_z`, `target_o`, `comment`) VALUES (43272, 0, 1, 2, 62, 0, 100, 0, 43272, 0, 0, 0, 72, 0, 0, 0, 0, 0, 0, 7, 0, 0, 0, 0, 0, 0, 0, 'Jorgensen - On Gossip Select - Close Gossip');
INSERT INTO `smart_scripts` (`entryorguid`, `source_type`, `id`, `link`, `event_type`, `event_phase_mask`, `event_chance`, `event_flags`, `event_param1`, `event_param2`, `event_param3`, `event_param4`, `action_type`, `action_param1`, `action_param2`, `action_param3`, `action_param4`, `action_param5`, `action_param6`, `target_type`, `target_param1`, `target_param2`, `target_param3`, `target_x`, `target_y`, `target_z`, `target_o`, `comment`) VALUES (43272, 0, 2, 0, 61, 0, 100, 0, 0, 0, 0, 0, 80, 4327200, 0, 0, 0, 0, 0, 1, 0, 0, 0, 0, 0, 0, 0, 'Jorgensen - On Gossip Select - Run Script');
INSERT INTO `smart_scripts` (`entryorguid`, `source_type`, `id`, `link`, `event_type`, `event_phase_mask`, `event_chance`, `event_flags`, `event_param1`, `event_param2`, `event_param3`, `event_param4`, `action_type`, `action_param1`, `action_param2`, `action_param3`, `action_param4`, `action_param5`, `action_param6`, `target_type`, `target_param1`, `target_param2`, `target_param3`, `target_x`, `target_y`, `target_z`, `target_o`, `comment`) VALUES (43272, 0, 3, 0, 1, 0, 100, 0, 1, 2, 45000, 50000, 1, 0, 1, 0, 0, 0, 0, 1, 0, 0, 0, 0, 0, 0, 0, 'Jorgensen - On OOC - Say 50 secs CD');


-- condiciones
DELETE FROM `conditions` WHERE `SourceGroup`=43272;
INSERT INTO `conditions` (`SourceTypeOrReferenceId`, `SourceGroup`, `SourceEntry`, `SourceId`, `ElseGroup`, `ConditionTypeOrReference`, `ConditionTarget`, `ConditionValue1`, `ConditionValue2`, `ConditionValue3`, `NegativeCondition`, `ErrorType`, `ErrorTextId`, `ScriptName`, `Comment`) VALUES (15, 43272, 0, 0, 1, 29, 1, 43305, 10, 0, 1, 0, 0, '', NULL);
INSERT INTO `conditions` (`SourceTypeOrReferenceId`, `SourceGroup`, `SourceEntry`, `SourceId`, `ElseGroup`, `ConditionTypeOrReference`, `ConditionTarget`, `ConditionValue1`, `ConditionValue2`, `ConditionValue3`, `NegativeCondition`, `ErrorType`, `ErrorTextId`, `ScriptName`, `Comment`) VALUES (15, 43272, 0, 0, 1, 8, 0, 26560, 0, 0, 0, 0, 0, '', NULL);
INSERT INTO `conditions` (`SourceTypeOrReferenceId`, `SourceGroup`, `SourceEntry`, `SourceId`, `ElseGroup`, `ConditionTypeOrReference`, `ConditionTarget`, `ConditionValue1`, `ConditionValue2`, `ConditionValue3`, `NegativeCondition`, `ErrorType`, `ErrorTextId`, `ScriptName`, `Comment`) VALUES (15, 43272, 0, 0, 1, 29, 1, 4463, 5, 0, 1, 0, 0, '', NULL);
INSERT INTO `conditions` (`SourceTypeOrReferenceId`, `SourceGroup`, `SourceEntry`, `SourceId`, `ElseGroup`, `ConditionTypeOrReference`, `ConditionTarget`, `ConditionValue1`, `ConditionValue2`, `ConditionValue3`, `NegativeCondition`, `ErrorType`, `ErrorTextId`, `ScriptName`, `Comment`) VALUES (15, 43272, 0, 0, 1, 8, 0, 26563, 0, 0, 1, 0, 0, '', NULL);

-- creature_template_addon
DELETE FROM `creature_template_addon` WHERE `entry`=43272;
INSERT INTO `creature_template_addon` (`entry`, `path_id`, `mount`, `bytes1`, `bytes2`, `emote`, `auras`) VALUES (43272, 0, 0, 0, 1, 0, '52165');

-- textos del Npc
DELETE FROM `creature_text` WHERE `entry`=43272;
INSERT INTO `creature_text` (`entry`, `groupid`, `id`, `text`, `type`, `language`, `probability`, `emote`, `duration`, `sound`, `comment`, `BroadcastTextId`) VALUES (43272, 0, 0, 'Payback\'s gonna hurt.', 12, 0, 100, 0, 0, 0, 'Messner Says', 43406);
INSERT INTO `creature_text` (`entry`, `groupid`, `id`, `text`, `type`, `language`, `probability`, `emote`, `duration`, `sound`, `comment`, `BroadcastTextId`) VALUES (43272, 0, 1, 'You orcs are gonna be sorry when I get out of here.', 12, 0, 100, 0, 0, 0, 'Messner Says', 43405);

-- gossip menu 
DELETE FROM `gossip_menu_option` WHERE `menu_id`=43272;
INSERT INTO `gossip_menu_option` (`menu_id`, `id`, `option_icon`, `option_text`, `OptionBroadcastTextID`, `option_id`, `npc_option_npcflag`, `action_menu_id`, `action_poi_id`, `box_coded`, `box_money`, `box_text`, `BoxBroadcastTextID`) VALUES (43272, 0, 0, 'Jorgensen, Let\'s Go, There\'s no Time to Waste.', NULL, 1, 1, 0, 0, 0, 0, '', NULL);

-- smartAI
DELETE FROM `smart_scripts` WHERE `entryorguid`=4327200;
INSERT INTO `smart_scripts` (`entryorguid`, `source_type`, `id`, `link`, `event_type`, `event_phase_mask`, `event_chance`, `event_flags`, `event_param1`, `event_param2`, `event_param3`, `event_param4`, `action_type`, `action_param1`, `action_param2`, `action_param3`, `action_param4`, `action_param5`, `action_param6`, `target_type`, `target_param1`, `target_param2`, `target_param3`, `target_x`, `target_y`, `target_z`, `target_o`, `comment`) VALUES (4327200, 9, 0, 0, 0, 0, 100, 1, 0, 0, 0, 0, 5, 432, 0, 0, 0, 0, 0, 1, 0, 0, 0, 0, 0, 0, 0, 'Script - Play Emote');
INSERT INTO `smart_scripts` (`entryorguid`, `source_type`, `id`, `link`, `event_type`, `event_phase_mask`, `event_chance`, `event_flags`, `event_param1`, `event_param2`, `event_param3`, `event_param4`, `action_type`, `action_param1`, `action_param2`, `action_param3`, `action_param4`, `action_param5`, `action_param6`, `target_type`, `target_param1`, `target_param2`, `target_param3`, `target_x`, `target_y`, `target_z`, `target_o`, `comment`) VALUES (4327200, 9, 1, 0, 0, 0, 100, 1, 1000, 1000, 1000, 1000, 9, 0, 0, 0, 0, 0, 0, 14, 1116, 204393, 0, 0, 0, 0, 0, 'Script - Activate Cage');
INSERT INTO `smart_scripts` (`entryorguid`, `source_type`, `id`, `link`, `event_type`, `event_phase_mask`, `event_chance`, `event_flags`, `event_param1`, `event_param2`, `event_param3`, `event_param4`, `action_type`, `action_param1`, `action_param2`, `action_param3`, `action_param4`, `action_param5`, `action_param6`, `target_type`, `target_param1`, `target_param2`, `target_param3`, `target_x`, `target_y`, `target_z`, `target_o`, `comment`) VALUES (4327200, 9, 2, 0, 0, 0, 100, 1, 200, 200, 200, 200, 85, 80940, 4, 0, 0, 0, 0, 7, 0, 0, 0, 0, 0, 0, 0, 'Script - Cast Summon Jorgensen');
INSERT INTO `smart_scripts` (`entryorguid`, `source_type`, `id`, `link`, `event_type`, `event_phase_mask`, `event_chance`, `event_flags`, `event_param1`, `event_param2`, `event_param3`, `event_param4`, `action_type`, `action_param1`, `action_param2`, `action_param3`, `action_param4`, `action_param5`, `action_param6`, `target_type`, `target_param1`, `target_param2`, `target_param3`, `target_x`, `target_y`, `target_z`, `target_o`, `comment`) VALUES (4327200, 9, 3, 0, 0, 0, 100, 1, 0, 0, 0, 0, 47, 0, 0, 0, 0, 0, 0, 1, 0, 0, 0, 0, 0, 0, 0, 'Script - Set Invisible');
INSERT INTO `smart_scripts` (`entryorguid`, `source_type`, `id`, `link`, `event_type`, `event_phase_mask`, `event_chance`, `event_flags`, `event_param1`, `event_param2`, `event_param3`, `event_param4`, `action_type`, `action_param1`, `action_param2`, `action_param3`, `action_param4`, `action_param5`, `action_param6`, `target_type`, `target_param1`, `target_param2`, `target_param3`, `target_x`, `target_y`, `target_z`, `target_o`, `comment`) VALUES (4327200, 9, 4, 0, 0, 0, 100, 1, 20000, 20000, 20000, 20000, 47, 1, 0, 0, 0, 0, 0, 1, 0, 0, 0, 0, 0, 0, 0, 'Script - Set Visible');
INSERT INTO `smart_scripts` (`entryorguid`, `source_type`, `id`, `link`, `event_type`, `event_phase_mask`, `event_chance`, `event_flags`, `event_param1`, `event_param2`, `event_param3`, `event_param4`, `action_type`, `action_param1`, `action_param2`, `action_param3`, `action_param4`, `action_param5`, `action_param6`, `target_type`, `target_param1`, `target_param2`, `target_param3`, `target_x`, `target_y`, `target_z`, `target_o`, `comment`) VALUES (4327200, 9, 5, 0, 0, 0, 100, 1, 1000, 1000, 1000, 1000, 9, 0, 0, 0, 0, 0, 0, 14, 1116, 204393, 0, 0, 0, 0, 0, 'Script - Activate Cage');

-- elimina el reporte de la misiones 
DELETE FROM `report_quest` WHERE `id`=26560;
DELETE FROM `report_quest` WHERE `id`=26561;

-- elimina la invisibilidad de la creatura
DELETE FROM `creature_addon` WHERE `guid`=57921;

-- se le asigno la mision al Npc
DELETE FROM `creature_questrelation` WHERE `id`=43305 AND `quest`=26561;
INSERT INTO `creature_questrelation` (`id`, `quest`) VALUES (43305, 26561);

-- smartAI
DELETE FROM `creature_template` WHERE `entry`=43305;
INSERT INTO `creature_template` (`entry`, `difficulty_entry_1`, `difficulty_entry_2`, `difficulty_entry_3`, `KillCredit1`, `KillCredit2`, `modelid1`, `modelid2`, `modelid3`, `modelid4`, `name`, `subname`, `IconName`, `gossip_menu_id`, `minlevel`, `maxlevel`, `exp`, `exp_unk`, `faction_a`, `faction_h`, `npcflag`, `speed_walk`, `speed_run`, `speed_swim`, `speed_fly`, `scale`, `rank`, `mindmg`, `maxdmg`, `dmgschool`, `attackpower`, `dmg_multiplier`, `baseattacktime`, `rangeattacktime`, `unit_class`, `unit_flags`, `unit_flags2`, `dynamicflags`, `family`, `trainer_type`, `trainer_spell`, `trainer_class`, `trainer_race`, `minrangedmg`, `maxrangedmg`, `rangedattackpower`, `type`, `type_flags`, `type_flags2`, `lootid`, `pickpocketloot`, `skinloot`, `resistance1`, `resistance2`, `resistance3`, `resistance4`, `resistance5`, `resistance6`, `spell1`, `spell2`, `spell3`, `spell4`, `spell5`, `spell6`, `spell7`, `spell8`, `PetSpellDataId`, `VehicleId`, `mingold`, `maxgold`, `currencyId`, `currencyCount`, `AIName`, `MovementType`, `InhabitType`, `HoverHeight`, `Health_mod`, `Mana_mod`, `Mana_mod_extra`, `Armor_mod`, `RacialLeader`, `questItem1`, `questItem2`, `questItem3`, `questItem4`, `questItem5`, `questItem6`, `movementId`, `RegenHealth`, `equipment_id`, `mechanic_immune_mask`, `flags_extra`, `ScriptName`, `WDBVerified`) VALUES (43305, 0, 0, 0, 0, 0, 33300, 0, 0, 0, 'Jorgensen', '', '', 0, 1, 1, 0, 0, 35, 35, 3, 1, 1.14286, 1, 1.14286, 1, 1, 2, 2, 0, 24, 7.5, 2000, 2000, 1, 0, 2048, 0, 0, 0, 0, 0, 0, 1, 1, 0, 7, 266240, 0, 0, 0, 0, 0, 0, 0, 0, 0, 0, 0, 0, 0, 0, 0, 0, 0, 0, 0, 0, 0, 0, NULL, NULL, 'SmartAI', 0, 3, 0, 5, 1, 1, 1, 0, 0, 0, 0, 0, 0, 0, 0, 1, 0, 0, 536870912, '', 13623);

-- textos para el Npc
DELETE FROM `creature_text` WHERE `entry`=43305;
INSERT INTO `creature_text` (`entry`, `groupid`, `id`, `text`, `type`, `language`, `probability`, `emote`, `duration`, `sound`, `comment`, `BroadcastTextId`) VALUES (43305, 0, 0, 'So I heard Thrall left the Horde. That true?', 12, 0, 100, 0, 0, 0, 'Jorgensen Says', 43469);
INSERT INTO `creature_text` (`entry`, `groupid`, `id`, `text`, `type`, `language`, `probability`, `emote`, `duration`, `sound`, `comment`, `BroadcastTextId`) VALUES (43305, 0, 1, 'You ever seen Keeshan kill an orc? It\'s a sight to behold, $g man:lady;.', 12, 0, 100, 0, 0, 0, 'Jorgensen Says', 43466);
INSERT INTO `creature_text` (`entry`, `groupid`, `id`, `text`, `type`, `language`, `probability`, `emote`, `duration`, `sound`, `comment`, `BroadcastTextId`) VALUES (43305, 0, 2, 'I feel weak. I mean weaker than normal. Like as if the Light is less powerful this week. Probably just something I ate. Orc food gives me the craps.', 12, 0, 100, 0, 0, 0, 'Jorgensen Says', 43465);
INSERT INTO `creature_text` (`entry`, `groupid`, `id`, `text`, `type`, `language`, `probability`, `emote`, `duration`, `sound`, `comment`, `BroadcastTextId`) VALUES (43305, 0, 3, 'I\'m probably the most important member of this team, being a paladin and all.', 12, 0, 100, 0, 0, 0, 'Jorgensen Says', 43471);
INSERT INTO `creature_text` (`entry`, `groupid`, `id`, `text`, `type`, `language`, `probability`, `emote`, `duration`, `sound`, `comment`, `BroadcastTextId`) VALUES (43305, 0, 4, 'Can\'t believe we\'re putting the old team back together. All thanks to you, $N.', 12, 0, 100, 0, 0, 0, 'Jorgensen Says', 0);
INSERT INTO `creature_text` (`entry`, `groupid`, `id`, `text`, `type`, `language`, `probability`, `emote`, `duration`, `sound`, `comment`, `BroadcastTextId`) VALUES (43305, 0, 5, 'You know, I kept hearing the Blackrock orcs talk about the return of Hellscream to the Horde. What\'s that all about? Isn\'t Hellscream dead?', 12, 0, 100, 0, 0, 0, 'Jorgensen Says', 43470);
INSERT INTO `creature_text` (`entry`, `groupid`, `id`, `text`, `type`, `language`, `probability`, `emote`, `duration`, `sound`, `comment`, `BroadcastTextId`) VALUES (43305, 1, 0, 'Real funny, Danforth.', 12, 0, 100, 0, 0, 0, 'Jorgensen Says', 43561);

-- smartAI
DELETE FROM `smart_scripts` WHERE `entryorguid`=43305;
INSERT INTO `smart_scripts` (`entryorguid`, `source_type`, `id`, `link`, `event_type`, `event_phase_mask`, `event_chance`, `event_flags`, `event_param1`, `event_param2`, `event_param3`, `event_param4`, `action_type`, `action_param1`, `action_param2`, `action_param3`, `action_param4`, `action_param5`, `action_param6`, `target_type`, `target_param1`, `target_param2`, `target_param3`, `target_x`, `target_y`, `target_z`, `target_o`, `comment`) VALUES (43305, 0, 0, 0, 0, 0, 100, 0, 0, 0, 6000, 7000, 11, 79963, 2, 0, 0, 0, 0, 1, 0, 0, 0, 0, 0, 0, 0, 'Jorgensen - IC - Cast Concentration Aura');
INSERT INTO `smart_scripts` (`entryorguid`, `source_type`, `id`, `link`, `event_type`, `event_phase_mask`, `event_chance`, `event_flags`, `event_param1`, `event_param2`, `event_param3`, `event_param4`, `action_type`, `action_param1`, `action_param2`, `action_param3`, `action_param4`, `action_param5`, `action_param6`, `target_type`, `target_param1`, `target_param2`, `target_param3`, `target_x`, `target_y`, `target_z`, `target_o`, `comment`) VALUES (43305, 0, 1, 0, 0, 0, 100, 0, 0, 0, 6000, 7000, 11, 79962, 2, 0, 0, 0, 0, 1, 0, 0, 0, 0, 0, 0, 0, 'Jorgensen - IC - Cast Seal of Righteous');
INSERT INTO `smart_scripts` (`entryorguid`, `source_type`, `id`, `link`, `event_type`, `event_phase_mask`, `event_chance`, `event_flags`, `event_param1`, `event_param2`, `event_param3`, `event_param4`, `action_type`, `action_param1`, `action_param2`, `action_param3`, `action_param4`, `action_param5`, `action_param6`, `target_type`, `target_param1`, `target_param2`, `target_param3`, `target_x`, `target_y`, `target_z`, `target_o`, `comment`) VALUES (43305, 0, 2, 0, 0, 0, 100, 0, 0, 0, 6000, 7000, 11, 79964, 2, 0, 0, 0, 0, 2, 0, 0, 0, 0, 0, 0, 0, 'Jorgensen - IC - Cast Exorcism');
INSERT INTO `smart_scripts` (`entryorguid`, `source_type`, `id`, `link`, `event_type`, `event_phase_mask`, `event_chance`, `event_flags`, `event_param1`, `event_param2`, `event_param3`, `event_param4`, `action_type`, `action_param1`, `action_param2`, `action_param3`, `action_param4`, `action_param5`, `action_param6`, `target_type`, `target_param1`, `target_param2`, `target_param3`, `target_x`, `target_y`, `target_z`, `target_o`, `comment`) VALUES (43305, 0, 3, 0, 0, 0, 100, 0, 0, 0, 6000, 7000, 11, 79961, 2, 0, 0, 0, 0, 2, 0, 0, 0, 0, 0, 0, 0, 'Jorgensen - IC - Cast Holy Shock');
INSERT INTO `smart_scripts` (`entryorguid`, `source_type`, `id`, `link`, `event_type`, `event_phase_mask`, `event_chance`, `event_flags`, `event_param1`, `event_param2`, `event_param3`, `event_param4`, `action_type`, `action_param1`, `action_param2`, `action_param3`, `action_param4`, `action_param5`, `action_param6`, `target_type`, `target_param1`, `target_param2`, `target_param3`, `target_x`, `target_y`, `target_z`, `target_o`, `comment`) VALUES (43305, 0, 4, 0, 0, 0, 100, 0, 0, 0, 6000, 7000, 11, 79960, 2, 0, 0, 0, 0, 2, 0, 0, 0, 0, 0, 0, 0, 'Jorgensen - IC - Cast Holy Light');
INSERT INTO `smart_scripts` (`entryorguid`, `source_type`, `id`, `link`, `event_type`, `event_phase_mask`, `event_chance`, `event_flags`, `event_param1`, `event_param2`, `event_param3`, `event_param4`, `action_type`, `action_param1`, `action_param2`, `action_param3`, `action_param4`, `action_param5`, `action_param6`, `target_type`, `target_param1`, `target_param2`, `target_param3`, `target_x`, `target_y`, `target_z`, `target_o`, `comment`) VALUES (43305, 0, 5, 0, 1, 0, 100, 0, 15000, 16000, 45000, 48000, 1, 0, 1, 0, 0, 0, 0, 23, 0, 0, 0, 0, 0, 0, 0, 'Jorgensen - On OOC - Say');
INSERT INTO `smart_scripts` (`entryorguid`, `source_type`, `id`, `link`, `event_type`, `event_phase_mask`, `event_chance`, `event_flags`, `event_param1`, `event_param2`, `event_param3`, `event_param4`, `action_type`, `action_param1`, `action_param2`, `action_param3`, `action_param4`, `action_param5`, `action_param6`, `target_type`, `target_param1`, `target_param2`, `target_param3`, `target_x`, `target_y`, `target_z`, `target_o`, `comment`) VALUES (43305, 0, 6, 0, 52, 0, 100, 0, 1, 43302, 0, 0, 1, 1, 1, 0, 0, 0, 0, 23, 0, 0, 0, 0, 0, 0, 0, 'Jorgensen - On Danforth Says - Say');
INSERT INTO `smart_scripts` (`entryorguid`, `source_type`, `id`, `link`, `event_type`, `event_phase_mask`, `event_chance`, `event_flags`, `event_param1`, `event_param2`, `event_param3`, `event_param4`, `action_type`, `action_param1`, `action_param2`, `action_param3`, `action_param4`, `action_param5`, `action_param6`, `target_type`, `target_param1`, `target_param2`, `target_param3`, `target_x`, `target_y`, `target_z`, `target_o`, `comment`) VALUES (43305, 0, 7, 0, 38, 0, 100, 1, 2, 2, 0, 0, 41, 1, 0, 0, 0, 0, 0, 1, 0, 0, 0, 0, 0, 0, 0, 'Jorgensen - On Data Set 2 2 - Despawn');
INSERT INTO `smart_scripts` (`entryorguid`, `source_type`, `id`, `link`, `event_type`, `event_phase_mask`, `event_chance`, `event_flags`, `event_param1`, `event_param2`, `event_param3`, `event_param4`, `action_type`, `action_param1`, `action_param2`, `action_param3`, `action_param4`, `action_param5`, `action_param6`, `target_type`, `target_param1`, `target_param2`, `target_param3`, `target_x`, `target_y`, `target_z`, `target_o`, `comment`) VALUES (43305, 0, 8, 0, 1, 0, 100, 1, 1, 2, 0, 0, 29, 3, 6, 0, 0, 0, 0, 23, 0, 0, 0, 0, 0, 0, 0, 'Jorgensen - On OOC - Follow Owner');
INSERT INTO `smart_scripts` (`entryorguid`, `source_type`, `id`, `link`, `event_type`, `event_phase_mask`, `event_chance`, `event_flags`, `event_param1`, `event_param2`, `event_param3`, `event_param4`, `action_type`, `action_param1`, `action_param2`, `action_param3`, `action_param4`, `action_param5`, `action_param6`, `target_type`, `target_param1`, `target_param2`, `target_param3`, `target_x`, `target_y`, `target_z`, `target_o`, `comment`) VALUES (43305, 0, 9, 0, 0, 0, 100, 1, 1, 2, 0, 0, 8, 1, 0, 0, 0, 0, 0, 1, 0, 0, 0, 0, 0, 0, 0, 'Jorgensen - On Ic - Set React Defensive');
