-- corrige parte de las misiones iniciales de tanaris 
DELETE FROM `creature_template` WHERE `entry`=38534;
INSERT INTO `creature_template` (`entry`, `difficulty_entry_1`, `difficulty_entry_2`, `difficulty_entry_3`, `KillCredit1`, `KillCredit2`, `modelid1`, `modelid2`, `modelid3`, `modelid4`, `name`, `subname`, `IconName`, `gossip_menu_id`, `minlevel`, `maxlevel`, `exp`, `exp_unk`, `faction_a`, `faction_h`, `npcflag`, `speed_walk`, `speed_run`, `speed_swim`, `speed_fly`, `scale`, `rank`, `mindmg`, `maxdmg`, `dmgschool`, `attackpower`, `dmg_multiplier`, `baseattacktime`, `rangeattacktime`, `unit_class`, `unit_flags`, `unit_flags2`, `dynamicflags`, `family`, `trainer_type`, `trainer_spell`, `trainer_class`, `trainer_race`, `minrangedmg`, `maxrangedmg`, `rangedattackpower`, `type`, `type_flags`, `type_flags2`, `lootid`, `pickpocketloot`, `skinloot`, `resistance1`, `resistance2`, `resistance3`, `resistance4`, `resistance5`, `resistance6`, `spell1`, `spell2`, `spell3`, `spell4`, `spell5`, `spell6`, `spell7`, `spell8`, `PetSpellDataId`, `VehicleId`, `mingold`, `maxgold`, `currencyId`, `currencyCount`, `AIName`, `MovementType`, `InhabitType`, `HoverHeight`, `Health_mod`, `Mana_mod`, `Mana_mod_extra`, `Armor_mod`, `RacialLeader`, `questItem1`, `questItem2`, `questItem3`, `questItem4`, `questItem5`, `questItem6`, `movementId`, `RegenHealth`, `equipment_id`, `mechanic_immune_mask`, `flags_extra`, `ScriptName`, `WDBVerified`) VALUES (38534, 0, 0, 0, 0, 0, 29472, 0, 0, 0, 'Megs Dreadshredder', 'Bilgewater Cartel', '', 0, 50, 50, 0, 0, 2159, 2159, 3, 1, 1.14286, 1, 1.14286, 1, 0, 85, 112, 0, 206, 1, 2000, 2000, 1, 33536, 2048, 2048, 0, 0, 0, 0, 0, 58, 86, 20, 7, 0, 0, 0, 0, 0, 0, 0, 0, 0, 0, 0, 0, 0, 0, 0, 0, 0, 0, 0, 0, 0, 120, 580, NULL, NULL, 'SmartAI', 0, 3, 0, 3, 1, 1, 1, 0, 0, 0, 0, 0, 0, 0, 0, 1, 38534, 0, 0, '', 13623);

-- elimina creature_addon
DELETE FROM `creature_addon` WHERE guid=105066;

-- elimina los reporte
DELETE FROM `report_quest` WHERE `id` IN (24907, 24910, 24947, 24906, 27447);

-- te da las misiones
DELETE FROM `creature_questrelation` WHERE `id`=38534;
INSERT INTO `creature_questrelation` (`id`, `quest`) VALUES (38534, 24906);
INSERT INTO `creature_questrelation` (`id`, `quest`) VALUES (38534, 24907);
INSERT INTO `creature_questrelation` (`id`, `quest`) VALUES (38534, 24910);
INSERT INTO `creature_questrelation` (`id`, `quest`) VALUES (38534, 24947);
INSERT INTO `creature_questrelation` (`id`, `quest`) VALUES (38534, 27447);

-- creature_template_addon
DELETE FROM `creature_template_addon` WHERE `entry`=38534;
INSERT INTO `creature_template_addon` (`entry`, `path_id`, `mount`, `bytes1`, `bytes2`, `emote`, `auras`) VALUES (38534, 0, 0, 0, 1, 0, NULL);

-- quest 24907
DELETE FROM `quest_template` WHERE `Id`=24907;
INSERT INTO `quest_template` (`Id`, `Method`, `Note`, `Status`, `Level`, `MinLevel`, `MaxLevel`, `ZoneOrSort`, `Type`, `SuggestedPlayers`, `LimitTime`, `RequiredClasses`, `RequiredRaces`, `RequiredSkillId`, `RequiredSkillPoints`, `RequiredFactionId1`, `RequiredFactionId2`, `RequiredFactionValue1`, `RequiredFactionValue2`, `RequiredMinRepFaction`, `RequiredMaxRepFaction`, `RequiredMinRepValue`, `RequiredMaxRepValue`, `PrevQuestId`, `NextQuestId`, `ExclusiveGroup`, `NextQuestIdChain`, `RewardXPId`, `RewardOrRequiredMoney`, `RewardMoneyMaxLevel`, `RewardSpell`, `RewardSpellCast`, `RewardHonor`, `RewardHonorMultiplier`, `RewardMailTemplateId`, `RewardMailDelay`, `SourceItemId`, `SourceItemCount`, `SourceSpellId`, `Flags`, `SpecialFlags`, `MinimapTargetMark`, `RewardTitleId`, `RequiredPlayerKills`, `RewardTalents`, `RewardArenaPoints`, `RewardSkillId`, `RewardSkillPoints`, `RewardReputationMask`, `QuestGiverPortrait`, `QuestTurnInPortrait`, `RewardItemId1`, `RewardItemId2`, `RewardItemId3`, `RewardItemId4`, `RewardItemCount1`, `RewardItemCount2`, `RewardItemCount3`, `RewardItemCount4`, `RewardChoiceItemId1`, `RewardChoiceItemId2`, `RewardChoiceItemId3`, `RewardChoiceItemId4`, `RewardChoiceItemId5`, `RewardChoiceItemId6`, `RewardChoiceItemCount1`, `RewardChoiceItemCount2`, `RewardChoiceItemCount3`, `RewardChoiceItemCount4`, `RewardChoiceItemCount5`, `RewardChoiceItemCount6`, `RewardFactionId1`, `RewardFactionId2`, `RewardFactionId3`, `RewardFactionId4`, `RewardFactionId5`, `RewardFactionValueId1`, `RewardFactionValueId2`, `RewardFactionValueId3`, `RewardFactionValueId4`, `RewardFactionValueId5`, `RewardFactionValueIdOverride1`, `RewardFactionValueIdOverride2`, `RewardFactionValueIdOverride3`, `RewardFactionValueIdOverride4`, `RewardFactionValueIdOverride5`, `PointMapId`, `PointX`, `PointY`, `PointOption`, `Title`, `Objectives`, `Details`, `EndText`, `OfferRewardText`, `RequestItemsText`, `CompletedText`, `RequiredNpcOrGo1`, `RequiredNpcOrGo2`, `RequiredNpcOrGo3`, `RequiredNpcOrGo4`, `RequiredNpcOrGoCount1`, `RequiredNpcOrGoCount2`, `RequiredNpcOrGoCount3`, `RequiredNpcOrGoCount4`, `RequiredSourceItemId1`, `RequiredSourceItemId2`, `RequiredSourceItemId3`, `RequiredSourceItemId4`, `RequiredSourceItemCount1`, `RequiredSourceItemCount2`, `RequiredSourceItemCount3`, `RequiredSourceItemCount4`, `RequiredItemId1`, `RequiredItemId2`, `RequiredItemId3`, `RequiredItemId4`, `RequiredItemId5`, `RequiredItemId6`, `RequiredItemCount1`, `RequiredItemCount2`, `RequiredItemCount3`, `RequiredItemCount4`, `RequiredItemCount5`, `RequiredItemCount6`, `RequiredSpell`, `RequiredSpellCast1`, `RequiredSpellCast2`, `RequiredSpellCast3`, `RequiredSpellCast4`, `ObjectiveText1`, `ObjectiveText2`, `ObjectiveText3`, `ObjectiveText4`, `RewardCurrencyId1`, `RewardCurrencyId2`, `RewardCurrencyId3`, `RewardCurrencyId4`, `RewardCurrencyCount1`, `RewardCurrencyCount2`, `RewardCurrencyCount3`, `RewardCurrencyCount4`, `RequiredCurrencyId1`, `RequiredCurrencyId2`, `RequiredCurrencyId3`, `RequiredCurrencyId4`, `RequiredCurrencyCount1`, `RequiredCurrencyCount2`, `RequiredCurrencyCount3`, `RequiredCurrencyCount4`, `QuestGiverTextWindow`, `QuestGiverTargetName`, `QuestTurnTextWindow`, `QuestTurnTargetName`, `SoundAccept`, `SoundTurnIn`, `DetailsEmote1`, `DetailsEmote2`, `DetailsEmote3`, `DetailsEmote4`, `DetailsEmoteDelay1`, `DetailsEmoteDelay2`, `DetailsEmoteDelay3`, `DetailsEmoteDelay4`, `EmoteOnIncomplete`, `EmoteOnComplete`, `OfferRewardEmote1`, `OfferRewardEmote2`, `OfferRewardEmote3`, `OfferRewardEmote4`, `OfferRewardEmoteDelay1`, `OfferRewardEmoteDelay2`, `OfferRewardEmoteDelay3`, `OfferRewardEmoteDelay4`, `StartScript`, `CompleteScript`, `WDBVerified`) VALUES (24907, 2, NULL, 'Untested', 45, 43, 0, 440, 0, 0, 0, 0, 946, 0, 0, 0, 0, 0, 0, 0, 0, 0, 0, 0, 0, -24910, 0, 5, 6500, 33300, 0, 0, 0, 0, 0, 0, 0, 0, 0, 8, 0, 0, 0, 0, 0, 0, 0, 0, 0, 0, 0, 0, 0, 0, 0, 0, 0, 0, 0, 0, 0, 0, 0, 0, 0, 0, 0, 0, 0, 0, 0, 0, 0, 0, 0, 0, 0, 0, 0, 0, 0, 0, 0, 0, 0, 0, 0, 0, 0, 0, 'Puddle Stomping', 'Kill 8 Tidal Striders.', 'Here\'s the situation. If we want to establish the Bilgewater Cartel\'s market presence in Gadgetzan, we\'ll need to start providing services to the community.$B$BThe new coast has been great for business here, but the sea also brought sea giants with it. They\'re large, foul, and drive real estate values down.$B$BHead to the shallows just south of town and kill as many as you can, and I\'ll cut you in on some of the deals I\'m brokering here.', '', 'Property values have already gone up since you left. People like seafront views that don\'t include briny, gnarled giants stomping around.$B$BHere\'s your cut, $n.', '', 'Return to Megs Dreadshredder at Gadgetzan in Tanaris.', 39022, 0, 0, 0, 8, 0, 0, 0, 0, 0, 0, 0, 0, 0, 0, 0, 0, 0, 0, 0, 0, 0, 0, 0, 0, 0, 0, 0, 0, 0, 0, 0, 0, '', '', '', '', 0, 0, 0, 0, 0, 0, 0, 0, 0, 0, 0, 0, 0, 0, 0, 0, '', '', '', '', 890, 878, 1, 0, 0, 0, 0, 0, 0, 0, 0, 0, 0, 0, 0, 0, 0, 0, 0, 0, 0, 0, 15595);

-- quest 24910
DELETE FROM `quest_template` WHERE `Id`=24910;
INSERT INTO `quest_template` (`Id`, `Method`, `Note`, `Status`, `Level`, `MinLevel`, `MaxLevel`, `ZoneOrSort`, `Type`, `SuggestedPlayers`, `LimitTime`, `RequiredClasses`, `RequiredRaces`, `RequiredSkillId`, `RequiredSkillPoints`, `RequiredFactionId1`, `RequiredFactionId2`, `RequiredFactionValue1`, `RequiredFactionValue2`, `RequiredMinRepFaction`, `RequiredMaxRepFaction`, `RequiredMinRepValue`, `RequiredMaxRepValue`, `PrevQuestId`, `NextQuestId`, `ExclusiveGroup`, `NextQuestIdChain`, `RewardXPId`, `RewardOrRequiredMoney`, `RewardMoneyMaxLevel`, `RewardSpell`, `RewardSpellCast`, `RewardHonor`, `RewardHonorMultiplier`, `RewardMailTemplateId`, `RewardMailDelay`, `SourceItemId`, `SourceItemCount`, `SourceSpellId`, `Flags`, `SpecialFlags`, `MinimapTargetMark`, `RewardTitleId`, `RequiredPlayerKills`, `RewardTalents`, `RewardArenaPoints`, `RewardSkillId`, `RewardSkillPoints`, `RewardReputationMask`, `QuestGiverPortrait`, `QuestTurnInPortrait`, `RewardItemId1`, `RewardItemId2`, `RewardItemId3`, `RewardItemId4`, `RewardItemCount1`, `RewardItemCount2`, `RewardItemCount3`, `RewardItemCount4`, `RewardChoiceItemId1`, `RewardChoiceItemId2`, `RewardChoiceItemId3`, `RewardChoiceItemId4`, `RewardChoiceItemId5`, `RewardChoiceItemId6`, `RewardChoiceItemCount1`, `RewardChoiceItemCount2`, `RewardChoiceItemCount3`, `RewardChoiceItemCount4`, `RewardChoiceItemCount5`, `RewardChoiceItemCount6`, `RewardFactionId1`, `RewardFactionId2`, `RewardFactionId3`, `RewardFactionId4`, `RewardFactionId5`, `RewardFactionValueId1`, `RewardFactionValueId2`, `RewardFactionValueId3`, `RewardFactionValueId4`, `RewardFactionValueId5`, `RewardFactionValueIdOverride1`, `RewardFactionValueIdOverride2`, `RewardFactionValueIdOverride3`, `RewardFactionValueIdOverride4`, `RewardFactionValueIdOverride5`, `PointMapId`, `PointX`, `PointY`, `PointOption`, `Title`, `Objectives`, `Details`, `EndText`, `OfferRewardText`, `RequestItemsText`, `CompletedText`, `RequiredNpcOrGo1`, `RequiredNpcOrGo2`, `RequiredNpcOrGo3`, `RequiredNpcOrGo4`, `RequiredNpcOrGoCount1`, `RequiredNpcOrGoCount2`, `RequiredNpcOrGoCount3`, `RequiredNpcOrGoCount4`, `RequiredSourceItemId1`, `RequiredSourceItemId2`, `RequiredSourceItemId3`, `RequiredSourceItemId4`, `RequiredSourceItemCount1`, `RequiredSourceItemCount2`, `RequiredSourceItemCount3`, `RequiredSourceItemCount4`, `RequiredItemId1`, `RequiredItemId2`, `RequiredItemId3`, `RequiredItemId4`, `RequiredItemId5`, `RequiredItemId6`, `RequiredItemCount1`, `RequiredItemCount2`, `RequiredItemCount3`, `RequiredItemCount4`, `RequiredItemCount5`, `RequiredItemCount6`, `RequiredSpell`, `RequiredSpellCast1`, `RequiredSpellCast2`, `RequiredSpellCast3`, `RequiredSpellCast4`, `ObjectiveText1`, `ObjectiveText2`, `ObjectiveText3`, `ObjectiveText4`, `RewardCurrencyId1`, `RewardCurrencyId2`, `RewardCurrencyId3`, `RewardCurrencyId4`, `RewardCurrencyCount1`, `RewardCurrencyCount2`, `RewardCurrencyCount3`, `RewardCurrencyCount4`, `RequiredCurrencyId1`, `RequiredCurrencyId2`, `RequiredCurrencyId3`, `RequiredCurrencyId4`, `RequiredCurrencyCount1`, `RequiredCurrencyCount2`, `RequiredCurrencyCount3`, `RequiredCurrencyCount4`, `QuestGiverTextWindow`, `QuestGiverTargetName`, `QuestTurnTextWindow`, `QuestTurnTargetName`, `SoundAccept`, `SoundTurnIn`, `DetailsEmote1`, `DetailsEmote2`, `DetailsEmote3`, `DetailsEmote4`, `DetailsEmoteDelay1`, `DetailsEmoteDelay2`, `DetailsEmoteDelay3`, `DetailsEmoteDelay4`, `EmoteOnIncomplete`, `EmoteOnComplete`, `OfferRewardEmote1`, `OfferRewardEmote2`, `OfferRewardEmote3`, `OfferRewardEmote4`, `OfferRewardEmoteDelay1`, `OfferRewardEmoteDelay2`, `OfferRewardEmoteDelay3`, `OfferRewardEmoteDelay4`, `StartScript`, `CompleteScript`, `WDBVerified`) VALUES (24910, 0, NULL, 'Untested', 45, 43, 0, 440, 0, 0, 0, 0, 946, 0, 0, 0, 0, 0, 0, 0, 0, 0, 0, 24907, 0, 0, 24947, 6, 13000, 41400, 0, 0, 0, 0, 0, 0, 0, 0, 0, 65536, 0, 0, 0, 0, 0, 0, 0, 0, 0, 0, 0, 0, 0, 0, 0, 0, 0, 0, 0, 56863, 56864, 56865, 56866, 0, 0, 1, 1, 1, 1, 0, 0, 1133, 0, 0, 0, 0, 5, 0, 0, 0, 0, 0, 0, 0, 0, 0, 0, 0, 0, 0, 'Rocket Rescue', 'Deliver Life-Rockets to 5 Steamwheedle Survivors and use bombs to kill 40 Southshore Blockaders.', 'Alright, $n. We\'ve done enough small jobs around here; it\'s time to seal the deal.$B$BThe ruins of Steamwheedle Port are still full of hapless Steamwheedle goblins, waiting to be rescued. Every single one of them is a potential future customer. They\'re firing on every boat that leaves port...so I say we take to the skies!$B$BThere\'s a hot air balloon just outside of town near the docks, we can use that. Go ahead and hop in, I\'ll catch up with you.', '', 'Isn\'t it nice when you can do a good deed, and see enormous future financial gains from it? It warms my little goblin heart. And my big goblin wallet.$B$BYou did great, kid. Gadgetzan\'s gonna be ours soon. Here\'s a little token of my appreciation.', '', 'Talk to Megs Dreadshredder at Gadgetzan in Tanaris.', 38576, 40583, 0, 0, 5, 40, 0, 0, 0, 0, 0, 0, 0, 0, 0, 0, 0, 0, 0, 0, 0, 0, 0, 0, 0, 0, 0, 0, 0, 0, 0, 0, 0, 'Life Rockets Delivered', '', '', '', 0, 0, 0, 0, 0, 0, 0, 0, 0, 0, 0, 0, 0, 0, 0, 0, '', '', '', '', 890, 878, 1, 0, 0, 0, 0, 0, 0, 0, 0, 0, 4, 0, 0, 0, 0, 0, 0, 0, 0, 0, 15595);

-- quest 24947
DELETE FROM `quest_template` WHERE `Id`=24947;
INSERT INTO `quest_template` (`Id`, `Method`, `Note`, `Status`, `Level`, `MinLevel`, `MaxLevel`, `ZoneOrSort`, `Type`, `SuggestedPlayers`, `LimitTime`, `RequiredClasses`, `RequiredRaces`, `RequiredSkillId`, `RequiredSkillPoints`, `RequiredFactionId1`, `RequiredFactionId2`, `RequiredFactionValue1`, `RequiredFactionValue2`, `RequiredMinRepFaction`, `RequiredMaxRepFaction`, `RequiredMinRepValue`, `RequiredMaxRepValue`, `PrevQuestId`, `NextQuestId`, `ExclusiveGroup`, `NextQuestIdChain`, `RewardXPId`, `RewardOrRequiredMoney`, `RewardMoneyMaxLevel`, `RewardSpell`, `RewardSpellCast`, `RewardHonor`, `RewardHonorMultiplier`, `RewardMailTemplateId`, `RewardMailDelay`, `SourceItemId`, `SourceItemCount`, `SourceSpellId`, `Flags`, `SpecialFlags`, `MinimapTargetMark`, `RewardTitleId`, `RequiredPlayerKills`, `RewardTalents`, `RewardArenaPoints`, `RewardSkillId`, `RewardSkillPoints`, `RewardReputationMask`, `QuestGiverPortrait`, `QuestTurnInPortrait`, `RewardItemId1`, `RewardItemId2`, `RewardItemId3`, `RewardItemId4`, `RewardItemCount1`, `RewardItemCount2`, `RewardItemCount3`, `RewardItemCount4`, `RewardChoiceItemId1`, `RewardChoiceItemId2`, `RewardChoiceItemId3`, `RewardChoiceItemId4`, `RewardChoiceItemId5`, `RewardChoiceItemId6`, `RewardChoiceItemCount1`, `RewardChoiceItemCount2`, `RewardChoiceItemCount3`, `RewardChoiceItemCount4`, `RewardChoiceItemCount5`, `RewardChoiceItemCount6`, `RewardFactionId1`, `RewardFactionId2`, `RewardFactionId3`, `RewardFactionId4`, `RewardFactionId5`, `RewardFactionValueId1`, `RewardFactionValueId2`, `RewardFactionValueId3`, `RewardFactionValueId4`, `RewardFactionValueId5`, `RewardFactionValueIdOverride1`, `RewardFactionValueIdOverride2`, `RewardFactionValueIdOverride3`, `RewardFactionValueIdOverride4`, `RewardFactionValueIdOverride5`, `PointMapId`, `PointX`, `PointY`, `PointOption`, `Title`, `Objectives`, `Details`, `EndText`, `OfferRewardText`, `RequestItemsText`, `CompletedText`, `RequiredNpcOrGo1`, `RequiredNpcOrGo2`, `RequiredNpcOrGo3`, `RequiredNpcOrGo4`, `RequiredNpcOrGoCount1`, `RequiredNpcOrGoCount2`, `RequiredNpcOrGoCount3`, `RequiredNpcOrGoCount4`, `RequiredSourceItemId1`, `RequiredSourceItemId2`, `RequiredSourceItemId3`, `RequiredSourceItemId4`, `RequiredSourceItemCount1`, `RequiredSourceItemCount2`, `RequiredSourceItemCount3`, `RequiredSourceItemCount4`, `RequiredItemId1`, `RequiredItemId2`, `RequiredItemId3`, `RequiredItemId4`, `RequiredItemId5`, `RequiredItemId6`, `RequiredItemCount1`, `RequiredItemCount2`, `RequiredItemCount3`, `RequiredItemCount4`, `RequiredItemCount5`, `RequiredItemCount6`, `RequiredSpell`, `RequiredSpellCast1`, `RequiredSpellCast2`, `RequiredSpellCast3`, `RequiredSpellCast4`, `ObjectiveText1`, `ObjectiveText2`, `ObjectiveText3`, `ObjectiveText4`, `RewardCurrencyId1`, `RewardCurrencyId2`, `RewardCurrencyId3`, `RewardCurrencyId4`, `RewardCurrencyCount1`, `RewardCurrencyCount2`, `RewardCurrencyCount3`, `RewardCurrencyCount4`, `RequiredCurrencyId1`, `RequiredCurrencyId2`, `RequiredCurrencyId3`, `RequiredCurrencyId4`, `RequiredCurrencyCount1`, `RequiredCurrencyCount2`, `RequiredCurrencyCount3`, `RequiredCurrencyCount4`, `QuestGiverTextWindow`, `QuestGiverTargetName`, `QuestTurnTextWindow`, `QuestTurnTargetName`, `SoundAccept`, `SoundTurnIn`, `DetailsEmote1`, `DetailsEmote2`, `DetailsEmote3`, `DetailsEmote4`, `DetailsEmoteDelay1`, `DetailsEmoteDelay2`, `DetailsEmoteDelay3`, `DetailsEmoteDelay4`, `EmoteOnIncomplete`, `EmoteOnComplete`, `OfferRewardEmote1`, `OfferRewardEmote2`, `OfferRewardEmote3`, `OfferRewardEmote4`, `OfferRewardEmoteDelay1`, `OfferRewardEmoteDelay2`, `OfferRewardEmoteDelay3`, `OfferRewardEmoteDelay4`, `StartScript`, `CompleteScript`, `WDBVerified`) VALUES (24947, 2, NULL, 'Untested', 46, 44, 0, 440, 0, 0, 0, 0, 946, 0, 0, 0, 0, 0, 0, 0, 0, 0, 0, 24910, 0, 0, 0, 0, 0, 0, 0, 0, 0, 0, 0, 0, 0, 0, 0, 8, 0, 0, 0, 0, 0, 0, 0, 0, 0, 0, 0, 0, 0, 0, 0, 0, 0, 0, 0, 0, 0, 0, 0, 0, 0, 0, 0, 0, 0, 0, 0, 0, 0, 0, 0, 0, 0, 0, 0, 0, 0, 0, 0, 0, 0, 0, 0, 0, 0, 0, 'Momentum', 'Meet Megs Dreadshredder at Lost Rigger Cove.', 'We can\'t just rest on our laurels here, babe. We\'ve got to keep this momentum going! People are talking about us.$B$BUnfortunately, they\'re also talking about this air-headed gnome, Kelsey, who\'s apparently been running jobs right alongside us. If we\'re going to drive her out of what\'s rightfully a goblin town, we need to seal the deal here.$B$BWe\'re going to take care of Gadgetzan\'s pirate problem for them, for good. Head south to Lost Rigger Cove, I\'ll meet you there.', '', 'Good thing you\'re here! I\'m gonna need a lot of help if we want to beat these gnomes to the punch.', '', '', 0, 0, 0, 0, 0, 0, 0, 0, 0, 0, 0, 0, 0, 0, 0, 0, 0, 0, 0, 0, 0, 0, 0, 0, 0, 0, 0, 0, 0, 0, 0, 0, 0, '', '', '', '', 0, 0, 0, 0, 0, 0, 0, 0, 0, 0, 0, 0, 0, 0, 0, 0, '', '', '', '', 890, 878, 0, 0, 0, 0, 0, 0, 0, 0, 0, 0, 0, 0, 0, 0, 0, 0, 0, 0, 0, 0, 15595);

-- quest 24906
DELETE FROM `quest_template` WHERE `Id`=24906;
INSERT INTO `quest_template` (`Id`, `Method`, `Note`, `Status`, `Level`, `MinLevel`, `MaxLevel`, `ZoneOrSort`, `Type`, `SuggestedPlayers`, `LimitTime`, `RequiredClasses`, `RequiredRaces`, `RequiredSkillId`, `RequiredSkillPoints`, `RequiredFactionId1`, `RequiredFactionId2`, `RequiredFactionValue1`, `RequiredFactionValue2`, `RequiredMinRepFaction`, `RequiredMaxRepFaction`, `RequiredMinRepValue`, `RequiredMaxRepValue`, `PrevQuestId`, `NextQuestId`, `ExclusiveGroup`, `NextQuestIdChain`, `RewardXPId`, `RewardOrRequiredMoney`, `RewardMoneyMaxLevel`, `RewardSpell`, `RewardSpellCast`, `RewardHonor`, `RewardHonorMultiplier`, `RewardMailTemplateId`, `RewardMailDelay`, `SourceItemId`, `SourceItemCount`, `SourceSpellId`, `Flags`, `SpecialFlags`, `MinimapTargetMark`, `RewardTitleId`, `RequiredPlayerKills`, `RewardTalents`, `RewardArenaPoints`, `RewardSkillId`, `RewardSkillPoints`, `RewardReputationMask`, `QuestGiverPortrait`, `QuestTurnInPortrait`, `RewardItemId1`, `RewardItemId2`, `RewardItemId3`, `RewardItemId4`, `RewardItemCount1`, `RewardItemCount2`, `RewardItemCount3`, `RewardItemCount4`, `RewardChoiceItemId1`, `RewardChoiceItemId2`, `RewardChoiceItemId3`, `RewardChoiceItemId4`, `RewardChoiceItemId5`, `RewardChoiceItemId6`, `RewardChoiceItemCount1`, `RewardChoiceItemCount2`, `RewardChoiceItemCount3`, `RewardChoiceItemCount4`, `RewardChoiceItemCount5`, `RewardChoiceItemCount6`, `RewardFactionId1`, `RewardFactionId2`, `RewardFactionId3`, `RewardFactionId4`, `RewardFactionId5`, `RewardFactionValueId1`, `RewardFactionValueId2`, `RewardFactionValueId3`, `RewardFactionValueId4`, `RewardFactionValueId5`, `RewardFactionValueIdOverride1`, `RewardFactionValueIdOverride2`, `RewardFactionValueIdOverride3`, `RewardFactionValueIdOverride4`, `RewardFactionValueIdOverride5`, `PointMapId`, `PointX`, `PointY`, `PointOption`, `Title`, `Objectives`, `Details`, `EndText`, `OfferRewardText`, `RequestItemsText`, `CompletedText`, `RequiredNpcOrGo1`, `RequiredNpcOrGo2`, `RequiredNpcOrGo3`, `RequiredNpcOrGo4`, `RequiredNpcOrGoCount1`, `RequiredNpcOrGoCount2`, `RequiredNpcOrGoCount3`, `RequiredNpcOrGoCount4`, `RequiredSourceItemId1`, `RequiredSourceItemId2`, `RequiredSourceItemId3`, `RequiredSourceItemId4`, `RequiredSourceItemCount1`, `RequiredSourceItemCount2`, `RequiredSourceItemCount3`, `RequiredSourceItemCount4`, `RequiredItemId1`, `RequiredItemId2`, `RequiredItemId3`, `RequiredItemId4`, `RequiredItemId5`, `RequiredItemId6`, `RequiredItemCount1`, `RequiredItemCount2`, `RequiredItemCount3`, `RequiredItemCount4`, `RequiredItemCount5`, `RequiredItemCount6`, `RequiredSpell`, `RequiredSpellCast1`, `RequiredSpellCast2`, `RequiredSpellCast3`, `RequiredSpellCast4`, `ObjectiveText1`, `ObjectiveText2`, `ObjectiveText3`, `ObjectiveText4`, `RewardCurrencyId1`, `RewardCurrencyId2`, `RewardCurrencyId3`, `RewardCurrencyId4`, `RewardCurrencyCount1`, `RewardCurrencyCount2`, `RewardCurrencyCount3`, `RewardCurrencyCount4`, `RequiredCurrencyId1`, `RequiredCurrencyId2`, `RequiredCurrencyId3`, `RequiredCurrencyId4`, `RequiredCurrencyCount1`, `RequiredCurrencyCount2`, `RequiredCurrencyCount3`, `RequiredCurrencyCount4`, `QuestGiverTextWindow`, `QuestGiverTargetName`, `QuestTurnTextWindow`, `QuestTurnTargetName`, `SoundAccept`, `SoundTurnIn`, `DetailsEmote1`, `DetailsEmote2`, `DetailsEmote3`, `DetailsEmote4`, `DetailsEmoteDelay1`, `DetailsEmoteDelay2`, `DetailsEmoteDelay3`, `DetailsEmoteDelay4`, `EmoteOnIncomplete`, `EmoteOnComplete`, `OfferRewardEmote1`, `OfferRewardEmote2`, `OfferRewardEmote3`, `OfferRewardEmote4`, `OfferRewardEmoteDelay1`, `OfferRewardEmoteDelay2`, `OfferRewardEmoteDelay3`, `OfferRewardEmoteDelay4`, `StartScript`, `CompleteScript`, `WDBVerified`) VALUES (24906, 2, NULL, 'Untested', 45, 43, 0, 440, 0, 0, 0, 0, 946, 0, 0, 0, 0, 0, 0, 0, 0, 0, 0, 0, 0, -24910, 0, 5, 6500, 33300, 0, 0, 0, 0, 0, 0, 0, 0, 0, 8, 0, 0, 0, 0, 0, 0, 0, 0, 0, 0, 0, 0, 0, 0, 0, 0, 0, 0, 0, 0, 0, 0, 0, 0, 0, 0, 0, 0, 0, 0, 0, 1133, 0, 0, 0, 0, 5, 0, 0, 0, 0, 0, 0, 0, 0, 0, 0, 0, 0, 0, 'Seaside Salvage', 'Collect 7 Steamwheedle Supplies.', 'We\'ve got to get goods moving in this market ASAP if we want to be competitive. I\'ve got an angle for us.$B$BGadgetzan\'s under blockade by pirates, but plenty of the goods that get blown off the ships survive intact... they just wash away. Most of them wash up in the shallows just south of town.$B$BHead down there and start salvaging; there\'s crates full of pure profit just floating around down there.', '', 'Hmm, mostly usable. This is good stuff. I\'ve already got buyers lined up, of course.$B$BHere\'s your advance for the rest of the work you\'re gonna do for me and the Bilgewater Cartel...partner.', 'Let\'s see what you\'ve got.', 'Return to Megs Dreadshredder in Gadgetzan.', 0, 0, 0, 0, 0, 0, 0, 0, 0, 0, 0, 0, 0, 0, 0, 0, 50829, 0, 0, 0, 0, 0, 7, 0, 0, 0, 0, 0, 0, 0, 0, 0, 0, '', '', '', '', 0, 0, 0, 0, 0, 0, 0, 0, 0, 0, 0, 0, 0, 0, 0, 0, '', '', '', '', 890, 878, 1, 0, 0, 0, 0, 0, 0, 0, 0, 0, 1, 0, 0, 0, 0, 0, 0, 0, 0, 0, 15595);

-- quest 27447
DELETE FROM `quest_template` WHERE `Id`=27447;
INSERT INTO `quest_template` (`Id`, `Method`, `Note`, `Status`, `Level`, `MinLevel`, `MaxLevel`, `ZoneOrSort`, `Type`, `SuggestedPlayers`, `LimitTime`, `RequiredClasses`, `RequiredRaces`, `RequiredSkillId`, `RequiredSkillPoints`, `RequiredFactionId1`, `RequiredFactionId2`, `RequiredFactionValue1`, `RequiredFactionValue2`, `RequiredMinRepFaction`, `RequiredMaxRepFaction`, `RequiredMinRepValue`, `RequiredMaxRepValue`, `PrevQuestId`, `NextQuestId`, `ExclusiveGroup`, `NextQuestIdChain`, `RewardXPId`, `RewardOrRequiredMoney`, `RewardMoneyMaxLevel`, `RewardSpell`, `RewardSpellCast`, `RewardHonor`, `RewardHonorMultiplier`, `RewardMailTemplateId`, `RewardMailDelay`, `SourceItemId`, `SourceItemCount`, `SourceSpellId`, `Flags`, `SpecialFlags`, `MinimapTargetMark`, `RewardTitleId`, `RequiredPlayerKills`, `RewardTalents`, `RewardArenaPoints`, `RewardSkillId`, `RewardSkillPoints`, `RewardReputationMask`, `QuestGiverPortrait`, `QuestTurnInPortrait`, `RewardItemId1`, `RewardItemId2`, `RewardItemId3`, `RewardItemId4`, `RewardItemCount1`, `RewardItemCount2`, `RewardItemCount3`, `RewardItemCount4`, `RewardChoiceItemId1`, `RewardChoiceItemId2`, `RewardChoiceItemId3`, `RewardChoiceItemId4`, `RewardChoiceItemId5`, `RewardChoiceItemId6`, `RewardChoiceItemCount1`, `RewardChoiceItemCount2`, `RewardChoiceItemCount3`, `RewardChoiceItemCount4`, `RewardChoiceItemCount5`, `RewardChoiceItemCount6`, `RewardFactionId1`, `RewardFactionId2`, `RewardFactionId3`, `RewardFactionId4`, `RewardFactionId5`, `RewardFactionValueId1`, `RewardFactionValueId2`, `RewardFactionValueId3`, `RewardFactionValueId4`, `RewardFactionValueId5`, `RewardFactionValueIdOverride1`, `RewardFactionValueIdOverride2`, `RewardFactionValueIdOverride3`, `RewardFactionValueIdOverride4`, `RewardFactionValueIdOverride5`, `PointMapId`, `PointX`, `PointY`, `PointOption`, `Title`, `Objectives`, `Details`, `EndText`, `OfferRewardText`, `RequestItemsText`, `CompletedText`, `RequiredNpcOrGo1`, `RequiredNpcOrGo2`, `RequiredNpcOrGo3`, `RequiredNpcOrGo4`, `RequiredNpcOrGoCount1`, `RequiredNpcOrGoCount2`, `RequiredNpcOrGoCount3`, `RequiredNpcOrGoCount4`, `RequiredSourceItemId1`, `RequiredSourceItemId2`, `RequiredSourceItemId3`, `RequiredSourceItemId4`, `RequiredSourceItemCount1`, `RequiredSourceItemCount2`, `RequiredSourceItemCount3`, `RequiredSourceItemCount4`, `RequiredItemId1`, `RequiredItemId2`, `RequiredItemId3`, `RequiredItemId4`, `RequiredItemId5`, `RequiredItemId6`, `RequiredItemCount1`, `RequiredItemCount2`, `RequiredItemCount3`, `RequiredItemCount4`, `RequiredItemCount5`, `RequiredItemCount6`, `RequiredSpell`, `RequiredSpellCast1`, `RequiredSpellCast2`, `RequiredSpellCast3`, `RequiredSpellCast4`, `ObjectiveText1`, `ObjectiveText2`, `ObjectiveText3`, `ObjectiveText4`, `RewardCurrencyId1`, `RewardCurrencyId2`, `RewardCurrencyId3`, `RewardCurrencyId4`, `RewardCurrencyCount1`, `RewardCurrencyCount2`, `RewardCurrencyCount3`, `RewardCurrencyCount4`, `RequiredCurrencyId1`, `RequiredCurrencyId2`, `RequiredCurrencyId3`, `RequiredCurrencyId4`, `RequiredCurrencyCount1`, `RequiredCurrencyCount2`, `RequiredCurrencyCount3`, `RequiredCurrencyCount4`, `QuestGiverTextWindow`, `QuestGiverTargetName`, `QuestTurnTextWindow`, `QuestTurnTargetName`, `SoundAccept`, `SoundTurnIn`, `DetailsEmote1`, `DetailsEmote2`, `DetailsEmote3`, `DetailsEmote4`, `DetailsEmoteDelay1`, `DetailsEmoteDelay2`, `DetailsEmoteDelay3`, `DetailsEmoteDelay4`, `EmoteOnIncomplete`, `EmoteOnComplete`, `OfferRewardEmote1`, `OfferRewardEmote2`, `OfferRewardEmote3`, `OfferRewardEmote4`, `OfferRewardEmoteDelay1`, `OfferRewardEmoteDelay2`, `OfferRewardEmoteDelay3`, `OfferRewardEmoteDelay4`, `StartScript`, `CompleteScript`, `WDBVerified`) VALUES (27447, 2, NULL, 'Untested', 43, 43, 0, 440, 0, 0, 0, 0, 946, 0, 0, 0, 0, 0, 0, 0, 0, 0, 0, 0, 0, 24910, 0, 1, 0, 3000, 0, 0, 0, 0, 0, 0, 0, 0, 0, 262152, 0, 0, 0, 0, 0, 0, 0, 0, 0, 0, 0, 0, 0, 0, 0, 0, 0, 0, 0, 0, 0, 0, 0, 0, 0, 0, 0, 0, 0, 0, 0, 1133, 0, 0, 0, 0, 1, 0, 0, 0, 0, 0, 0, 0, 0, 0, 0, 0, 0, 0, 'Tanaris is Calling', 'Speak with Megs Dreadshredder at Gadgetzan in Tanaris.', 'Heya, $N, Megs Dreadshredder down in Tanaris left a message for you. She says that the goblins down there in Gadgetzan heard about what you\'ve been doing up here.$B$BAnyway, the Cataclysm hit them hard, too. Not as hard as us, but I\'m certain they could use your help.$B$BBesides, that Megs is a hottie!', '', 'Well hello there, $c. Welcome to Tanaris!', '', '', 0, 0, 0, 0, 0, 0, 0, 0, 0, 0, 0, 0, 0, 0, 0, 0, 0, 0, 0, 0, 0, 0, 0, 0, 0, 0, 0, 0, 0, 0, 0, 0, 0, '', '', '', '', 0, 0, 0, 0, 0, 0, 0, 0, 0, 0, 0, 0, 0, 0, 0, 0, '', '', '', '', 890, 878, 3, 0, 0, 0, 0, 0, 0, 0, 0, 0, 3, 0, 0, 0, 0, 0, 0, 0, 0, 0, 15595);

-- smartAI
DELETE FROM `smart_scripts` WHERE `entryorguid`=38534 AND `source_type`=0 AND `id`=1 AND `link`=0;
INSERT INTO `smart_scripts` (`entryorguid`, `source_type`, `id`, `link`, `event_type`, `event_phase_mask`, `event_chance`, `event_flags`, `event_param1`, `event_param2`, `event_param3`, `event_param4`, `action_type`, `action_param1`, `action_param2`, `action_param3`, `action_param4`, `action_param5`, `action_param6`, `target_type`, `target_param1`, `target_param2`, `target_param3`, `target_x`, `target_y`, `target_z`, `target_o`, `comment`) VALUES (38534, 0, 1, 0, 54, 0, 100, 0, 0, 0, 0, 0, 81, 0, 0, 0, 0, 0, 0, 1, 0, 0, 0, 0, 0, 0, 0, 'Megs Dreadshredder - On Just Summoned - Set NPCFlag=0');

-- donde se entregan
DELETE FROM `creature_involvedrelation` WHERE `id`=38534;
INSERT INTO `creature_involvedrelation` (`id`, `quest`) VALUES (38534, 24906);
INSERT INTO `creature_involvedrelation` (`id`, `quest`) VALUES (38534, 24907);
INSERT INTO `creature_involvedrelation` (`id`, `quest`) VALUES (38534, 24910);
INSERT INTO `creature_involvedrelation` (`id`, `quest`) VALUES (38534, 27447);
INSERT INTO `creature_involvedrelation` (`id`, `quest`) VALUES (38534, 28509);

-- textos
DELETE FROM `creature_text` WHERE `entry`=38534;
INSERT INTO `creature_text` (`entry`, `groupid`, `id`, `text`, `type`, `language`, `probability`, `emote`, `duration`, `sound`, `comment`, `BroadcastTextId`) VALUES (38534, 1, 0, 'Up and away, hon. I\'ll steer, you just keep an eye out.', 12, 0, 100, 0, 0, 0, 'Megs Dreadshredder', 0);
INSERT INTO `creature_text` (`entry`, `groupid`, `id`, `text`, `type`, `language`, `probability`, `emote`, `duration`, `sound`, `comment`, `BroadcastTextId`) VALUES (38534, 2, 0, 'Alright, throw the Life-Rocket packs down to the survivors, and drop the bombs on the pirates. Try not to mix those up, okay?', 12, 0, 100, 0, 0, 0, 'Megs Dreadshredder', 0);
INSERT INTO `creature_text` (`entry`, `groupid`, `id`, `text`, `type`, `language`, `probability`, `emote`, `duration`, `sound`, `comment`, `BroadcastTextId`) VALUES (38534, 3, 0, 'Our Bilgewater Cartel representatives are waiting to help find the payment plan that\'s right for you as soon as you land!', 12, 0, 100, 0, 0, 0, 'Megs Dreadshredder', 0);
INSERT INTO `creature_text` (`entry`, `groupid`, `id`, `text`, `type`, `language`, `probability`, `emote`, `duration`, `sound`, `comment`, `BroadcastTextId`) VALUES (38534, 3, 1, 'Every Life Rocket comes with a two-year contract and FREE non-arbitration clause!', 12, 0, 100, 0, 0, 0, 'Megs Dreadshredder', 0);
INSERT INTO `creature_text` (`entry`, `groupid`, `id`, `text`, `type`, `language`, `probability`, `emote`, `duration`, `sound`, `comment`, `BroadcastTextId`) VALUES (38534, 3, 2, 'The Bilgewater Cartel thanks you for your frequent future purchases!', 12, 0, 100, 0, 0, 0, 'Megs Dreadshredder', 0);
INSERT INTO `creature_text` (`entry`, `groupid`, `id`, `text`, `type`, `language`, `probability`, `emote`, `duration`, `sound`, `comment`, `BroadcastTextId`) VALUES (38534, 3, 3, 'Be sure to fill out all included paperwork during your flight!', 12, 0, 100, 0, 0, 0, 'Megs Dreadshredder', 0);

-- smartAI
DELETE FROM `smart_scripts` WHERE `entryorguid`=40505;
INSERT INTO `smart_scripts` (`entryorguid`, `source_type`, `id`, `link`, `event_type`, `event_phase_mask`, `event_chance`, `event_flags`, `event_param1`, `event_param2`, `event_param3`, `event_param4`, `action_type`, `action_param1`, `action_param2`, `action_param3`, `action_param4`, `action_param5`, `action_param6`, `target_type`, `target_param1`, `target_param2`, `target_param3`, `target_x`, `target_y`, `target_z`, `target_o`, `comment`) VALUES (40505, 0, 0, 0, 27, 0, 100, 0, 0, 0, 0, 0, 86, 46598, 0, 23, 0, 0, 0, 23, 0, 0, 0, 0, 0, 0, 0, 'Steamwheedle Rescue Balloon - On Passenger Boarded - CrossCast \'Ride Vehicle Hardcoded\'');
INSERT INTO `smart_scripts` (`entryorguid`, `source_type`, `id`, `link`, `event_type`, `event_phase_mask`, `event_chance`, `event_flags`, `event_param1`, `event_param2`, `event_param3`, `event_param4`, `action_type`, `action_param1`, `action_param2`, `action_param3`, `action_param4`, `action_param5`, `action_param6`, `target_type`, `target_param1`, `target_param2`, `target_param3`, `target_x`, `target_y`, `target_z`, `target_o`, `comment`) VALUES (40505, 0, 1, 0, 60, 0, 100, 1, 3000, 3000, 0, 0, 69, 1, 0, 0, 0, 0, 0, 8, 0, 0, 0, -7090.92, -3914.96, 72.4209, 4.555, 'Steamwheedle Rescue Balloon - Update - Move to Pos');
INSERT INTO `smart_scripts` (`entryorguid`, `source_type`, `id`, `link`, `event_type`, `event_phase_mask`, `event_chance`, `event_flags`, `event_param1`, `event_param2`, `event_param3`, `event_param4`, `action_type`, `action_param1`, `action_param2`, `action_param3`, `action_param4`, `action_param5`, `action_param6`, `target_type`, `target_param1`, `target_param2`, `target_param3`, `target_x`, `target_y`, `target_z`, `target_o`, `comment`) VALUES (40505, 0, 2, 3, 34, 0, 100, 0, 8, 1, 0, 0, 154, 6, 30, 0, 0, 0, 0, 1, 0, 0, 0, 0, 0, 0, 0, 'Steamwheedle Rescue Balloon - On Movement Inform - Set Speed');
INSERT INTO `smart_scripts` (`entryorguid`, `source_type`, `id`, `link`, `event_type`, `event_phase_mask`, `event_chance`, `event_flags`, `event_param1`, `event_param2`, `event_param3`, `event_param4`, `action_type`, `action_param1`, `action_param2`, `action_param3`, `action_param4`, `action_param5`, `action_param6`, `target_type`, `target_param1`, `target_param2`, `target_param3`, `target_x`, `target_y`, `target_z`, `target_o`, `comment`) VALUES (40505, 0, 3, 4, 61, 0, 100, 0, 0, 0, 0, 0, 153, 2, 1, 5, 1, 40505, 0, 1, 0, 0, 0, 0, 0, 0, 0, 'Steamwheedle Rescue Balloon - Link - Start WP');
INSERT INTO `smart_scripts` (`entryorguid`, `source_type`, `id`, `link`, `event_type`, `event_phase_mask`, `event_chance`, `event_flags`, `event_param1`, `event_param2`, `event_param3`, `event_param4`, `action_type`, `action_param1`, `action_param2`, `action_param3`, `action_param4`, `action_param5`, `action_param6`, `target_type`, `target_param1`, `target_param2`, `target_param3`, `target_x`, `target_y`, `target_z`, `target_o`, `comment`) VALUES (40505, 0, 4, 0, 61, 0, 100, 0, 0, 0, 0, 0, 1, 1, 0, 0, 0, 0, 0, 23, 1, 0, 0, 0, 0, 0, 0, 'Steamwheedle Rescue Balloon - Link - Say Line 1');
INSERT INTO `smart_scripts` (`entryorguid`, `source_type`, `id`, `link`, `event_type`, `event_phase_mask`, `event_chance`, `event_flags`, `event_param1`, `event_param2`, `event_param3`, `event_param4`, `action_type`, `action_param1`, `action_param2`, `action_param3`, `action_param4`, `action_param5`, `action_param6`, `target_type`, `target_param1`, `target_param2`, `target_param3`, `target_x`, `target_y`, `target_z`, `target_o`, `comment`) VALUES (40505, 0, 5, 6, 34, 0, 100, 0, 16, 2, 0, 0, 154, 6, 17, 0, 0, 0, 0, 1, 0, 0, 0, 0, 0, 0, 0, 'Steamwheedle Rescue Balloon - On Movement Inform - Set Speed');
INSERT INTO `smart_scripts` (`entryorguid`, `source_type`, `id`, `link`, `event_type`, `event_phase_mask`, `event_chance`, `event_flags`, `event_param1`, `event_param2`, `event_param3`, `event_param4`, `action_type`, `action_param1`, `action_param2`, `action_param3`, `action_param4`, `action_param5`, `action_param6`, `target_type`, `target_param1`, `target_param2`, `target_param3`, `target_x`, `target_y`, `target_z`, `target_o`, `comment`) VALUES (40505, 0, 6, 7, 61, 0, 100, 0, 0, 0, 0, 0, 1, 2, 0, 0, 0, 0, 0, 23, 1, 0, 0, 0, 0, 0, 0, 'Steamwheedle Rescue Balloon - Link - Say Line 2');
INSERT INTO `smart_scripts` (`entryorguid`, `source_type`, `id`, `link`, `event_type`, `event_phase_mask`, `event_chance`, `event_flags`, `event_param1`, `event_param2`, `event_param3`, `event_param4`, `action_type`, `action_param1`, `action_param2`, `action_param3`, `action_param4`, `action_param5`, `action_param6`, `target_type`, `target_param1`, `target_param2`, `target_param3`, `target_x`, `target_y`, `target_z`, `target_o`, `comment`) VALUES (40505, 0, 7, 8, 61, 0, 100, 0, 0, 0, 0, 0, 11, 75990, 0, 0, 0, 0, 0, 1, 0, 0, 0, 0, 0, 0, 0, 'Steamwheedle Rescue Balloon - Link - Cast \'Rocket Rescue Balloon Armed!\'');
INSERT INTO `smart_scripts` (`entryorguid`, `source_type`, `id`, `link`, `event_type`, `event_phase_mask`, `event_chance`, `event_flags`, `event_param1`, `event_param2`, `event_param3`, `event_param4`, `action_type`, `action_param1`, `action_param2`, `action_param3`, `action_param4`, `action_param5`, `action_param6`, `target_type`, `target_param1`, `target_param2`, `target_param3`, `target_x`, `target_y`, `target_z`, `target_o`, `comment`) VALUES (40505, 0, 8, 0, 61, 0, 100, 0, 0, 0, 0, 0, 153, 3, 6, 25, 1, 40505, 1, 1, 0, 0, 0, 0, 0, 0, 0, 'Steamwheedle Rescue Balloon - Link - Start WP');

-- vehicle_template_accessory
DELETE FROM `vehicle_template_accessory` WHERE `entry`=40505;
INSERT INTO `vehicle_template_accessory` (`entry`, `accessory_entry`, `seat_id`, `minion`, `description`, `summontype`, `summontimer`) VALUES (40505, 40511, 0, 1, 'Balloon Throwing Station', 8, 0);
INSERT INTO `vehicle_template_accessory` (`entry`, `accessory_entry`, `seat_id`, `minion`, `description`, `summontype`, `summontimer`) VALUES (40505, 38534, 1, 1, 'Megs Dreadshredder', 8, 0);

-- conditions
DELETE FROM `conditions` WHERE `SourceTypeOrReferenceId`=22 AND `SourceGroup`=1 AND `SourceEntry`=40505 AND `SourceId`=0 AND `ElseGroup`=0 AND `ConditionTypeOrReference`=31 AND `ConditionTarget`=0 AND `ConditionValue1`=3 AND `ConditionValue2`=40511 AND `ConditionValue3`=0;
INSERT INTO `conditions` (`SourceTypeOrReferenceId`, `SourceGroup`, `SourceEntry`, `SourceId`, `ElseGroup`, `ConditionTypeOrReference`, `ConditionTarget`, `ConditionValue1`, `ConditionValue2`, `ConditionValue3`, `NegativeCondition`, `ErrorType`, `ErrorTextId`, `ScriptName`, `Comment`) VALUES (22, 1, 40505, 0, 0, 31, 0, 3, 40511, 0, 0, 0, 0, '', 'SMART_SCRIPT OBJECT_ENTRY');

-- creature_template
DELETE FROM `creature_template` WHERE `entry`=40505;
INSERT INTO `creature_template` (`entry`, `difficulty_entry_1`, `difficulty_entry_2`, `difficulty_entry_3`, `KillCredit1`, `KillCredit2`, `modelid1`, `modelid2`, `modelid3`, `modelid4`, `name`, `subname`, `IconName`, `gossip_menu_id`, `minlevel`, `maxlevel`, `exp`, `exp_unk`, `faction_a`, `faction_h`, `npcflag`, `speed_walk`, `speed_run`, `speed_swim`, `speed_fly`, `scale`, `rank`, `mindmg`, `maxdmg`, `dmgschool`, `attackpower`, `dmg_multiplier`, `baseattacktime`, `rangeattacktime`, `unit_class`, `unit_flags`, `unit_flags2`, `dynamicflags`, `family`, `trainer_type`, `trainer_spell`, `trainer_class`, `trainer_race`, `minrangedmg`, `maxrangedmg`, `rangedattackpower`, `type`, `type_flags`, `type_flags2`, `lootid`, `pickpocketloot`, `skinloot`, `resistance1`, `resistance2`, `resistance3`, `resistance4`, `resistance5`, `resistance6`, `spell1`, `spell2`, `spell3`, `spell4`, `spell5`, `spell6`, `spell7`, `spell8`, `PetSpellDataId`, `VehicleId`, `mingold`, `maxgold`, `currencyId`, `currencyCount`, `AIName`, `MovementType`, `InhabitType`, `HoverHeight`, `Health_mod`, `Mana_mod`, `Mana_mod_extra`, `Armor_mod`, `RacialLeader`, `questItem1`, `questItem2`, `questItem3`, `questItem4`, `questItem5`, `questItem6`, `movementId`, `RegenHealth`, `equipment_id`, `mechanic_immune_mask`, `flags_extra`, `ScriptName`, `WDBVerified`) VALUES (40505, 0, 0, 0, 0, 0, 31757, 0, 0, 0, 'Steamwheedle Rescue Balloon', '', '', 0, 45, 45, 0, 0, 116, 116, 16777216, 1, 1.14286, 1, 1.14286, 1, 0, 2, 2, 0, 24, 1, 2000, 2000, 1, 33280, 0, 8, 0, 0, 0, 0, 0, 1, 1, 0, 10, 1048576, 0, 0, 0, 0, 0, 0, 0, 0, 0, 0, 0, 0, 0, 0, 0, 0, 0, 0, 0, 781, 0, 0, NULL, NULL, 'SmartAI', 0, 5, 0, 1, 1, 1, 1, 0, 0, 0, 0, 0, 0, 0, 187, 1, 0, 0, 0, '', 13623);

-- creature_template_addon
DELETE FROM `creature_template_addon` WHERE `entry`=40505;
INSERT INTO `creature_template_addon` (`entry`, `path_id`, `mount`, `bytes1`, `bytes2`, `emote`, `auras`) VALUES (40505, 0, 0, 50331648, 257, 0, '');

-- npc_spellclick_spells
DELETE FROM `npc_spellclick_spells` WHERE `npc_entry`=40505;
INSERT INTO `npc_spellclick_spells` (`npc_entry`, `spell_id`, `cast_flags`, `user_type`) VALUES (40505, 46598, 1, 0);

-- waypoints
DELETE FROM `waypoints` WHERE `entry`=40505;
INSERT INTO `waypoints` (`entry`, `pointid`, `position_x`, `position_y`, `position_z`, `point_comment`) VALUES (40505, 1, -7051.37, -3983.16, 65.8037, 'Steamwheedle Rescue Balloon - Part 1');
INSERT INTO `waypoints` (`entry`, `pointid`, `position_x`, `position_y`, `position_z`, `point_comment`) VALUES (40505, 2, -7048.16, -4147.78, 65.9426, 'Steamwheedle Rescue Balloon - Part 1');
INSERT INTO `waypoints` (`entry`, `pointid`, `position_x`, `position_y`, `position_z`, `point_comment`) VALUES (40505, 3, -7030.14, -4244.85, 65.9426, 'Steamwheedle Rescue Balloon - Part 1');
INSERT INTO `waypoints` (`entry`, `pointid`, `position_x`, `position_y`, `position_z`, `point_comment`) VALUES (40505, 4, -6967.96, -4418.78, 65.9426, 'Steamwheedle Rescue Balloon - Part 1');
INSERT INTO `waypoints` (`entry`, `pointid`, `position_x`, `position_y`, `position_z`, `point_comment`) VALUES (40505, 5, -6890.28, -4612.65, 65.9426, 'Steamwheedle Rescue Balloon - Part 1');
INSERT INTO `waypoints` (`entry`, `pointid`, `position_x`, `position_y`, `position_z`, `point_comment`) VALUES (40505, 6, -6829.08, -4676.83, 69.5229, 'Steamwheedle Rescue Balloon - Part 2');
INSERT INTO `waypoints` (`entry`, `pointid`, `position_x`, `position_y`, `position_z`, `point_comment`) VALUES (40505, 7, -6786.98, -4756.56, 69.5229, 'Steamwheedle Rescue Balloon - Part 2');
INSERT INTO `waypoints` (`entry`, `pointid`, `position_x`, `position_y`, `position_z`, `point_comment`) VALUES (40505, 8, -6786.55, -4816.43, 69.5229, 'Steamwheedle Rescue Balloon - Part 2');
INSERT INTO `waypoints` (`entry`, `pointid`, `position_x`, `position_y`, `position_z`, `point_comment`) VALUES (40505, 9, -6804.54, -4854.86, 69.5229, 'Steamwheedle Rescue Balloon - Part 2');
INSERT INTO `waypoints` (`entry`, `pointid`, `position_x`, `position_y`, `position_z`, `point_comment`) VALUES (40505, 10, -6848.94, -4880.09, 69.5229, 'Steamwheedle Rescue Balloon - Part 2');
INSERT INTO `waypoints` (`entry`, `pointid`, `position_x`, `position_y`, `position_z`, `point_comment`) VALUES (40505, 11, -6887.67, -4885.29, 69.5229, 'Steamwheedle Rescue Balloon - Part 2');
INSERT INTO `waypoints` (`entry`, `pointid`, `position_x`, `position_y`, `position_z`, `point_comment`) VALUES (40505, 12, -6983.81, -4882.11, 69.5229, 'Steamwheedle Rescue Balloon - Part 2');
INSERT INTO `waypoints` (`entry`, `pointid`, `position_x`, `position_y`, `position_z`, `point_comment`) VALUES (40505, 13, -7020.77, -4862.28, 69.5229, 'Steamwheedle Rescue Balloon - Part 2');
INSERT INTO `waypoints` (`entry`, `pointid`, `position_x`, `position_y`, `position_z`, `point_comment`) VALUES (40505, 14, -7050.57, -4824.12, 69.5229, 'Steamwheedle Rescue Balloon - Part 2');
INSERT INTO `waypoints` (`entry`, `pointid`, `position_x`, `position_y`, `position_z`, `point_comment`) VALUES (40505, 15, -7078.27, -4759, 69.5229, 'Steamwheedle Rescue Balloon - Part 2');
INSERT INTO `waypoints` (`entry`, `pointid`, `position_x`, `position_y`, `position_z`, `point_comment`) VALUES (40505, 16, -7092.83, -4614.14, 69.5229, 'Steamwheedle Rescue Balloon - Part 2');
INSERT INTO `waypoints` (`entry`, `pointid`, `position_x`, `position_y`, `position_z`, `point_comment`) VALUES (40505, 17, -7126.28, -4489.06, 69.5229, 'Steamwheedle Rescue Balloon - Part 2');
INSERT INTO `waypoints` (`entry`, `pointid`, `position_x`, `position_y`, `position_z`, `point_comment`) VALUES (40505, 18, -7110.6, -4415.79, 69.5229, 'Steamwheedle Rescue Balloon - Part 2');
INSERT INTO `waypoints` (`entry`, `pointid`, `position_x`, `position_y`, `position_z`, `point_comment`) VALUES (40505, 19, -7078.08, -4395.24, 69.5229, 'Steamwheedle Rescue Balloon - Part 2');
INSERT INTO `waypoints` (`entry`, `pointid`, `position_x`, `position_y`, `position_z`, `point_comment`) VALUES (40505, 20, -7041.44, -4387.78, 69.5229, 'Steamwheedle Rescue Balloon - Part 2');
INSERT INTO `waypoints` (`entry`, `pointid`, `position_x`, `position_y`, `position_z`, `point_comment`) VALUES (40505, 21, -6983.98, -4399.1, 69.5229, 'Steamwheedle Rescue Balloon - Part 2');
INSERT INTO `waypoints` (`entry`, `pointid`, `position_x`, `position_y`, `position_z`, `point_comment`) VALUES (40505, 22, -6965.21, -4420.02, 69.5229, 'Steamwheedle Rescue Balloon - Part 2');
INSERT INTO `waypoints` (`entry`, `pointid`, `position_x`, `position_y`, `position_z`, `point_comment`) VALUES (40505, 23, -6933.17, -4499.8, 69.5229, 'Steamwheedle Rescue Balloon - Part 2');
INSERT INTO `waypoints` (`entry`, `pointid`, `position_x`, `position_y`, `position_z`, `point_comment`) VALUES (40505, 24, -6903.85, -4571.49, 69.5229, 'Steamwheedle Rescue Balloon - Part 2');
INSERT INTO `waypoints` (`entry`, `pointid`, `position_x`, `position_y`, `position_z`, `point_comment`) VALUES (40505, 25, -6847.44, -4647.33, 69.5229, 'Steamwheedle Rescue Balloon - Part 2');

-- eliminado objeto en el aire 
DELETE FROM `gameobject` WHERE guid=57640;

-- modificado el InhabitType
UPDATE `creature_template` SET `InhabitType`=1 WHERE `entry`=39022;
