-- agregando la nueva tabla de items boost

-- se cambio la estructura de la tabla anterior
DROP TABLE IF EXISTS `level_up_item`;

CREATE TABLE `level_up_item` (
  `id` int(10) NOT NULL AUTO_INCREMENT,
  `type` int(10) NOT NULL DEFAULT '0',
  `class_id` int(10) NOT NULL DEFAULT '0',
  `spec_id` int(10) NOT NULL DEFAULT '0',
  `item_id` int(10) NOT NULL,
  KEY `id` (`id`)
) ENGINE=InnoDB AUTO_INCREMENT=4096 DEFAULT CHARSET=utf8 ROW_FORMAT=DYNAMIC;

/*Data for the table `level_up_item` */

LOCK TABLES `level_up_item` WRITE;

-- se agregaron todos los items para los nuevos boost
insert  into `level_up_item`(`id`,`type`,`class_id`,`spec_id`,`item_id`) values 
(1,0,1,0,55078),
(2,0,1,0,55229),
(3,0,1,0,55779),
(4,0,1,0,55782),
(5,0,1,0,55797),
(6,0,1,0,55842),
(7,0,1,0,55856),
(8,0,1,0,55863),
(9,0,1,0,55868),
(10,0,1,0,55872),
(11,0,1,0,55996),
(12,0,1,0,56093),
(13,0,1,0,56100),
(14,0,1,0,56118),
(15,0,1,0,56131),
(16,0,1,0,57855),
(17,0,1,845,55249),
(18,0,1,845,55274),
(19,0,1,845,55853),
(20,0,1,845,55855),
(21,0,1,845,55867),
(22,0,1,845,55873),
(23,0,1,845,55881),
(24,0,1,845,55888),
(25,0,1,845,55992),
(26,0,1,845,56096),
(27,0,1,845,56099),
(28,0,1,845,56111),
(29,0,1,845,56121),
(30,0,1,845,56124),
(31,0,1,845,56130),
(32,0,1,845,56219),
(33,0,1,845,57861),
(34,0,2,831,55784),
(35,0,2,831,55792),
(36,0,2,831,55803),
(37,0,2,831,55821),
(38,0,2,831,55848),
(39,0,2,831,55859),
(40,0,2,831,55862),
(41,0,2,831,55864),
(42,0,2,831,55880),
(43,0,2,831,55995),
(44,0,2,831,56104),
(45,0,2,831,56106),
(46,0,2,831,56107),
(47,0,2,831,56134),
(48,0,2,831,56136),
(49,0,2,831,57856),
(50,0,2,831,57865),
(51,0,2,839,55249),
(52,0,2,839,55274),
(53,0,2,839,55800),
(54,0,2,839,55855),
(55,0,2,839,55867),
(56,0,2,839,55873),
(57,0,2,839,55881),
(58,0,2,839,55888),
(59,0,2,839,55992),
(60,0,2,839,56096),
(61,0,2,839,56099),
(62,0,2,839,56111),
(63,0,2,839,56121),
(64,0,2,839,56124),
(65,0,2,839,56130),
(66,0,2,839,56219),
(67,0,2,839,57861),
(68,0,2,855,55078),
(69,0,2,855,55229),
(70,0,2,855,55248),
(71,0,2,855,55779),
(72,0,2,855,55797),
(73,0,2,855,55842),
(74,0,2,855,55856),
(75,0,2,855,55863),
(76,0,2,855,55868),
(77,0,2,855,55872),
(78,0,2,855,55996),
(79,0,2,855,56093),
(80,0,2,855,56100),
(81,0,2,855,56118),
(82,0,2,855,56131),
(83,0,2,855,57855),
(84,0,3,0,55195),
(85,0,3,0,55253),
(86,0,3,0,55782),
(87,0,3,0,55802),
(88,0,3,0,55835),
(89,0,3,0,55858),
(90,0,3,0,55860),
(91,0,3,0,55861),
(92,0,3,0,55874),
(93,0,3,0,55884),
(94,0,3,0,55994),
(95,0,3,0,55997),
(96,0,3,0,56095),
(97,0,3,0,56102),
(98,0,3,0,56112),
(99,0,3,0,57857),
(100,0,4,0,55204),
(101,0,4,0,55266),
(102,0,4,0,55272),
(103,0,4,0,55273),
(104,0,4,0,55275),
(105,0,4,0,55776),
(106,0,4,0,55780),
(107,0,4,0,55812),
(108,0,4,0,55844),
(109,0,4,0,55870),
(110,0,4,0,55871),
(111,0,4,0,55874),
(112,0,4,0,55884),
(113,0,4,0,55886),
(114,0,4,0,56001),
(115,0,4,0,56095),
(116,0,4,0,57863),
(117,0,5,0,55198),
(118,0,5,0,55786),
(119,0,5,0,55793),
(120,0,5,0,55864),
(121,0,5,0,55869),
(122,0,5,0,55878),
(123,0,5,0,55995),
(124,0,5,0,56000),
(125,0,5,0,56097),
(126,0,5,0,56105),
(127,0,5,0,56107),
(128,0,5,0,56122),
(129,0,5,0,56125),
(130,0,5,0,56138),
(131,0,5,0,56218),
(132,0,5,0,57860),
(133,0,5,795,55255),
(134,0,5,795,55810),
(135,0,5,795,55817),
(136,0,5,795,55823),
(137,0,5,795,55830),
(138,0,5,795,55850),
(139,0,5,795,55859),
(140,0,5,795,55864),
(141,0,5,795,55866),
(142,0,5,795,55876),
(143,0,5,795,55889),
(144,0,5,795,55993),
(145,0,5,795,55998),
(146,0,5,795,56106),
(147,0,5,795,56137),
(148,0,5,795,57864),
(149,0,6,0,55078),
(150,0,6,0,55229),
(151,0,6,0,55248),
(152,0,6,0,55779),
(153,0,6,0,55797),
(154,0,6,0,55842),
(155,0,6,0,55856),
(156,0,6,0,55863),
(157,0,6,0,55868),
(158,0,6,0,55872),
(159,0,6,0,55996),
(160,0,6,0,56093),
(161,0,6,0,56100),
(162,0,6,0,56118),
(163,0,6,0,56131),
(164,0,6,0,57855),
(165,0,6,398,55249),
(166,0,6,398,55274),
(167,0,6,398,55800),
(168,0,6,398,55855),
(169,0,6,398,55867),
(170,0,6,398,55873),
(171,0,6,398,55881),
(172,0,6,398,55888),
(173,0,6,398,55992),
(174,0,6,398,56099),
(175,0,6,398,56111),
(176,0,6,398,56121),
(177,0,6,398,56124),
(178,0,6,398,56131),
(179,0,6,398,56219),
(180,0,6,398,57861),
(181,0,7,261,55205),
(182,0,7,261,55279),
(183,0,7,261,55810),
(184,0,7,261,55818),
(185,0,7,261,55832),
(186,0,7,261,55850),
(187,0,7,261,55857),
(188,0,7,261,55859),
(189,0,7,261,55880),
(190,0,7,261,55887),
(191,0,7,261,55889),
(192,0,7,261,56106),
(193,0,7,261,56110),
(194,0,7,261,56116),
(195,0,7,261,56119),
(196,0,7,261,57862),
(197,0,7,261,62241),
(198,0,7,262,55205),
(199,0,7,262,55279),
(200,0,7,262,55788),
(201,0,7,262,55818),
(202,0,7,262,55821),
(203,0,7,262,55832),
(204,0,7,262,55857),
(205,0,7,262,55864),
(206,0,7,262,55869),
(207,0,7,262,55887),
(208,0,7,262,55995),
(209,0,7,262,56000),
(210,0,7,262,56107),
(211,0,7,262,56119),
(212,0,7,262,56138),
(213,0,7,262,57862),
(214,0,7,262,57865),
(215,0,7,263,55195),
(216,0,7,263,55253),
(217,0,7,263,55802),
(218,0,7,263,55835),
(219,0,7,263,55858),
(220,0,7,263,55861),
(221,0,7,263,55870),
(222,0,7,263,55875),
(223,0,7,263,55884),
(224,0,7,263,55994),
(225,0,7,263,55997),
(226,0,7,263,56095),
(227,0,7,263,56102),
(228,0,7,263,56112),
(229,0,7,263,56115),
(230,0,7,263,57857),
(231,0,7,263,62242),
(232,0,8,0,55255),
(233,0,8,0,55810),
(234,0,8,0,55817),
(235,0,8,0,55823),
(236,0,8,0,55830),
(237,0,8,0,55850),
(238,0,8,0,55859),
(239,0,8,0,55864),
(240,0,8,0,55866),
(241,0,8,0,55876),
(242,0,8,0,55889),
(243,0,8,0,55993),
(244,0,8,0,55998),
(245,0,8,0,56106),
(246,0,8,0,56137),
(247,0,8,0,57864),
(248,0,9,0,55255),
(249,0,9,0,55267),
(250,0,9,0,55810),
(251,0,9,0,55817),
(252,0,9,0,55830),
(253,0,9,0,55850),
(254,0,9,0,55859),
(255,0,9,0,55864),
(256,0,9,0,55866),
(257,0,9,0,55876),
(258,0,9,0,55889),
(259,0,9,0,55993),
(260,0,9,0,55998),
(261,0,9,0,56106),
(262,0,9,0,56137),
(263,0,9,0,57864),
(264,0,11,748,55264),
(265,0,11,748,55271),
(266,0,11,748,55276),
(267,0,11,748,55277),
(268,0,11,748,55777),
(269,0,11,748,55785),
(270,0,11,748,55798),
(271,0,11,748,55819),
(272,0,11,748,55821),
(273,0,11,748,55859),
(274,0,11,748,55877),
(275,0,11,748,55890),
(276,0,11,748,55995),
(277,0,11,748,56094),
(278,0,11,748,56107),
(279,0,11,748,56113),
(280,0,11,748,57858),
(281,0,11,750,55204),
(282,0,11,750,55266),
(283,0,11,750,55273),
(284,0,11,750,55275),
(285,0,11,750,55776),
(286,0,11,750,55780),
(287,0,11,750,55783),
(288,0,11,750,55812),
(289,0,11,750,55844),
(290,0,11,750,55860),
(291,0,11,750,55871),
(292,0,11,750,55874),
(293,0,11,750,55884),
(294,0,11,750,55886),
(295,0,11,750,56095),
(296,0,11,750,57863),
(297,0,11,752,55264),
(298,0,11,752,55271),
(299,0,11,752,55276),
(300,0,11,752,55785),
(301,0,11,752,55787),
(302,0,11,752,55789),
(303,0,11,752,55798),
(304,0,11,752,55821),
(305,0,11,752,55859),
(306,0,11,752,55877),
(307,0,11,752,55879),
(308,0,11,752,55890),
(309,0,11,752,56094),
(310,0,11,752,56107),
(311,0,11,752,56113),
(312,0,11,752,57858),
(313,1,1,746,60325),
(314,1,1,746,60327),
(315,1,1,746,60323),
(316,1,1,746,60326),
(317,1,1,746,60324),
(318,1,1,746,59442),
(319,1,1,746,58190),
(320,1,1,746,59118),
(321,1,1,746,59342),
(322,1,1,746,58195),
(323,1,1,746,58185),
(324,1,1,746,59518),
(325,1,1,746,58180),
(326,1,1,746,59506),
(327,1,1,746,59330),
(328,1,1,746,63532),
(329,2,1,746,60420),
(330,2,1,746,60422),
(331,2,1,746,60418),
(332,2,1,746,60419),
(333,2,1,746,60421),
(334,2,1,746,60673),
(335,2,1,746,60778),
(336,2,1,746,60523),
(337,2,1,746,60521),
(338,2,1,746,60509),
(339,2,1,746,60651),
(340,2,1,746,60650),
(341,2,1,746,61046),
(342,2,1,746,61034),
(343,2,1,746,61346),
(344,2,1,746,61347),
(345,3,1,746,71070),
(346,3,1,746,71072),
(347,3,1,746,71068),
(348,3,1,746,71069),
(349,3,1,746,71071),
(350,3,1,746,71212),
(351,3,1,746,72838),
(352,3,1,746,71004),
(353,3,1,746,71021),
(354,3,1,746,71029),
(355,3,1,746,70940),
(356,3,1,746,70738),
(357,3,1,746,68995),
(358,3,1,746,72901),
(359,3,1,746,71352),
(360,3,1,746,70991),
(361,4,1,746,72466),
(362,4,1,746,72468),
(363,4,1,746,72464),
(364,4,1,746,72465),
(365,4,1,746,72467),
(366,4,1,746,72454),
(367,4,1,746,72451),
(368,4,1,746,72398),
(369,4,1,746,72394),
(370,4,1,746,72396),
(371,4,1,746,72457),
(372,4,1,746,72458),
(373,4,1,746,72450),
(374,4,1,746,72455),
(375,4,1,746,70224),
(376,4,1,746,70232),
(377,5,1,746,76983),
(378,5,1,746,76987),
(379,5,1,746,76984),
(380,5,1,746,76985),
(381,5,1,746,76986),
(382,5,1,746,77090),
(383,5,1,746,77097),
(384,5,1,746,77270),
(385,5,1,746,77250),
(386,5,1,746,77259),
(387,5,1,746,77230),
(388,5,1,746,78013),
(389,5,1,746,77205),
(390,5,1,746,77200),
(391,5,1,746,77191),
(392,5,1,746,77087),
(393,6,1,746,73480),
(394,6,1,746,73478),
(395,6,1,746,73482),
(396,6,1,746,73481),
(397,6,1,746,73479),
(398,6,1,746,73492),
(399,6,1,746,73495),
(400,6,1,746,73550),
(401,6,1,746,73555),
(402,6,1,746,73553),
(403,6,1,746,73489),
(404,6,1,746,73488),
(405,6,1,746,73496),
(406,6,1,746,73491),
(407,6,1,746,73477),
(408,6,1,746,73445),
(409,1,1,815,60325),
(410,1,1,815,60327),
(411,1,1,815,60323),
(412,1,1,815,60326),
(413,1,1,815,60324),
(414,1,1,815,59442),
(415,1,1,815,58190),
(416,1,1,815,59118),
(417,1,1,815,59342),
(418,1,1,815,58195),
(419,1,1,815,58185),
(420,1,1,815,59518),
(421,1,1,815,58180),
(422,1,1,815,59506),
(423,1,1,815,59330),
(424,1,1,815,63679),
(425,1,1,815,63532),
(426,2,1,815,60420),
(427,2,1,815,60422),
(428,2,1,815,60418),
(429,2,1,815,60419),
(430,2,1,815,60421),
(431,2,1,815,60673),
(432,2,1,815,60778),
(433,2,1,815,60523),
(434,2,1,815,60521),
(435,2,1,815,60509),
(436,2,1,815,60651),
(437,2,1,815,60650),
(438,2,1,815,61046),
(439,2,1,815,61034),
(440,2,1,815,61346),
(441,2,1,815,61339),
(442,2,1,815,61347),
(443,3,1,815,71070),
(444,3,1,815,71072),
(445,3,1,815,71068),
(446,3,1,815,71069),
(447,3,1,815,71071),
(448,3,1,815,71212),
(449,3,1,815,72838),
(450,3,1,815,71004),
(451,3,1,815,71021),
(452,3,1,815,71029),
(453,3,1,815,70940),
(454,3,1,815,70738),
(455,3,1,815,68995),
(456,3,1,815,72901),
(457,3,1,815,71352),
(458,3,1,815,71780),
(459,3,1,815,70991),
(460,4,1,815,72466),
(461,4,1,815,72468),
(462,4,1,815,72464),
(463,4,1,815,72465),
(464,4,1,815,72467),
(465,4,1,815,72454),
(466,4,1,815,72451),
(467,4,1,815,72398),
(468,4,1,815,72394),
(469,4,1,815,72396),
(470,4,1,815,72457),
(471,4,1,815,72458),
(472,4,1,815,72450),
(473,4,1,815,72455),
(474,4,1,815,70224),
(475,4,1,815,70231),
(476,4,1,815,70232),
(477,5,1,815,76983),
(478,5,1,815,76987),
(479,5,1,815,76984),
(480,5,1,815,76985),
(481,5,1,815,76986),
(482,5,1,815,77090),
(483,5,1,815,77097);
insert  into `level_up_item`(`id`,`type`,`class_id`,`spec_id`,`item_id`) values 
(484,5,1,815,77270),
(485,5,1,815,77250),
(486,5,1,815,77259),
(487,5,1,815,77230),
(488,5,1,815,78013),
(489,5,1,815,77205),
(490,5,1,815,77200),
(491,5,1,815,77191),
(492,5,1,815,77217),
(493,5,1,815,77087),
(494,6,1,815,73480),
(495,6,1,815,73478),
(496,6,1,815,73482),
(497,6,1,815,73481),
(498,6,1,815,73479),
(499,6,1,815,73492),
(500,6,1,815,73495),
(501,6,1,815,73550),
(502,6,1,815,73555),
(503,6,1,815,73553),
(504,6,1,815,73489),
(505,6,1,815,73488),
(506,6,1,815,73496),
(507,6,1,815,73491),
(508,6,1,815,73477),
(509,6,1,815,73475),
(510,6,1,815,73445),
(511,1,1,845,60328),
(512,1,1,845,60331),
(513,1,1,845,60329),
(514,1,1,845,60332),
(515,1,1,845,60330),
(516,1,1,845,59442),
(517,1,1,845,58190),
(518,1,1,845,59118),
(519,1,1,845,59342),
(520,1,1,845,58195),
(521,1,1,845,58185),
(522,1,1,845,59518),
(523,1,1,845,58180),
(524,1,1,845,59506),
(525,1,1,845,59347),
(526,1,1,845,59444),
(527,1,1,845,63532),
(528,2,1,845,60420),
(529,2,1,845,60422),
(530,2,1,845,60418),
(531,2,1,845,60419),
(532,2,1,845,60421),
(533,2,1,845,60673),
(534,2,1,845,60778),
(535,2,1,845,60523),
(536,2,1,845,60521),
(537,2,1,845,60509),
(538,2,1,845,60651),
(539,2,1,845,60650),
(540,2,1,845,61046),
(541,2,1,845,61034),
(542,2,1,845,61344),
(543,2,1,845,61359),
(544,2,1,845,61347),
(545,3,1,845,70944),
(546,3,1,845,70941),
(547,3,1,845,70945),
(548,3,1,845,70943),
(549,3,1,845,70942),
(550,3,1,845,70935),
(551,3,1,845,72854),
(552,3,1,845,70920),
(553,3,1,845,72803),
(554,3,1,845,70912),
(555,3,1,845,70940),
(556,3,1,845,72837),
(557,3,1,845,68981),
(558,3,1,845,72900),
(559,3,1,845,70922),
(560,3,1,845,70915),
(561,3,1,845,70991),
(562,4,1,845,72466),
(563,4,1,845,72468),
(564,4,1,845,72464),
(565,4,1,845,72465),
(566,4,1,845,72467),
(567,4,1,845,72454),
(568,4,1,845,72451),
(569,4,1,845,72398),
(570,4,1,845,72394),
(571,4,1,845,72396),
(572,4,1,845,72457),
(573,4,1,845,72458),
(574,4,1,845,72450),
(575,4,1,845,72455),
(576,4,1,845,70229),
(577,4,1,845,70241),
(578,4,1,845,70232),
(579,5,1,845,76990),
(580,5,1,845,76992),
(581,5,1,845,76988),
(582,5,1,845,76989),
(583,5,1,845,76991),
(584,5,1,845,77092),
(585,5,1,845,77099),
(586,5,1,845,77258),
(587,5,1,845,77239),
(588,5,1,845,77246),
(589,5,1,845,77232),
(590,5,1,845,77112),
(591,5,1,845,77206),
(592,5,1,845,77211),
(593,5,1,845,77193),
(594,5,1,845,77226),
(595,5,1,845,77085),
(596,6,1,845,73480),
(597,6,1,845,73478),
(598,6,1,845,73482),
(599,6,1,845,73481),
(600,6,1,845,73479),
(601,6,1,845,73492),
(602,6,1,845,73495),
(603,6,1,845,73550),
(604,6,1,845,73555),
(605,6,1,845,73553),
(606,6,1,845,73489),
(607,6,1,845,73488),
(608,6,1,845,73496),
(609,6,1,845,73491),
(610,6,1,845,73447),
(611,6,1,845,73446),
(612,6,1,845,73445),
(613,1,2,831,60359),
(614,1,2,831,60362),
(615,1,2,831,60360),
(616,1,2,831,60363),
(617,1,2,831,60361),
(618,1,2,831,59483),
(619,1,2,831,58194),
(620,1,2,831,59497),
(621,1,2,831,59450),
(622,1,2,831,58198),
(623,1,2,831,58189),
(624,1,2,831,59220),
(625,1,2,831,58184),
(626,1,2,831,59500),
(627,1,2,831,59459),
(628,1,2,831,59327),
(629,1,2,831,64673),
(630,2,2,831,60603),
(631,2,2,831,60605),
(632,2,2,831,60601),
(633,2,2,831,60602),
(634,2,2,831,60604),
(635,2,2,831,60664),
(636,2,2,831,60788),
(637,2,2,831,60541),
(638,2,2,831,60505),
(639,2,2,831,60540),
(640,2,2,831,60649),
(641,2,2,831,60645),
(642,2,2,831,61045),
(643,2,2,831,61031),
(644,2,2,831,61338),
(645,2,2,831,61361),
(646,2,2,831,61389),
(647,3,2,831,71093),
(648,3,2,831,71095),
(649,3,2,831,71091),
(650,3,2,831,71092),
(651,3,2,831,71094),
(652,3,2,831,71214),
(653,3,2,831,76151),
(654,3,2,831,71260),
(655,3,2,831,72807),
(656,3,2,831,71351),
(657,3,2,831,71211),
(658,3,2,831,71024),
(659,3,2,831,68983),
(660,3,2,831,72898),
(661,3,2,831,71776),
(662,3,2,831,71038),
(663,3,2,831,71149),
(664,4,2,831,72391),
(665,4,2,831,72393),
(666,4,2,831,72389),
(667,4,2,831,72390),
(668,4,2,831,72392),
(669,4,2,831,72327),
(670,4,2,831,72324),
(671,4,2,831,72388),
(672,4,2,831,72383),
(673,4,2,831,72385),
(674,4,2,831,72331),
(675,4,2,831,72329),
(676,4,2,831,72449),
(677,4,2,831,72448),
(678,4,2,831,70223),
(679,4,2,831,70242),
(680,4,2,831,72358),
(681,5,2,831,76767),
(682,5,2,831,76769),
(683,5,2,831,76765),
(684,5,2,831,76766),
(685,5,2,831,76768),
(686,5,2,831,77262),
(687,5,2,831,77096),
(688,5,2,831,77253),
(689,5,2,831,77244),
(690,5,2,831,77265),
(691,5,2,831,78012),
(692,5,2,831,77229),
(693,5,2,831,77204),
(694,5,2,831,77209),
(695,5,2,831,77196),
(696,5,2,831,77227),
(697,5,2,831,77083),
(698,6,2,831,73558),
(699,6,2,831,73568),
(700,6,2,831,73560),
(701,6,2,831,73559),
(702,6,2,831,73557),
(703,6,2,831,73625),
(704,6,2,831,73628),
(705,6,2,831,73562),
(706,6,2,831,73566),
(707,6,2,831,73564),
(708,6,2,831,73623),
(709,6,2,831,73621),
(710,6,2,831,73498),
(711,6,2,831,73497),
(712,6,2,831,73459),
(713,6,2,831,73458),
(714,6,2,831,73594),
(715,1,2,839,60356),
(716,1,2,839,60358),
(717,1,2,839,60354),
(718,1,2,839,60355),
(719,1,2,839,60357),
(720,1,2,839,59442),
(721,1,2,839,58190),
(722,1,2,839,59118),
(723,1,2,839,59342),
(724,1,2,839,58195),
(725,1,2,839,58185),
(726,1,2,839,59518),
(727,1,2,839,58180),
(728,1,2,839,59506),
(729,1,2,839,59347),
(730,1,2,839,59444),
(731,1,2,839,64676),
(732,2,2,839,60415),
(733,2,2,839,60417),
(734,2,2,839,60413),
(735,2,2,839,60414),
(736,2,2,839,60416),
(737,2,2,839,60673),
(738,2,2,839,60778),
(739,2,2,839,60523),
(740,2,2,839,60521),
(741,2,2,839,60509),
(742,2,2,839,60651),
(743,2,2,839,60650),
(744,2,2,839,61046),
(745,2,2,839,61034),
(746,2,2,839,61344),
(747,2,2,839,61359),
(748,2,2,839,61391),
(749,3,2,839,70948),
(750,3,2,839,70946),
(751,3,2,839,70950),
(752,3,2,839,70949),
(753,3,2,839,70947),
(754,3,2,839,70935),
(755,3,2,839,72854),
(756,3,2,839,70920),
(757,3,2,839,72803),
(758,3,2,839,70912),
(759,3,2,839,70940),
(760,3,2,839,72837),
(761,3,2,839,68981),
(762,3,2,839,72900),
(763,3,2,839,70922),
(764,3,2,839,70915),
(765,3,2,839,70939),
(766,4,2,839,72380),
(767,4,2,839,72382),
(768,4,2,839,72378),
(769,4,2,839,72379),
(770,4,2,839,72381),
(771,4,2,839,72454),
(772,4,2,839,72451),
(773,4,2,839,72398),
(774,4,2,839,72394),
(775,4,2,839,72396),
(776,4,2,839,72457),
(777,4,2,839,72458),
(778,4,2,839,72450),
(779,4,2,839,72455),
(780,4,2,839,70229),
(781,4,2,839,70241),
(782,4,2,839,72456),
(783,5,2,839,77005),
(784,5,2,839,77007),
(785,5,2,839,77003),
(786,5,2,839,77004),
(787,5,2,839,77006),
(788,5,2,839,77092),
(789,5,2,839,77099),
(790,5,2,839,77258),
(791,5,2,839,77239),
(792,5,2,839,77246),
(793,5,2,839,77232),
(794,5,2,839,77112),
(795,5,2,839,77206),
(796,5,2,839,77211),
(797,5,2,839,77193),
(798,5,2,839,77226),
(799,5,2,839,77084),
(800,6,2,839,73569),
(801,6,2,839,73567),
(802,6,2,839,73571),
(803,6,2,839,73570),
(804,6,2,839,73568),
(805,6,2,839,73492),
(806,6,2,839,73495),
(807,6,2,839,73550),
(808,6,2,839,73555),
(809,6,2,839,73553),
(810,6,2,839,73489),
(811,6,2,839,73488),
(812,6,2,839,73496),
(813,6,2,839,73491),
(814,6,2,839,73447),
(815,6,2,839,73446),
(816,6,2,839,73490),
(817,1,2,855,60346),
(818,1,2,855,60348),
(819,1,2,855,60344),
(820,1,2,855,60345),
(821,1,2,855,60347),
(822,1,2,855,59442),
(823,1,2,855,58190),
(824,1,2,855,59118),
(825,1,2,855,59342),
(826,1,2,855,58195),
(827,1,2,855,58185),
(828,1,2,855,59518),
(829,1,2,855,58180),
(830,1,2,855,59506),
(831,1,2,855,59330),
(832,1,2,855,64674),
(833,2,2,855,60415),
(834,2,2,855,60417),
(835,2,2,855,60413),
(836,2,2,855,60414),
(837,2,2,855,60416),
(838,2,2,855,60673),
(839,2,2,855,60778),
(840,2,2,855,60523),
(841,2,2,855,60521),
(842,2,2,855,60509),
(843,2,2,855,60651),
(844,2,2,855,60650),
(845,2,2,855,61046),
(846,2,2,855,61034),
(847,2,2,855,61346),
(848,2,2,855,61391),
(849,3,2,855,71065),
(850,3,2,855,71067),
(851,3,2,855,71063),
(852,3,2,855,71064),
(853,3,2,855,71066),
(854,3,2,855,71212),
(855,3,2,855,72838),
(856,3,2,855,71004),
(857,3,2,855,71021),
(858,3,2,855,71029),
(859,3,2,855,70940),
(860,3,2,855,70738),
(861,3,2,855,68995),
(862,3,2,855,72901),
(863,3,2,855,71352),
(864,3,2,855,71147),
(865,4,2,855,72380),
(866,4,2,855,72382),
(867,4,2,855,72378),
(868,4,2,855,72379),
(869,4,2,855,72381),
(870,4,2,855,72454),
(871,4,2,855,72451),
(872,4,2,855,72398),
(873,4,2,855,72394),
(874,4,2,855,72396),
(875,4,2,855,72457),
(876,4,2,855,72458),
(877,4,2,855,72450),
(878,4,2,855,72455),
(879,4,2,855,70224),
(880,4,2,855,72456),
(881,5,2,855,76876),
(882,5,2,855,76878),
(883,5,2,855,76874),
(884,5,2,855,76875),
(885,5,2,855,76877),
(886,5,2,855,77090),
(887,5,2,855,77097),
(888,5,2,855,77270),
(889,5,2,855,77250),
(890,5,2,855,77259),
(891,5,2,855,77230),
(892,5,2,855,78013),
(893,5,2,855,77205),
(894,5,2,855,77200),
(895,5,2,855,77191),
(896,5,2,855,77081),
(897,6,2,855,73569),
(898,6,2,855,73567),
(899,6,2,855,73571),
(900,6,2,855,73570),
(901,6,2,855,73568),
(902,6,2,855,73492),
(903,6,2,855,73495),
(904,6,2,855,73550),
(905,6,2,855,73555),
(906,6,2,855,73553),
(907,6,2,855,73489),
(908,6,2,855,73488),
(909,6,2,855,73496),
(910,6,2,855,73491),
(911,6,2,855,73477),
(912,6,2,855,73490),
(913,1,3,0,60303),
(914,1,3,0,60306),
(915,1,3,0,60304),
(916,1,3,0,60307),
(917,1,3,0,60305),
(918,1,3,0,59517),
(919,1,3,0,58191),
(920,1,3,0,59355),
(921,1,3,0,59485),
(922,1,3,0,58199),
(923,1,3,0,68812),
(924,1,3,0,59121),
(925,1,3,0,58181),
(926,1,3,0,59473),
(927,1,3,0,59474),
(928,1,3,0,63532),
(929,2,3,0,60425),
(930,2,3,0,60427),
(931,2,3,0,60423),
(932,2,3,0,60424),
(933,2,3,0,60426),
(934,2,3,0,60662),
(935,2,3,0,60786),
(936,2,3,0,60559),
(937,2,3,0,60564),
(938,2,3,0,60557),
(939,2,3,0,60658),
(940,2,3,0,60659),
(941,2,3,0,61047),
(942,2,3,0,61033),
(943,2,3,0,61340),
(944,2,3,0,61353),
(945,3,3,0,71051),
(946,3,3,0,71053),
(947,3,3,0,71054),
(948,3,3,0,71050),
(949,3,3,0,71052),
(950,3,3,0,71129),
(951,3,3,0,70992),
(952,3,3,0,71264),
(953,3,3,0,69570),
(954,3,3,0,71315),
(955,3,3,0,71209),
(956,3,3,0,71032),
(957,3,3,0,68927),
(958,3,3,0,68994),
(959,3,3,0,72846),
(960,3,3,0,71353),
(961,4,3,0,72370),
(962,4,3,0,72372),
(963,4,3,0,72368),
(964,4,3,0,72369),
(965,4,3,0,72371),
(966,4,3,0,72308),
(967,4,3,0,72306),
(968,4,3,0,72366),
(969,4,3,0,72363),
(970,4,3,0,72365),
(971,4,3,0,72312),
(972,4,3,0,72311),
(973,4,3,0,72304),
(974,4,3,0,72309),
(975,4,3,0,70225),
(976,4,3,0,70238),
(977,5,3,0,77030),
(978,5,3,0,77032),
(979,5,3,0,77028),
(980,5,3,0,77029),
(981,5,3,0,77031),
(982,5,3,0,77091),
(983,5,3,0,77095);
insert  into `level_up_item`(`id`,`type`,`class_id`,`spec_id`,`item_id`) values 
(984,5,3,0,77247),
(985,5,3,0,77241),
(986,5,3,0,77251),
(987,5,3,0,77111),
(988,5,3,0,78011),
(989,5,3,0,77202),
(990,5,3,0,77207),
(991,5,3,0,77194),
(992,5,3,0,78359),
(993,6,3,0,73582),
(994,6,3,0,73580),
(995,6,3,0,73584),
(996,6,3,0,73583),
(997,6,3,0,73581),
(998,6,3,0,73644),
(999,6,3,0,73646),
(1000,6,3,0,73586),
(1001,6,3,0,73589),
(1002,6,3,0,73587),
(1003,6,3,0,73641),
(1004,6,3,0,73640),
(1005,6,3,0,73648),
(1006,6,3,0,73643),
(1007,6,3,0,73456),
(1008,6,3,0,73470),
(1009,1,4,0,60299),
(1010,1,4,0,60302),
(1011,1,4,0,60301),
(1012,1,4,0,60298),
(1013,1,4,0,60300),
(1014,1,4,0,59517),
(1015,1,4,0,58191),
(1016,1,4,0,59329),
(1017,1,4,0,59502),
(1018,1,4,0,59469),
(1019,1,4,0,68812),
(1020,1,4,0,59121),
(1021,1,4,0,58181),
(1022,1,4,0,59473),
(1023,1,4,0,59494),
(1024,1,4,0,59443),
(1025,1,4,0,63532),
(1026,2,4,0,60460),
(1027,2,4,0,60462),
(1028,2,4,0,60458),
(1029,2,4,0,60459),
(1030,2,4,0,60461),
(1031,2,4,0,60669),
(1032,2,4,0,60783),
(1033,2,4,0,60591),
(1034,2,4,0,60589),
(1035,2,4,0,60593),
(1036,2,4,0,60658),
(1037,2,4,0,60659),
(1038,2,4,0,61047),
(1039,2,4,0,61033),
(1040,2,4,0,61327),
(1041,2,4,0,61345),
(1042,2,4,0,61348),
(1043,3,4,0,71047),
(1044,3,4,0,71049),
(1045,3,4,0,71045),
(1046,3,4,0,71046),
(1047,3,4,0,71048),
(1048,3,4,0,71129),
(1049,3,4,0,70992),
(1050,3,4,0,71130),
(1051,3,4,0,72830),
(1052,3,4,0,71313),
(1053,3,4,0,71209),
(1054,3,4,0,71032),
(1055,3,4,0,68994),
(1056,3,4,0,68927),
(1057,3,4,0,70733),
(1058,3,4,0,71782),
(1059,3,4,0,70991),
(1060,4,4,0,72424),
(1061,4,4,0,72426),
(1062,4,4,0,72422),
(1063,4,4,0,72423),
(1064,4,4,0,72425),
(1065,4,4,0,72307),
(1066,4,4,0,72305),
(1067,4,4,0,72420),
(1068,4,4,0,72417),
(1069,4,4,0,72419),
(1070,4,4,0,72311),
(1071,4,4,0,72312),
(1072,4,4,0,72304),
(1073,4,4,0,72309),
(1074,4,4,0,70214),
(1075,4,4,0,70230),
(1076,4,4,0,70233),
(1077,5,4,0,77025),
(1078,5,4,0,77027),
(1079,5,4,0,77023),
(1080,5,4,0,77024),
(1081,5,4,0,77026),
(1082,5,4,0,77091),
(1083,5,4,0,77095),
(1084,5,4,0,77240),
(1085,5,4,0,77260),
(1086,5,4,0,77254),
(1087,5,4,0,77111),
(1088,5,4,0,77231),
(1089,5,4,0,77202),
(1090,5,4,0,77207),
(1091,5,4,0,77189),
(1092,5,4,0,77188),
(1093,5,4,0,77086),
(1094,6,4,0,73525),
(1095,6,4,0,73523),
(1096,6,4,0,73527),
(1097,6,4,0,73526),
(1098,6,4,0,73524),
(1099,6,4,0,73645),
(1100,6,4,0,73646),
(1101,6,4,0,73528),
(1102,6,4,0,73532),
(1103,6,4,0,73530),
(1104,6,4,0,73640),
(1105,6,4,0,73641),
(1106,6,4,0,73648),
(1107,6,4,0,73643),
(1108,6,4,0,73472),
(1109,6,4,0,73455),
(1110,6,4,0,73471),
(1111,1,5,760,60258),
(1112,1,5,760,60262),
(1113,1,5,760,60259),
(1114,1,5,760,60275),
(1115,1,5,760,60261),
(1116,1,5,760,59483),
(1117,1,5,760,58194),
(1118,1,5,760,59322),
(1119,1,5,760,59217),
(1120,1,5,760,58486),
(1121,1,5,760,58189),
(1122,1,5,760,59220),
(1123,1,5,760,58184),
(1124,1,5,760,59500),
(1125,1,5,760,59459),
(1126,1,5,760,59513),
(1127,1,5,760,59314),
(1128,2,5,760,60469),
(1129,2,5,760,60472),
(1130,2,5,760,60471),
(1131,2,5,760,60468),
(1132,2,5,760,60470),
(1133,2,5,760,60661),
(1134,2,5,760,60786),
(1135,2,5,760,60635),
(1136,2,5,760,60637),
(1137,2,5,760,60636),
(1138,2,5,760,60645),
(1139,2,5,760,60647),
(1140,2,5,760,61035),
(1141,2,5,760,61045),
(1142,2,5,760,61342),
(1143,2,5,760,61350),
(1144,3,5,760,71272),
(1145,3,5,760,71275),
(1146,3,5,760,71274),
(1147,3,5,760,71271),
(1148,3,5,760,71273),
(1149,3,5,760,71214),
(1150,3,5,760,70990),
(1151,3,5,760,71266),
(1152,3,5,760,71357),
(1153,3,5,760,71023),
(1154,3,5,760,71211),
(1155,3,5,760,71024),
(1156,3,5,760,68926),
(1157,3,5,760,68983),
(1158,3,5,760,71775),
(1159,3,5,760,71150),
(1160,4,5,760,72401),
(1161,4,5,760,72404),
(1162,4,5,760,72403),
(1163,4,5,760,72400),
(1164,4,5,760,72402),
(1165,4,5,760,72325),
(1166,4,5,760,72322),
(1167,4,5,760,72320),
(1168,4,5,760,72313),
(1169,4,5,760,72317),
(1170,4,5,760,72330),
(1171,4,5,760,72329),
(1172,4,5,760,72448),
(1173,4,5,760,72449),
(1174,4,5,760,70227),
(1175,4,5,760,70234),
(1176,5,5,760,76358),
(1177,5,5,760,76361),
(1178,5,5,760,76360),
(1179,5,5,760,76357),
(1180,5,5,760,76359),
(1181,5,5,760,77262),
(1182,5,5,760,77096),
(1183,5,5,760,77249),
(1184,5,5,760,77255),
(1185,5,5,760,77234),
(1186,5,5,760,78012),
(1187,5,5,760,77229),
(1188,5,5,760,77204),
(1189,5,5,760,77209),
(1190,5,5,760,77196),
(1191,5,5,760,77245),
(1192,5,5,760,77216),
(1193,6,5,760,73548),
(1194,6,5,760,73545),
(1195,6,5,760,73546),
(1196,6,5,760,73549),
(1197,6,5,760,73547),
(1198,6,5,760,73625),
(1199,6,5,760,73629),
(1200,6,5,760,73631),
(1201,6,5,760,73637),
(1202,6,5,760,73634),
(1203,6,5,760,73623),
(1204,6,5,760,73621),
(1205,6,5,760,73498),
(1206,6,5,760,73497),
(1207,6,5,760,73457),
(1208,6,5,760,73450),
(1209,1,5,813,60258),
(1210,1,5,813,60262),
(1211,1,5,813,60259),
(1212,1,5,813,60275),
(1213,1,5,813,60261),
(1214,1,5,813,59483),
(1215,1,5,813,58194),
(1216,1,5,813,59322),
(1217,1,5,813,59217),
(1218,1,5,813,58486),
(1219,1,5,813,58189),
(1220,1,5,813,59220),
(1221,1,5,813,58184),
(1222,1,5,813,59500),
(1223,1,5,813,59459),
(1224,1,5,813,59513),
(1225,1,5,813,59314),
(1226,2,5,813,60469),
(1227,2,5,813,60472),
(1228,2,5,813,60471),
(1229,2,5,813,60468),
(1230,2,5,813,60470),
(1231,2,5,813,60661),
(1232,2,5,813,60786),
(1233,2,5,813,60635),
(1234,2,5,813,60637),
(1235,2,5,813,60636),
(1236,2,5,813,60645),
(1237,2,5,813,60647),
(1238,2,5,813,61035),
(1239,2,5,813,61045),
(1240,2,5,813,61342),
(1241,2,5,813,61350),
(1242,3,5,813,71272),
(1243,3,5,813,71275),
(1244,3,5,813,71274),
(1245,3,5,813,71271),
(1246,3,5,813,71273),
(1247,3,5,813,71214),
(1248,3,5,813,70990),
(1249,3,5,813,71266),
(1250,3,5,813,71357),
(1251,3,5,813,71023),
(1252,3,5,813,71211),
(1253,3,5,813,71024),
(1254,3,5,813,68926),
(1255,3,5,813,68983),
(1256,3,5,813,71775),
(1257,3,5,813,71150),
(1258,4,5,813,72401),
(1259,4,5,813,72404),
(1260,4,5,813,72403),
(1261,4,5,813,72400),
(1262,4,5,813,72402),
(1263,4,5,813,72325),
(1264,4,5,813,72322),
(1265,4,5,813,72320),
(1266,4,5,813,72313),
(1267,4,5,813,72317),
(1268,4,5,813,72330),
(1269,4,5,813,72329),
(1270,4,5,813,72448),
(1271,4,5,813,72449),
(1272,4,5,813,70227),
(1273,4,5,813,70234),
(1274,5,5,813,76358),
(1275,5,5,813,76361),
(1276,5,5,813,76360),
(1277,5,5,813,76357),
(1278,5,5,813,76359),
(1279,5,5,813,77262),
(1280,5,5,813,77096),
(1281,5,5,813,77249),
(1282,5,5,813,77255),
(1283,5,5,813,77234),
(1284,5,5,813,78012),
(1285,5,5,813,77229),
(1286,5,5,813,77204),
(1287,5,5,813,77209),
(1288,5,5,813,77196),
(1289,5,5,813,77245),
(1290,5,5,813,77216),
(1291,6,5,813,73548),
(1292,6,5,813,73545),
(1293,6,5,813,73546),
(1294,6,5,813,73549),
(1295,6,5,813,73547),
(1296,6,5,813,73625),
(1297,6,5,813,73629),
(1298,6,5,813,73631),
(1299,6,5,813,73637),
(1300,6,5,813,73634),
(1301,6,5,813,73623),
(1302,6,5,813,73621),
(1303,6,5,813,73498),
(1304,6,5,813,73497),
(1305,6,5,813,73457),
(1306,6,5,813,73450),
(1307,1,5,795,60256),
(1308,1,5,795,60253),
(1309,1,5,795,60254),
(1310,1,5,795,60257),
(1311,1,5,795,60255),
(1312,1,5,795,59512),
(1313,1,5,795,58193),
(1314,1,5,795,59322),
(1315,1,5,795,59349),
(1316,1,5,795,58485),
(1317,1,5,795,58189),
(1318,1,5,795,58188),
(1319,1,5,795,58183),
(1320,1,5,795,59519),
(1321,1,5,795,63536),
(1322,1,5,795,59484),
(1323,1,5,795,59314),
(1324,2,5,795,60474),
(1325,2,5,795,60477),
(1326,2,5,795,60476),
(1327,2,5,795,60473),
(1328,2,5,795,60475),
(1329,2,5,795,60662),
(1330,2,5,795,60786),
(1331,2,5,795,60628),
(1332,2,5,795,60612),
(1333,2,5,795,60630),
(1334,2,5,795,60645),
(1335,2,5,795,60647),
(1336,2,5,795,61035),
(1337,2,5,795,61045),
(1338,2,5,795,61341),
(1339,2,5,795,61350),
(1340,3,5,795,71277),
(1341,3,5,795,71280),
(1342,3,5,795,71279),
(1343,3,5,795,71276),
(1344,3,5,795,71278),
(1345,3,5,795,71214),
(1346,3,5,795,70990),
(1347,3,5,795,71265),
(1348,3,5,795,71357),
(1349,3,5,795,71023),
(1350,3,5,795,71210),
(1351,3,5,795,71024),
(1352,3,5,795,68925),
(1353,3,5,795,68982),
(1354,3,5,795,71798),
(1355,3,5,795,71151),
(1356,4,5,795,72406),
(1357,4,5,795,72409),
(1358,4,5,795,72408),
(1359,4,5,795,72405),
(1360,4,5,795,72407),
(1361,4,5,795,72325),
(1362,4,5,795,72322),
(1363,4,5,795,72320),
(1364,4,5,795,72313),
(1365,4,5,795,72317),
(1366,4,5,795,72330),
(1367,4,5,795,72329),
(1368,4,5,795,72448),
(1369,4,5,795,72449),
(1370,4,5,795,70226),
(1371,4,5,795,70234),
(1372,5,5,795,76347),
(1373,5,5,795,76344),
(1374,5,5,795,76345),
(1375,5,5,795,76348),
(1376,5,5,795,76346),
(1377,5,5,795,77088),
(1378,5,5,795,77098),
(1379,5,5,795,77249),
(1380,5,5,795,77255),
(1381,5,5,795,77234),
(1382,5,5,795,78012),
(1383,5,5,795,77228),
(1384,5,5,795,77208),
(1385,5,5,795,77203),
(1386,5,5,795,77195),
(1387,5,5,795,77245),
(1388,5,5,795,77216),
(1389,6,5,795,73543),
(1390,6,5,795,73540),
(1391,6,5,795,73541),
(1392,6,5,795,73544),
(1393,6,5,795,73542),
(1394,6,5,795,73627),
(1395,6,5,795,73630),
(1396,6,5,795,73632),
(1397,6,5,795,73638),
(1398,6,5,795,73636),
(1399,6,5,795,73622),
(1400,6,5,795,73623),
(1401,6,5,795,73498),
(1402,6,5,795,73497),
(1403,6,5,795,73466),
(1404,6,5,795,73464),
(1405,1,6,398,60351),
(1406,1,6,398,60353),
(1407,1,6,398,60349),
(1408,1,6,398,60350),
(1409,1,6,398,60352),
(1410,1,6,398,59319),
(1411,1,6,398,58192),
(1412,1,6,398,59470),
(1413,1,6,398,59117),
(1414,1,6,398,58197),
(1415,1,6,398,58187),
(1416,1,6,398,59233),
(1417,1,6,398,59515),
(1418,1,6,398,59332),
(1419,1,6,398,59492),
(1420,1,6,398,64676),
(1421,2,6,398,60410),
(1422,2,6,398,60412),
(1423,2,6,398,60408),
(1424,2,6,398,60409),
(1425,2,6,398,60411),
(1426,2,6,398,60673),
(1427,2,6,398,60778),
(1428,2,6,398,60523),
(1429,2,6,398,60521),
(1430,2,6,398,60509),
(1431,2,6,398,60651),
(1432,2,6,398,60650),
(1433,2,6,398,61046),
(1434,2,6,398,61034),
(1435,2,6,398,61346),
(1436,2,6,398,61391),
(1437,3,6,398,70954),
(1438,3,6,398,70951),
(1439,3,6,398,70955),
(1440,3,6,398,70953),
(1441,3,6,398,70952),
(1442,3,6,398,70935),
(1443,3,6,398,72854),
(1444,3,6,398,70920),
(1445,3,6,398,72803),
(1446,3,6,398,70912),
(1447,3,6,398,70940),
(1448,3,6,398,72837),
(1449,3,6,398,68981),
(1450,3,6,398,72900),
(1451,3,6,398,71352),
(1452,3,6,398,70939),
(1453,4,6,398,72334),
(1454,4,6,398,72336),
(1455,4,6,398,72332),
(1456,4,6,398,72333),
(1457,4,6,398,72335),
(1458,4,6,398,72454),
(1459,4,6,398,72451),
(1460,4,6,398,72398),
(1461,4,6,398,72394),
(1462,4,6,398,72396),
(1463,4,6,398,72457),
(1464,4,6,398,72458),
(1465,4,6,398,72450),
(1466,4,6,398,72455),
(1467,4,6,398,70224),
(1468,4,6,398,72456),
(1469,5,6,398,77010),
(1470,5,6,398,77012),
(1471,5,6,398,77008),
(1472,5,6,398,77009),
(1473,5,6,398,77011),
(1474,5,6,398,77092),
(1475,5,6,398,77099),
(1476,5,6,398,77258),
(1477,5,6,398,77239),
(1478,5,6,398,77246),
(1479,5,6,398,77232),
(1480,5,6,398,77112),
(1481,5,6,398,77206),
(1482,5,6,398,77211),
(1483,5,6,398,77217);
insert  into `level_up_item`(`id`,`type`,`class_id`,`spec_id`,`item_id`) values 
(1484,5,6,398,77084),
(1485,6,6,398,73618),
(1486,6,6,398,73616),
(1487,6,6,398,73620),
(1488,6,6,398,73619),
(1489,6,6,398,73617),
(1490,6,6,398,73492),
(1491,6,6,398,73495),
(1492,6,6,398,73550),
(1493,6,6,398,73555),
(1494,6,6,398,73553),
(1495,6,6,398,73489),
(1496,6,6,398,73488),
(1497,6,6,398,73496),
(1498,6,6,398,73491),
(1499,6,6,398,73477),
(1500,6,6,398,73490),
(1501,1,6,399,60341),
(1502,1,6,399,60343),
(1503,1,6,399,60339),
(1504,1,6,399,60340),
(1505,1,6,399,60342),
(1506,1,6,399,59442),
(1507,1,6,399,58190),
(1508,1,6,399,59118),
(1509,1,6,399,59342),
(1510,1,6,399,58195),
(1511,1,6,399,58185),
(1512,1,6,399,59518),
(1513,1,6,399,58180),
(1514,1,6,399,59506),
(1515,1,6,399,59333),
(1516,1,6,399,59333),
(1517,1,6,399,64674),
(1518,2,6,399,60410),
(1519,2,6,399,60412),
(1520,2,6,399,60408),
(1521,2,6,399,60409),
(1522,2,6,399,60411),
(1523,2,6,399,60673),
(1524,2,6,399,60778),
(1525,2,6,399,60523),
(1526,2,6,399,60521),
(1527,2,6,399,60509),
(1528,2,6,399,60651),
(1529,2,6,399,60650),
(1530,2,6,399,61046),
(1531,2,6,399,61034),
(1532,2,6,399,61344),
(1533,2,6,399,61344),
(1534,2,6,399,61391),
(1535,3,6,399,71060),
(1536,3,6,399,71062),
(1537,3,6,399,71058),
(1538,3,6,399,71059),
(1539,3,6,399,71061),
(1540,3,6,399,71212),
(1541,3,6,399,72838),
(1542,3,6,399,71004),
(1543,3,6,399,71021),
(1544,3,6,399,71029),
(1545,3,6,399,70940),
(1546,3,6,399,70738),
(1547,3,6,399,68995),
(1548,3,6,399,72901),
(1549,3,6,399,72804),
(1550,3,6,399,72804),
(1551,3,6,399,71147),
(1552,4,6,399,72334),
(1553,4,6,399,72336),
(1554,4,6,399,72332),
(1555,4,6,399,72333),
(1556,4,6,399,72335),
(1557,4,6,399,72454),
(1558,4,6,399,72451),
(1559,4,6,399,72398),
(1560,4,6,399,72394),
(1561,4,6,399,72396),
(1562,4,6,399,72457),
(1563,4,6,399,72458),
(1564,4,6,399,72450),
(1565,4,6,399,72455),
(1566,4,6,399,70212),
(1567,4,6,399,70212),
(1568,4,6,399,72456),
(1569,5,6,399,76976),
(1570,5,6,399,76978),
(1571,5,6,399,76974),
(1572,5,6,399,76975),
(1573,5,6,399,76977),
(1574,5,6,399,77090),
(1575,5,6,399,77097),
(1576,5,6,399,77270),
(1577,5,6,399,77250),
(1578,5,6,399,77259),
(1579,5,6,399,77230),
(1580,5,6,399,78013),
(1581,5,6,399,77205),
(1582,5,6,399,77200),
(1583,5,6,399,77188),
(1584,5,6,399,77188),
(1585,5,6,399,77081),
(1586,6,6,399,73618),
(1587,6,6,399,73616),
(1588,6,6,399,73620),
(1589,6,6,399,73619),
(1590,6,6,399,73617),
(1591,6,6,399,73492),
(1592,6,6,399,73495),
(1593,6,6,399,73550),
(1594,6,6,399,73555),
(1595,6,6,399,73553),
(1596,6,6,399,73489),
(1597,6,6,399,73488),
(1598,6,6,399,73496),
(1599,6,6,399,73491),
(1600,6,6,399,73447),
(1601,6,6,399,73447),
(1602,6,6,399,73490),
(1603,1,6,400,60341),
(1604,1,6,400,60343),
(1605,1,6,400,60339),
(1606,1,6,400,60340),
(1607,1,6,400,60342),
(1608,1,6,400,59442),
(1609,1,6,400,58190),
(1610,1,6,400,59118),
(1611,1,6,400,59342),
(1612,1,6,400,58195),
(1613,1,6,400,58185),
(1614,1,6,400,59518),
(1615,1,6,400,58180),
(1616,1,6,400,59506),
(1617,1,6,400,59330),
(1618,1,6,400,64674),
(1619,2,6,400,60410),
(1620,2,6,400,60412),
(1621,2,6,400,60408),
(1622,2,6,400,60409),
(1623,2,6,400,60411),
(1624,2,6,400,60673),
(1625,2,6,400,60778),
(1626,2,6,400,60523),
(1627,2,6,400,60521),
(1628,2,6,400,60509),
(1629,2,6,400,60651),
(1630,2,6,400,60650),
(1631,2,6,400,61046),
(1632,2,6,400,61034),
(1633,2,6,400,61346),
(1634,2,6,400,61391),
(1635,3,6,400,71060),
(1636,3,6,400,71062),
(1637,3,6,400,71058),
(1638,3,6,400,71059),
(1639,3,6,400,71061),
(1640,3,6,400,71212),
(1641,3,6,400,72838),
(1642,3,6,400,71004),
(1643,3,6,400,71021),
(1644,3,6,400,71029),
(1645,3,6,400,70940),
(1646,3,6,400,70738),
(1647,3,6,400,68995),
(1648,3,6,400,72901),
(1649,3,6,400,71352),
(1650,3,6,400,71147),
(1651,4,6,400,72334),
(1652,4,6,400,72336),
(1653,4,6,400,72332),
(1654,4,6,400,72333),
(1655,4,6,400,72335),
(1656,4,6,400,72454),
(1657,4,6,400,72451),
(1658,4,6,400,72398),
(1659,4,6,400,72394),
(1660,4,6,400,72396),
(1661,4,6,400,72457),
(1662,4,6,400,72458),
(1663,4,6,400,72450),
(1664,4,6,400,72455),
(1665,4,6,400,70224),
(1666,4,6,400,72456),
(1667,5,6,400,76976),
(1668,5,6,400,76978),
(1669,5,6,400,76974),
(1670,5,6,400,76975),
(1671,5,6,400,76977),
(1672,5,6,400,77090),
(1673,5,6,400,77097),
(1674,5,6,400,77270),
(1675,5,6,400,77250),
(1676,5,6,400,77259),
(1677,5,6,400,77230),
(1678,5,6,400,78013),
(1679,5,6,400,77205),
(1680,5,6,400,77200),
(1681,5,6,400,77191),
(1682,5,6,400,77081),
(1683,6,6,400,73618),
(1684,6,6,400,73616),
(1685,6,6,400,73620),
(1686,6,6,400,73619),
(1687,6,6,400,73617),
(1688,6,6,400,73492),
(1689,6,6,400,73495),
(1690,6,6,400,73550),
(1691,6,6,400,73555),
(1692,6,6,400,73553),
(1693,6,6,400,73489),
(1694,6,6,400,73488),
(1695,6,6,400,73496),
(1696,6,6,400,73491),
(1697,6,6,400,73477),
(1698,6,6,400,73490),
(1699,1,7,261,60315),
(1700,1,7,261,60317),
(1701,1,7,261,60313),
(1702,1,7,261,60314),
(1703,1,7,261,60316),
(1704,1,7,261,59512),
(1705,1,7,261,58193),
(1706,1,7,261,59310),
(1707,1,7,261,59334),
(1708,1,7,261,58481),
(1709,1,7,261,58189),
(1710,1,7,261,58188),
(1711,1,7,261,58183),
(1712,1,7,261,59519),
(1713,1,7,261,63680),
(1714,1,7,261,59327),
(1715,1,7,261,64673),
(1716,2,7,261,60440),
(1717,2,7,261,60442),
(1718,2,7,261,60438),
(1719,2,7,261,60439),
(1720,2,7,261,60441),
(1721,2,7,261,60662),
(1722,2,7,261,60788),
(1723,2,7,261,60569),
(1724,2,7,261,60536),
(1725,2,7,261,60567),
(1726,2,7,261,60649),
(1727,2,7,261,60645),
(1728,2,7,261,61045),
(1729,2,7,261,61031),
(1730,2,7,261,61338),
(1731,2,7,261,61361),
(1732,2,7,261,61389),
(1733,3,7,261,71293),
(1734,3,7,261,71295),
(1735,3,7,261,71291),
(1736,3,7,261,71292),
(1737,3,7,261,71294),
(1738,3,7,261,71213),
(1739,3,7,261,70990),
(1740,3,7,261,71263),
(1741,3,7,261,65132),
(1742,3,7,261,71027),
(1743,3,7,261,71210),
(1744,3,7,261,71024),
(1745,3,7,261,68925),
(1746,3,7,261,68982),
(1747,3,7,261,71776),
(1748,3,7,261,71038),
(1749,3,7,261,71148),
(1750,4,7,261,72445),
(1751,4,7,261,72447),
(1752,4,7,261,72443),
(1753,4,7,261,72444),
(1754,4,7,261,72446),
(1755,4,7,261,72325),
(1756,4,7,261,72322),
(1757,4,7,261,72430),
(1758,4,7,261,72442),
(1759,4,7,261,72428),
(1760,4,7,261,72330),
(1761,4,7,261,72329),
(1762,4,7,261,72449),
(1763,4,7,261,72448),
(1764,4,7,261,70223),
(1765,4,7,261,70242),
(1766,4,7,261,72328),
(1767,5,7,261,77037),
(1768,5,7,261,77035),
(1769,5,7,261,77039),
(1770,5,7,261,77038),
(1771,5,7,261,77036),
(1772,5,7,261,77262),
(1773,5,7,261,77098),
(1774,5,7,261,77257),
(1775,5,7,261,77266),
(1776,5,7,261,77252),
(1777,5,7,261,78012),
(1778,5,7,261,77228),
(1779,5,7,261,77208),
(1780,5,7,261,77203),
(1781,5,7,261,77195),
(1782,5,7,261,77227),
(1783,5,7,261,77082),
(1784,6,7,261,73504),
(1785,6,7,261,73502),
(1786,6,7,261,73506),
(1787,6,7,261,73505),
(1788,6,7,261,73503),
(1789,6,7,261,73627),
(1790,6,7,261,73630),
(1791,6,7,261,73519),
(1792,6,7,261,73507),
(1793,6,7,261,73521),
(1794,6,7,261,73623),
(1795,6,7,261,73621),
(1796,6,7,261,73498),
(1797,6,7,261,73497),
(1798,6,7,261,73459),
(1799,6,7,261,73458),
(1800,6,7,261,73624),
(1801,1,7,263,60320),
(1802,1,7,263,60322),
(1803,1,7,263,60318),
(1804,1,7,263,60319),
(1805,1,7,263,60321),
(1806,1,7,263,59517),
(1807,1,7,263,58191),
(1808,1,7,263,59355),
(1809,1,7,263,59485),
(1810,1,7,263,58199),
(1811,1,7,263,68812),
(1812,1,7,263,59121),
(1813,1,7,263,58181),
(1814,1,7,263,59473),
(1815,1,7,263,59443),
(1816,1,7,263,59443),
(1817,1,7,263,64672),
(1818,2,7,263,60435),
(1819,2,7,263,60437),
(1820,2,7,263,60433),
(1821,2,7,263,60434),
(1822,2,7,263,60436),
(1823,2,7,263,60662),
(1824,2,7,263,60786),
(1825,2,7,263,60559),
(1826,2,7,263,60564),
(1827,2,7,263,60557),
(1828,2,7,263,60658),
(1829,2,7,263,60659),
(1830,2,7,263,61047),
(1831,2,7,263,61033),
(1832,2,7,263,61330),
(1833,2,7,263,61331),
(1834,2,7,263,61390),
(1835,3,7,263,71303),
(1836,3,7,263,71305),
(1837,3,7,263,71301),
(1838,3,7,263,71302),
(1839,3,7,263,71304),
(1840,3,7,263,71129),
(1841,3,7,263,70992),
(1842,3,7,263,71264),
(1843,3,7,263,69570),
(1844,3,7,263,71315),
(1845,3,7,263,71209),
(1846,3,7,263,71032),
(1847,3,7,263,68927),
(1848,3,7,263,68994),
(1849,3,7,263,71782),
(1850,3,7,263,71782),
(1851,3,7,263,71146),
(1852,4,7,263,72439),
(1853,4,7,263,72441),
(1854,4,7,263,72437),
(1855,4,7,263,72438),
(1856,4,7,263,72440),
(1857,4,7,263,72308),
(1858,4,7,263,72306),
(1859,4,7,263,72366),
(1860,4,7,263,72363),
(1861,4,7,263,72365),
(1862,4,7,263,72312),
(1863,4,7,263,72311),
(1864,4,7,263,72304),
(1865,4,7,263,72309),
(1866,4,7,263,70217),
(1867,4,7,263,70219),
(1868,4,7,263,72310),
(1869,5,7,263,77042),
(1870,5,7,263,77044),
(1871,5,7,263,77040),
(1872,5,7,263,77041),
(1873,5,7,263,77043),
(1874,5,7,263,77091),
(1875,5,7,263,77095),
(1876,5,7,263,77247),
(1877,5,7,263,77241),
(1878,5,7,263,77251),
(1879,5,7,263,77111),
(1880,5,7,263,78011),
(1881,5,7,263,77202),
(1882,5,7,263,77207),
(1883,5,7,263,77188),
(1884,5,7,263,77188),
(1885,5,7,263,77080),
(1886,6,7,263,73510),
(1887,6,7,263,73508),
(1888,6,7,263,73512),
(1889,6,7,263,73511),
(1890,6,7,263,73509),
(1891,6,7,263,73644),
(1892,6,7,263,73646),
(1893,6,7,263,73586),
(1894,6,7,263,73589),
(1895,6,7,263,73587),
(1896,6,7,263,73640),
(1897,6,7,263,73641),
(1898,6,7,263,73643),
(1899,6,7,263,73648),
(1900,6,7,263,73452),
(1901,6,7,263,73453),
(1902,6,7,263,73642),
(1903,1,7,262,60308),
(1904,1,7,262,60311),
(1905,1,7,262,60309),
(1906,1,7,262,60312),
(1907,1,7,262,60310),
(1908,1,7,262,59483),
(1909,1,7,262,58194),
(1910,1,7,262,59310),
(1911,1,7,262,63535),
(1912,1,7,262,59350),
(1913,1,7,262,58189),
(1914,1,7,262,59220),
(1915,1,7,262,58184),
(1916,1,7,262,59500),
(1917,1,7,262,59459),
(1918,1,7,262,59327),
(1919,1,7,262,64673),
(1920,2,7,262,60430),
(1921,2,7,262,60432),
(1922,2,7,262,60428),
(1923,2,7,262,60429),
(1924,2,7,262,60431),
(1925,2,7,262,60662),
(1926,2,7,262,60788),
(1927,2,7,262,60569),
(1928,2,7,262,60536),
(1929,2,7,262,60567),
(1930,2,7,262,60649),
(1931,2,7,262,60645),
(1932,2,7,262,61045),
(1933,2,7,262,61031),
(1934,2,7,262,61338),
(1935,2,7,262,61361),
(1936,2,7,262,61389),
(1937,3,7,262,71298),
(1938,3,7,262,71300),
(1939,3,7,262,71296),
(1940,3,7,262,71297),
(1941,3,7,262,71299),
(1942,3,7,262,71214),
(1943,3,7,262,76151),
(1944,3,7,262,71009),
(1945,3,7,262,65092),
(1946,3,7,262,71027),
(1947,3,7,262,71211),
(1948,3,7,262,71024),
(1949,3,7,262,68983),
(1950,3,7,262,72898),
(1951,3,7,262,71776),
(1952,3,7,262,71038),
(1953,3,7,262,71149),
(1954,4,7,262,72434),
(1955,4,7,262,72436),
(1956,4,7,262,72432),
(1957,4,7,262,72433),
(1958,4,7,262,72435),
(1959,4,7,262,72327),
(1960,4,7,262,72324),
(1961,4,7,262,72431),
(1962,4,7,262,72427),
(1963,4,7,262,72429),
(1964,4,7,262,72331),
(1965,4,7,262,72329),
(1966,4,7,262,72449),
(1967,4,7,262,72448),
(1968,4,7,262,70223),
(1969,4,7,262,70242),
(1970,4,7,262,72358),
(1971,5,7,262,76758),
(1972,5,7,262,76760),
(1973,5,7,262,76756),
(1974,5,7,262,76757),
(1975,5,7,262,76759),
(1976,5,7,262,77262),
(1977,5,7,262,77096),
(1978,5,7,262,77257),
(1979,5,7,262,77266),
(1980,5,7,262,77252),
(1981,5,7,262,78012),
(1982,5,7,262,77229),
(1983,5,7,262,77204);
insert  into `level_up_item`(`id`,`type`,`class_id`,`spec_id`,`item_id`) 
values (1984,5,7,262,77209),
(1985,5,7,262,77196),
(1986,5,7,262,77227),
(1987,5,7,262,77083),
(1988,6,7,262,73515),
(1989,6,7,262,73513),
(1990,6,7,262,73517),
(1991,6,7,262,73516),
(1992,6,7,262,73514),
(1993,6,7,262,73625),
(1994,6,7,262,73628),
(1995,6,7,262,73518),
(1996,6,7,262,73522),
(1997,6,7,262,73520),
(1998,6,7,262,73623),
(1999,6,7,262,73621),
(2000,6,7,262,73498),
(2001,6,7,262,73497),
(2002,6,7,262,73459),
(2003,6,7,262,73458),
(2004,6,7,262,73594),
(2005,1,8,0,60243),
(2006,1,8,0,60246),
(2007,1,8,0,60244),
(2008,1,8,0,60247),
(2009,1,8,0,60245),
(2010,1,8,0,59512),
(2011,1,8,0,58193),
(2012,1,8,0,59322),
(2013,1,8,0,59349),
(2014,1,8,0,58485),
(2015,1,8,0,58189),
(2016,1,8,0,58188),
(2017,1,8,0,58183),
(2018,1,8,0,59519),
(2019,1,8,0,63536),
(2020,1,8,0,59484),
(2021,1,8,0,59314),
(2022,2,8,0,60464),
(2023,2,8,0,60467),
(2024,2,8,0,60466),
(2025,2,8,0,60463),
(2026,2,8,0,60465),
(2027,2,8,0,60662),
(2028,2,8,0,60786),
(2029,2,8,0,60628),
(2030,2,8,0,60612),
(2031,2,8,0,60630),
(2032,2,8,0,60645),
(2033,2,8,0,60647),
(2034,2,8,0,61035),
(2035,2,8,0,61045),
(2036,2,8,0,61341),
(2037,2,8,0,61350),
(2038,3,8,0,71287),
(2039,3,8,0,71290),
(2040,3,8,0,71289),
(2041,3,8,0,71286),
(2042,3,8,0,71288),
(2043,3,8,0,71214),
(2044,3,8,0,70990),
(2045,3,8,0,71265),
(2046,3,8,0,71357),
(2047,3,8,0,71023),
(2048,3,8,0,71210),
(2049,3,8,0,71024),
(2050,3,8,0,68925),
(2051,3,8,0,68982),
(2052,3,8,0,71798),
(2053,3,8,0,71151),
(2054,4,8,0,72374),
(2055,4,8,0,72377),
(2056,4,8,0,72376),
(2057,4,8,0,72373),
(2058,4,8,0,72375),
(2059,4,8,0,72325),
(2060,4,8,0,72322),
(2061,4,8,0,72320),
(2062,4,8,0,72313),
(2063,4,8,0,72317),
(2064,4,8,0,72330),
(2065,4,8,0,72329),
(2066,4,8,0,72448),
(2067,4,8,0,72449),
(2068,4,8,0,70226),
(2069,4,8,0,70234),
(2070,5,8,0,76213),
(2071,5,8,0,76216),
(2072,5,8,0,76215),
(2073,5,8,0,76212),
(2074,5,8,0,76214),
(2075,5,8,0,77088),
(2076,5,8,0,77098),
(2077,5,8,0,77249),
(2078,5,8,0,77255),
(2079,5,8,0,77234),
(2080,5,8,0,78012),
(2081,5,8,0,77228),
(2082,5,8,0,77208),
(2083,5,8,0,77203),
(2084,5,8,0,77195),
(2085,5,8,0,77245),
(2086,5,8,0,77216),
(2087,6,8,0,73575),
(2088,6,8,0,73572),
(2089,6,8,0,73573),
(2090,6,8,0,73576),
(2091,6,8,0,73574),
(2092,6,8,0,73627),
(2093,6,8,0,73630),
(2094,6,8,0,73632),
(2095,6,8,0,73638),
(2096,6,8,0,73636),
(2097,6,8,0,73622),
(2098,6,8,0,73623),
(2099,6,8,0,73498),
(2100,6,8,0,73497),
(2101,6,8,0,73466),
(2102,6,8,0,73464),
(2103,1,9,0,60249),
(2104,1,9,0,60252),
(2105,1,9,0,60251),
(2106,1,9,0,60248),
(2107,1,9,0,60250),
(2108,1,9,0,59512),
(2109,1,9,0,58193),
(2110,1,9,0,59322),
(2111,1,9,0,59349),
(2112,1,9,0,58485),
(2113,1,9,0,58189),
(2114,1,9,0,58188),
(2115,1,9,0,58183),
(2116,1,9,0,59519),
(2117,1,9,0,63536),
(2118,1,9,0,59484),
(2119,1,9,0,59314),
(2120,2,9,0,60479),
(2121,2,9,0,60482),
(2122,2,9,0,60481),
(2123,2,9,0,60478),
(2124,2,9,0,60480),
(2125,2,9,0,60662),
(2126,2,9,0,60786),
(2127,2,9,0,60628),
(2128,2,9,0,60612),
(2129,2,9,0,60630),
(2130,2,9,0,60645),
(2131,2,9,0,60647),
(2132,2,9,0,61035),
(2133,2,9,0,61045),
(2134,2,9,0,61341),
(2135,2,9,0,61350),
(2136,3,9,0,71282),
(2137,3,9,0,71285),
(2138,3,9,0,71284),
(2139,3,9,0,71281),
(2140,3,9,0,71283),
(2141,3,9,0,71214),
(2142,3,9,0,70990),
(2143,3,9,0,71265),
(2144,3,9,0,71357),
(2145,3,9,0,71023),
(2146,3,9,0,71210),
(2147,3,9,0,71024),
(2148,3,9,0,68925),
(2149,3,9,0,68982),
(2150,3,9,0,71798),
(2151,3,9,0,71151),
(2152,4,9,0,72460),
(2153,4,9,0,72463),
(2154,4,9,0,72462),
(2155,4,9,0,72459),
(2156,4,9,0,72461),
(2157,4,9,0,72325),
(2158,4,9,0,72322),
(2159,4,9,0,72320),
(2160,4,9,0,72313),
(2161,4,9,0,72317),
(2162,4,9,0,72330),
(2163,4,9,0,72329),
(2164,4,9,0,72448),
(2165,4,9,0,72449),
(2166,4,9,0,70226),
(2167,4,9,0,70234),
(2168,5,9,0,76342),
(2169,5,9,0,76339),
(2170,5,9,0,76340),
(2171,5,9,0,76343),
(2172,5,9,0,76341),
(2173,5,9,0,77088),
(2174,5,9,0,77098),
(2175,5,9,0,77249),
(2176,5,9,0,77255),
(2177,5,9,0,77234),
(2178,5,9,0,78012),
(2179,5,9,0,77228),
(2180,5,9,0,77208),
(2181,5,9,0,77203),
(2182,5,9,0,77195),
(2183,5,9,0,77245),
(2184,5,9,0,77216),
(2185,6,9,0,73486),
(2186,6,9,0,73483),
(2187,6,9,0,73484),
(2188,6,9,0,73487),
(2189,6,9,0,73485),
(2190,6,9,0,73627),
(2191,6,9,0,73630),
(2192,6,9,0,73632),
(2193,6,9,0,73638),
(2194,6,9,0,73636),
(2195,6,9,0,73622),
(2196,6,9,0,73623),
(2197,6,9,0,73498),
(2198,6,9,0,73497),
(2199,6,9,0,73466),
(2200,6,9,0,73464),
(2201,1,11,752,60282),
(2202,1,11,752,60284),
(2203,1,11,752,60281),
(2204,1,11,752,60285),
(2205,1,11,752,60283),
(2206,1,11,752,59512),
(2207,1,11,752,58193),
(2208,1,11,752,59451),
(2209,1,11,752,59321),
(2210,1,11,752,58484),
(2211,1,11,752,58189),
(2212,1,11,752,58188),
(2213,1,11,752,58183),
(2214,1,11,752,59519),
(2215,1,11,752,63536),
(2216,1,11,752,59484),
(2217,1,11,752,64673),
(2218,2,11,752,60454),
(2219,2,11,752,60457),
(2220,2,11,752,60456),
(2221,2,11,752,60453),
(2222,2,11,752,60455),
(2223,2,11,752,60662),
(2224,2,11,752,60787),
(2225,2,11,752,60611),
(2226,2,11,752,60583),
(2227,2,11,752,60607),
(2228,2,11,752,60645),
(2229,2,11,752,60647),
(2230,2,11,752,61035),
(2231,2,11,752,61045),
(2232,2,11,752,61341),
(2233,2,11,752,61389),
(2234,3,11,752,71108),
(2235,3,11,752,71111),
(2236,3,11,752,71110),
(2237,3,11,752,71107),
(2238,3,11,752,71109),
(2239,3,11,752,71213),
(2240,3,11,752,70990),
(2241,3,11,752,71341),
(2242,3,11,752,71341),
(2243,3,11,752,70987),
(2244,3,11,752,71210),
(2245,3,11,752,71024),
(2246,3,11,752,68925),
(2247,3,11,752,68982),
(2248,3,11,752,71798),
(2249,3,11,752,71148),
(2250,4,11,752,72354),
(2251,4,11,752,72357),
(2252,4,11,752,72356),
(2253,4,11,752,72353),
(2254,4,11,752,72355),
(2255,4,11,752,72325),
(2256,4,11,752,72322),
(2257,4,11,752,72352),
(2258,4,11,752,72350),
(2259,4,11,752,72351),
(2260,4,11,752,72330),
(2261,4,11,752,72329),
(2262,4,11,752,72448),
(2263,4,11,752,72449),
(2264,4,11,752,70226),
(2265,4,11,752,72328),
(2266,5,11,752,77019),
(2267,5,11,752,77022),
(2268,5,11,752,77021),
(2269,5,11,752,77018),
(2270,5,11,752,77020),
(2271,5,11,752,77262),
(2272,5,11,752,77098),
(2273,5,11,752,77261),
(2274,5,11,752,77248),
(2275,5,11,752,77243),
(2276,5,11,752,78012),
(2277,5,11,752,77228),
(2278,5,11,752,77208),
(2279,5,11,752,77203),
(2280,5,11,752,77195),
(2281,5,11,752,77245),
(2282,5,11,752,77082),
(2283,6,11,752,73598),
(2284,6,11,752,73595),
(2285,6,11,752,73596),
(2286,6,11,752,73599),
(2287,6,11,752,73597),
(2288,6,11,752,73626),
(2289,6,11,752,73630),
(2290,6,11,752,73600),
(2291,6,11,752,73602),
(2292,6,11,752,73601),
(2293,6,11,752,73622),
(2294,6,11,752,73623),
(2295,6,11,752,73498),
(2296,6,11,752,73497),
(2297,6,11,752,73466),
(2298,6,11,752,73624),
(2299,1,11,750,60286),
(2300,1,11,750,60289),
(2301,1,11,750,60287),
(2302,1,11,750,60290),
(2303,1,11,750,60288),
(2304,1,11,750,59517),
(2305,1,11,750,58191),
(2306,1,11,750,59329),
(2307,1,11,750,59502),
(2308,1,11,750,59469),
(2309,1,11,750,68812),
(2310,1,11,750,59121),
(2311,1,11,750,58181),
(2312,1,11,750,59473),
(2313,1,11,750,59474),
(2314,1,11,750,64672),
(2315,2,11,750,60444),
(2316,2,11,750,60447),
(2317,2,11,750,60446),
(2318,2,11,750,64443),
(2319,2,11,750,64445),
(2320,2,11,750,60669),
(2321,2,11,750,60783),
(2322,2,11,750,60591),
(2323,2,11,750,60589),
(2324,2,11,750,60593),
(2325,2,11,750,60658),
(2326,2,11,750,60659),
(2327,2,11,750,61047),
(2328,2,11,750,61033),
(2329,2,11,750,61340),
(2330,2,11,750,61390),
(2331,3,11,750,71098),
(2332,3,11,750,71101),
(2333,3,11,750,71100),
(2334,3,11,750,71097),
(2335,3,11,750,71099),
(2336,3,11,750,71129),
(2337,3,11,750,70992),
(2338,3,11,750,71130),
(2339,3,11,750,72830),
(2340,3,11,750,71313),
(2341,3,11,750,71209),
(2342,3,11,750,71032),
(2343,3,11,750,68994),
(2344,3,11,750,68927),
(2345,3,11,750,72846),
(2346,3,11,750,71146),
(2347,4,11,750,72338),
(2348,4,11,750,72341),
(2349,4,11,750,72340),
(2350,4,11,750,72337),
(2351,4,11,750,72339),
(2352,4,11,750,72307),
(2353,4,11,750,72305),
(2354,4,11,750,72420),
(2355,4,11,750,72417),
(2356,4,11,750,72419),
(2357,4,11,750,72311),
(2358,4,11,750,72312),
(2359,4,11,750,72304),
(2360,4,11,750,72309),
(2361,4,11,750,70225),
(2362,4,11,750,72310),
(2363,5,11,750,77015),
(2364,5,11,750,77017),
(2365,5,11,750,77013),
(2366,5,11,750,77014),
(2367,5,11,750,77016),
(2368,5,11,750,77091),
(2369,5,11,750,77095),
(2370,5,11,750,77240),
(2371,5,11,750,77260),
(2372,5,11,750,77254),
(2373,5,11,750,77111),
(2374,5,11,750,77231),
(2375,5,11,750,77202),
(2376,5,11,750,77207),
(2377,5,11,750,77194),
(2378,5,11,750,77080),
(2379,6,11,750,73614),
(2380,6,11,750,73611),
(2381,6,11,750,73612),
(2382,6,11,750,73615),
(2383,6,11,750,73613),
(2384,6,11,750,73645),
(2385,6,11,750,73646),
(2386,6,11,750,73528),
(2387,6,11,750,73532),
(2388,6,11,750,73530),
(2389,6,11,750,73640),
(2390,6,11,750,73641),
(2391,6,11,750,73648),
(2392,6,11,750,73643),
(2393,6,11,750,73456),
(2394,6,11,750,73642),
(2395,1,11,748,60277),
(2396,1,11,748,60279),
(2397,1,11,748,60276),
(2398,1,11,748,60280),
(2399,1,11,748,60278),
(2400,1,11,748,59483),
(2401,1,11,748,58194),
(2402,1,11,748,59451),
(2403,1,11,748,59321),
(2404,1,11,748,58484),
(2405,1,11,748,58189),
(2406,1,11,748,59220),
(2407,1,11,748,58184),
(2408,1,11,748,59500),
(2409,1,11,748,59459),
(2410,1,11,748,59513),
(2411,1,11,748,64673),
(2412,2,11,748,60449),
(2413,2,11,748,60452),
(2414,2,11,748,60451),
(2415,2,11,748,60448),
(2416,2,11,748,60450),
(2417,2,11,748,60664),
(2418,2,11,748,60788),
(2419,2,11,748,60582),
(2420,2,11,748,60580),
(2421,2,11,748,60581),
(2422,2,11,748,60645),
(2423,2,11,748,60647),
(2424,2,11,748,61035),
(2425,2,11,748,61045),
(2426,2,11,748,61342),
(2427,2,11,748,61389),
(2428,3,11,748,71103),
(2429,3,11,748,71106),
(2430,3,11,748,71105),
(2431,3,11,748,71102),
(2432,3,11,748,71104),
(2433,3,11,748,71214),
(2434,3,11,748,76151),
(2435,3,11,748,71341),
(2436,3,11,748,71341),
(2437,3,11,748,70987),
(2438,3,11,748,71211),
(2439,3,11,748,71024),
(2440,3,11,748,68983),
(2441,3,11,748,72898),
(2442,3,11,748,71776),
(2443,3,11,748,71022),
(2444,3,11,748,71149),
(2445,4,11,748,72346),
(2446,4,11,748,72349),
(2447,4,11,748,72348),
(2448,4,11,748,72345),
(2449,4,11,748,72347),
(2450,4,11,748,72325),
(2451,4,11,748,72324),
(2452,4,11,748,72344),
(2453,4,11,748,72342),
(2454,4,11,748,72343),
(2455,4,11,748,72331),
(2456,4,11,748,72329),
(2457,4,11,748,72449),
(2458,4,11,748,72448),
(2459,4,11,748,70227),
(2460,4,11,748,72358),
(2461,5,11,748,76750),
(2462,5,11,748,76753),
(2463,5,11,748,76752),
(2464,5,11,748,76749),
(2465,5,11,748,76751),
(2466,5,11,748,77262),
(2467,5,11,748,77096),
(2468,5,11,748,77261),
(2469,5,11,748,77248),
(2470,5,11,748,77243),
(2471,5,11,748,78012),
(2472,5,11,748,77229),
(2473,5,11,748,77204),
(2474,5,11,748,77209),
(2475,5,11,748,77196),
(2476,5,11,748,77245),
(2477,5,11,748,77083),
(2478,6,11,748,73606),
(2479,6,11,748,73603),
(2480,6,11,748,73604),
(2481,6,11,748,73607),
(2482,6,11,748,73605),
(2483,6,11,748,73625),
(2484,6,11,748,73628),
(2485,6,11,748,73608),
(2486,6,11,748,73610),
(2487,6,11,748,73609),
(2488,6,11,748,73623),
(2489,6,11,748,73621),
(2490,6,11,748,73498),
(2491,6,11,748,73497),
(2492,6,11,748,73457),
(2493,6,11,748,73594);

UNLOCK TABLES;

-- vinculando los items al scrip del boost
DELETE FROM `item_script_names` WHERE `Id` IN ('100599','100598','100597','100596','100595','100594');

INSERT INTO `item_script_names` (`Id`, `ScriptName`) VALUES
('100599','item_level_up_script'),
('100598','item_level_up_script'),
('100597','item_level_up_script'),
('100596','item_level_up_script'),
('100595','item_level_up_script'),
('100594','item_level_up_script');

-- agregando los nuevos items boost
DELETE FROM `item_template` WHERE `entry` IN ('100599','100598','100597','100596','100595','100594');
INSERT INTO `item_template` (`entry`, `class`, `subclass`, `SoundOverrideSubclass`, `name`, `displayid`, `Quality`, `Flags`, `FlagsExtra`, `Unk430_1`, `Unk430_2`, `BuyCount`, `BuyPrice`, `SellPrice`, `InventoryType`, `AllowableClass`, `AllowableRace`, `ItemLevel`, `RequiredLevel`, `RequiredSkill`, `RequiredSkillRank`, `requiredspell`, `requiredhonorrank`, `RequiredCityRank`, `RequiredReputationFaction`, `RequiredReputationRank`, `maxcount`, `stackable`, `ContainerSlots`, `stat_type1`, `stat_value1`, `stat_unk1_1`, `stat_unk2_1`, `stat_type2`, `stat_value2`, `stat_unk1_2`, `stat_unk2_2`, `stat_type3`, `stat_value3`, `stat_unk1_3`, `stat_unk2_3`, `stat_type4`, `stat_value4`, `stat_unk1_4`, `stat_unk2_4`, `stat_type5`, `stat_value5`, `stat_unk1_5`, `stat_unk2_5`, `stat_type6`, `stat_value6`, `stat_unk1_6`, `stat_unk2_6`, `stat_type7`, `stat_value7`, `stat_unk1_7`, `stat_unk2_7`, `stat_type8`, `stat_value8`, `stat_unk1_8`, `stat_unk2_8`, `stat_type9`, `stat_value9`, `stat_unk1_9`, `stat_unk2_9`, `stat_type10`, `stat_value10`, `stat_unk1_10`, `stat_unk2_10`, `ScalingStatDistribution`, `DamageType`, `delay`, `RangedModRange`, `spellid_1`, `spelltrigger_1`, `spellcharges_1`, `spellcooldown_1`, `spellcategory_1`, `spellcategorycooldown_1`, `spellid_2`, `spelltrigger_2`, `spellcharges_2`, `spellcooldown_2`, `spellcategory_2`, `spellcategorycooldown_2`, `spellid_3`, `spelltrigger_3`, `spellcharges_3`, `spellcooldown_3`, `spellcategory_3`, `spellcategorycooldown_3`, `spellid_4`, `spelltrigger_4`, `spellcharges_4`, `spellcooldown_4`, `spellcategory_4`, `spellcategorycooldown_4`, `spellid_5`, `spelltrigger_5`, `spellcharges_5`, `spellcooldown_5`, `spellcategory_5`, `spellcategorycooldown_5`, `bonding`, `description`, `PageText`, `LanguageID`, `PageMaterial`, `startquest`, `lockid`, `Material`, `sheath`, `RandomProperty`, `RandomSuffix`, `itemset`, `MaxDurability`, `area`, `Map`, `BagFamily`, `TotemCategory`, `socketColor_1`, `socketContent_1`, `socketColor_2`, `socketContent_2`, `socketColor_3`, `socketContent_3`, `socketBonus`, `GemProperties`, `ArmorDamageModifier`, `duration`, `ItemLimitCategory`, `HolidayId`, `StatScalingFactor`, `CurrencySubstitutionId`, `CurrencySubstitutionCount`, `flagsCustom`, `WDBVerified`) VALUES
('100599','0','0','-1','Level Up! 403-PVP','7827','5','65','0','1','1','1','0','0','0','-1','-1','1','1','0','0','0','0','0','0','0','0','1','0','0','0','0','0','0','0','0','0','0','0','0','0','0','0','0','0','0','0','0','0','0','0','0','0','0','0','0','0','0','0','0','0','0','0','0','0','0','0','0','0','0','0','0','0','12883','0','155','-1','0','-1','0','0','0','-1','0','-1','0','0','0','-1','0','-1','0','0','0','-1','0','-1','0','0','0','-1','0','-1','1','Use twice!','0','0','0','0','0','4','0','0','0','0','0','0','0','0','0','0','0','0','0','0','0','0','0','0','0','0','0','0','0','0','0','1'),
('100598','0','0','-1','Level Up! 397-PVE','7827','5','65','0','1','1','1','0','0','0','-1','-1','1','1','0','0','0','0','0','0','0','0','1','0','0','0','0','0','0','0','0','0','0','0','0','0','0','0','0','0','0','0','0','0','0','0','0','0','0','0','0','0','0','0','0','0','0','0','0','0','0','0','0','0','0','0','0','0','12883','0','155','-1','0','-1','0','0','0','-1','0','-1','0','0','0','-1','0','-1','0','0','0','-1','0','-1','0','0','0','-1','0','-1','1','Use twice!','0','0','0','0','0','4','0','0','0','0','0','0','0','0','0','0','0','0','0','0','0','0','0','0','0','0','0','0','0','0','0','1'),
('100597','0','0','-1','Level Up! 390-PVP','7827','5','65','0','1','1','1','0','0','0','-1','-1','1','1','0','0','0','0','0','0','0','0','1','0','0','0','0','0','0','0','0','0','0','0','0','0','0','0','0','0','0','0','0','0','0','0','0','0','0','0','0','0','0','0','0','0','0','0','0','0','0','0','0','0','0','0','0','0','12883','0','155','-1','0','-1','0','0','0','-1','0','-1','0','0','0','-1','0','-1','0','0','0','-1','0','-1','0','0','0','-1','0','-1','1','Use twice!','0','0','0','0','0','4','0','0','0','0','0','0','0','0','0','0','0','0','0','0','0','0','0','0','0','0','0','0','0','0','0','1'),
('100596','0','0','-1','Level Up! 378-PVE','7827','5','65','0','1','1','1','0','0','0','-1','-1','1','1','0','0','0','0','0','0','0','0','1','0','0','0','0','0','0','0','0','0','0','0','0','0','0','0','0','0','0','0','0','0','0','0','0','0','0','0','0','0','0','0','0','0','0','0','0','0','0','0','0','0','0','0','0','0','12883','0','155','-1','0','-1','0','0','0','-1','0','-1','0','0','0','-1','0','-1','0','0','0','-1','0','-1','0','0','0','-1','0','-1','1','Use twice!','0','0','0','0','0','4','0','0','0','0','0','0','0','0','0','0','0','0','0','0','0','0','0','0','0','0','0','0','0','0','0','1'),
('100595','0','0','-1','Level Up! 365-PVP','7827','5','65','0','1','1','1','0','0','0','-1','-1','1','1','0','0','0','0','0','0','0','0','1','0','0','0','0','0','0','0','0','0','0','0','0','0','0','0','0','0','0','0','0','0','0','0','0','0','0','0','0','0','0','0','0','0','0','0','0','0','0','0','0','0','0','0','0','0','12883','0','155','-1','0','-1','0','0','0','-1','0','-1','0','0','0','-1','0','-1','0','0','0','-1','0','-1','0','0','0','-1','0','-1','1','Use twice!','0','0','0','0','0','4','0','0','0','0','0','0','0','0','0','0','0','0','0','0','0','0','0','0','0','0','0','0','0','0','0','1'),
('100594','0','0','-1','Level Up! 359-PVE','7827','5','65','0','1','1','1','0','0','0','-1','-1','1','1','0','0','0','0','0','0','0','0','1','0','0','0','0','0','0','0','0','0','0','0','0','0','0','0','0','0','0','0','0','0','0','0','0','0','0','0','0','0','0','0','0','0','0','0','0','0','0','0','0','0','0','0','0','0','12883','0','155','-1','0','-1','0','0','0','-1','0','-1','0','0','0','-1','0','-1','0','0','0','-1','0','-1','0','0','0','-1','0','-1','1','Use twice!','0','0','0','0','0','4','0','0','0','0','0','0','0','0','0','0','0','0','0','0','0','0','0','0','0','0','0','0','0','0','0','1');

-- agregando las traducciones de los items
DELETE FROM `locales_item` WHERE `entry` IN ('100599','100598','100597','100596','100595','100594');
INSERT INTO `locales_item` (`entry`, `name_loc1`, `name_loc2`, `name_loc3`, `name_loc4`, `name_loc5`, `name_loc6`, `name_loc7`, `name_loc8`, `description_loc1`, `description_loc2`, `description_loc3`, `description_loc4`, `description_loc5`, `description_loc6`, `description_loc7`, `description_loc8`) VALUES
('100594','Level Up! 359-PVE','','','','','Subir a nivel 85! 359-PVE','Subir a nivel 85! 359-PVE','','USE twice!',NULL,NULL,NULL,NULL,'Usar 2 veces!','Usar 2 veces!',NULL),
('100595','Level Up! 365-PVP','','','','','Subir a nivel 85! 365-PVP','Subir a nivel 85! 365-PVP','','USE twice!',NULL,NULL,NULL,NULL,'Usar 2 veces!','Usar 2 veces!',NULL),
('100596','Level Up! 378-PVE','','','','','Subir a nivel 85! 378-PVE','Subir a nivel 85! 378-PVE','','USE twice!',NULL,NULL,NULL,NULL,'Usar 2 veces!','Usar 2 veces!',NULL),
('100597','Level Up! 390-PVP','','','','','Subir a nivel 85! 390-PVP','Subir a nivel 85! 390-PVP','','USE twice!',NULL,NULL,NULL,NULL,'Usar 2 veces!','Usar 2 veces!',NULL),
('100598','Level Up! 397-PVE','','','','','Subir a nivel 85! 397-PVE','Subir a nivel 85! 397-PVE','','USE twice!',NULL,NULL,NULL,NULL,'Usar 2 veces!','Usar 2 veces!',NULL),
('100599','Level Up! 403-PVP','','','','','Subir a nivel 85! 403-PVP','Subir a nivel 85! 403-PVP','','USE twice!',NULL,NULL,NULL,NULL,'Usar 2 veces!','Usar 2 veces!',NULL);


