-- Misiones PVP extra de la semana de Aniversario de Athenas-WoW
DELETE FROM `quest_template` WHERE `Id` IN (30570, 30571, 30572, 30573, 30574, 30575, 30576, 30577, 30578, 30579);
INSERT INTO `quest_template` (`Id`, `Method`, `Note`, `Status`, `Level`, `MinLevel`, `MaxLevel`, `ZoneOrSort`, `Type`, `SuggestedPlayers`, `LimitTime`, `RequiredClasses`, `RequiredRaces`, `RequiredSkillId`, `RequiredSkillPoints`, `RequiredFactionId1`, `RequiredFactionId2`, `RequiredFactionValue1`, `RequiredFactionValue2`, `RequiredMinRepFaction`, `RequiredMaxRepFaction`, `RequiredMinRepValue`, `RequiredMaxRepValue`, `PrevQuestId`, `NextQuestId`, `ExclusiveGroup`, `NextQuestIdChain`, `RewardXPId`, `RewardOrRequiredMoney`, `RewardMoneyMaxLevel`, `RewardSpell`, `RewardSpellCast`, `RewardHonor`, `RewardHonorMultiplier`, `RewardMailTemplateId`, `RewardMailDelay`, `SourceItemId`, `SourceItemCount`, `SourceSpellId`, `Flags`, `SpecialFlags`, `MinimapTargetMark`, `RewardTitleId`, `RequiredPlayerKills`, `RewardTalents`, `RewardArenaPoints`, `RewardSkillId`, `RewardSkillPoints`, `RewardReputationMask`, `QuestGiverPortrait`, `QuestTurnInPortrait`, `RewardItemId1`, `RewardItemId2`, `RewardItemId3`, `RewardItemId4`, `RewardItemCount1`, `RewardItemCount2`, `RewardItemCount3`, `RewardItemCount4`, `RewardChoiceItemId1`, `RewardChoiceItemId2`, `RewardChoiceItemId3`, `RewardChoiceItemId4`, `RewardChoiceItemId5`, `RewardChoiceItemId6`, `RewardChoiceItemCount1`, `RewardChoiceItemCount2`, `RewardChoiceItemCount3`, `RewardChoiceItemCount4`, `RewardChoiceItemCount5`, `RewardChoiceItemCount6`, `RewardFactionId1`, `RewardFactionId2`, `RewardFactionId3`, `RewardFactionId4`, `RewardFactionId5`, `RewardFactionValueId1`, `RewardFactionValueId2`, `RewardFactionValueId3`, `RewardFactionValueId4`, `RewardFactionValueId5`, `RewardFactionValueIdOverride1`, `RewardFactionValueIdOverride2`, `RewardFactionValueIdOverride3`, `RewardFactionValueIdOverride4`, `RewardFactionValueIdOverride5`, `PointMapId`, `PointX`, `PointY`, `PointOption`, `Title`, `Objectives`, `Details`, `EndText`, `OfferRewardText`, `RequestItemsText`, `CompletedText`, `RequiredNpcOrGo1`, `RequiredNpcOrGo2`, `RequiredNpcOrGo3`, `RequiredNpcOrGo4`, `RequiredNpcOrGoCount1`, `RequiredNpcOrGoCount2`, `RequiredNpcOrGoCount3`, `RequiredNpcOrGoCount4`, `RequiredSourceItemId1`, `RequiredSourceItemId2`, `RequiredSourceItemId3`, `RequiredSourceItemId4`, `RequiredSourceItemCount1`, `RequiredSourceItemCount2`, `RequiredSourceItemCount3`, `RequiredSourceItemCount4`, `RequiredItemId1`, `RequiredItemId2`, `RequiredItemId3`, `RequiredItemId4`, `RequiredItemId5`, `RequiredItemId6`, `RequiredItemCount1`, `RequiredItemCount2`, `RequiredItemCount3`, `RequiredItemCount4`, `RequiredItemCount5`, `RequiredItemCount6`, `RequiredSpell`, `RequiredSpellCast1`, `RequiredSpellCast2`, `RequiredSpellCast3`, `RequiredSpellCast4`, `ObjectiveText1`, `ObjectiveText2`, `ObjectiveText3`, `ObjectiveText4`, `RewardCurrencyId1`, `RewardCurrencyId2`, `RewardCurrencyId3`, `RewardCurrencyId4`, `RewardCurrencyCount1`, `RewardCurrencyCount2`, `RewardCurrencyCount3`, `RewardCurrencyCount4`, `RequiredCurrencyId1`, `RequiredCurrencyId2`, `RequiredCurrencyId3`, `RequiredCurrencyId4`, `RequiredCurrencyCount1`, `RequiredCurrencyCount2`, `RequiredCurrencyCount3`, `RequiredCurrencyCount4`, `QuestGiverTextWindow`, `QuestGiverTargetName`, `QuestTurnTextWindow`, `QuestTurnTargetName`, `SoundAccept`, `SoundTurnIn`, `DetailsEmote1`, `DetailsEmote2`, `DetailsEmote3`, `DetailsEmote4`, `DetailsEmoteDelay1`, `DetailsEmoteDelay2`, `DetailsEmoteDelay3`, `DetailsEmoteDelay4`, `EmoteOnIncomplete`, `EmoteOnComplete`, `OfferRewardEmote1`, `OfferRewardEmote2`, `OfferRewardEmote3`, `OfferRewardEmote4`, `OfferRewardEmoteDelay1`, `OfferRewardEmoteDelay2`, `OfferRewardEmoteDelay3`, `OfferRewardEmoteDelay4`, `StartScript`, `CompleteScript`, `WDBVerified`) VALUES 
(30576, 2, NULL, 'Fixed', -1, 45, 85, -25, 62, 0, 43200, 0, 2098253, 0, 0, 0, 0, 0, 0, 0, 0, 0, 0, 0, 0, 0, 0, 5, 5000000, 0, 0, 0, 0, 0, 0, 0, 0, 0, 0, 32768, 0, 0, 0, 0, 0, 0, 0, 0, 0, 0, 0, 22484, 0, 0, 0, 1, 0, 0, 0, 0, 0, 0, 0, 0, 0, 0, 0, 0, 0, 0, 0, 0, 0, 0, 0, 0, 0, 0, 0, 0, 0, 0, 0, 0, 0, 0, 0, 0, 0, 0, 'MATAR O MORIR', 'Gana 20 encuentros de Arenas', 'Preséntate a los diferentes escenarios de arenas y álzate victorioso tras derrotar a tu oponente, este será uno de los pasos que te convertirá en leyenda siempre y cuando logres sobrevivir.', '', 'Parece que tienes un poco de sangre en la cara, limpiate. Excelente trabajo regresa mañana.', NULL, 'Vuelve con Saitamapaz!', 3800003, 0, 0, 0, 20, 0, 0, 0, 0, 0, 0, 0, 0, 0, 0, 0, 0, 0, 0, 0, 0, 0, 0, 0, 0, 0, 0, 0, 0, 0, 0, 0, 0, 'Gana encuentros de Arenas', NULL, NULL, NULL, 0, 0, 0, 0, 0, 0, 0, 0, 0, 0, 0, 0, 0, 0, 0, 0, NULL, NULL, NULL, NULL, 890, 878, 1, 0, 0, 0, 0, 0, 0, 0, 0, 5, 4, 0, 0, 0, 0, 0, 0, 0, 0, 0, 15595),
(30577, 2, NULL, 'Fixed', -1, 45, 85, -25, 62, 0, 43200, 0, 946, 0, 0, 0, 0, 0, 0, 0, 0, 0, 0, 0, 0, 0, 0, 5, 5000000, 0, 0, 0, 0, 0, 0, 0, 0, 0, 0, 32768, 0, 0, 0, 0, 0, 0, 0, 0, 0, 0, 0, 22484, 0, 0, 0, 1, 0, 0, 0, 0, 0, 0, 0, 0, 0, 0, 0, 0, 0, 0, 0, 0, 0, 0, 0, 0, 0, 0, 0, 0, 0, 0, 0, 0, 0, 0, 0, 0, 0, 0, 'MATAR O MORIR', 'Gana 20 encuentros de Arenas', 'Preséntate a los diferentes escenarios de arenas y álzate victorioso tras derrotar a tu oponente, este será uno de los pasos que te convertirá en leyenda siempre y cuando logres sobrevivir.', '', 'Parece que tienes un poco de sangre en la cara, limpiate. Excelente trabajo regresa mañana.', NULL, 'Vuelve con Saitamapaz!', 3800003, 0, 0, 0, 20, 0, 0, 0, 0, 0, 0, 0, 0, 0, 0, 0, 0, 0, 0, 0, 0, 0, 0, 0, 0, 0, 0, 0, 0, 0, 0, 0, 0, 'Gana encuentros de Arenas', NULL, NULL, NULL, 0, 0, 0, 0, 0, 0, 0, 0, 0, 0, 0, 0, 0, 0, 0, 0, NULL, NULL, NULL, NULL, 890, 878, 1, 0, 0, 0, 0, 0, 0, 0, 0, 5, 4, 0, 0, 0, 0, 0, 0, 0, 0, 0, 15595),
(30578, 2, NULL, 'Fixed', -1, 45, 85, -25, 62, 0, 43200, 0, 2098253, 0, 0, 0, 0, 0, 0, 0, 0, 0, 0, 0, 0, 0, 0, 5, 5000000, 0, 0, 0, 0, 0, 0, 0, 0, 0, 0, 32768, 0, 0, 0, 0, 0, 0, 0, 0, 0, 0, 0, 22484, 0, 0, 0, 1, 0, 0, 0, 0, 0, 0, 0, 0, 0, 0, 0, 0, 0, 0, 0, 0, 0, 0, 0, 0, 0, 0, 0, 0, 0, 0, 0, 0, 0, 0, 0, 0, 0, 0, 'LLAMAMIENTO A LAS ARMAS: CUENCA ARATHI', 'Gana 3 encuentros en el campo de batalla de la Cuenca de Arathi ', 'La realidad de luchar en varios frentes, $C, es que, si repartimos demasiado nuestras tropas, nos arriesgamos a perderlo todo.$BA diario son necesarios despliegues críticos de las tropas. Hoy es la batalla de la Cuenca de Arathi necesita refuerzos inmediatos, ahora ve y cumple con tu deber.$B¡Tráeme noticias de nuestra victoria, $N! ¡No podemos permitir que la escoria de la Horda consiga los recursos que nos pertenecen por derecho!', '', 'Me impresionas, toma esta medalla te servirá en algún momento.', NULL, 'Vuelve con Saitamapaz!', 3800004, 0, 0, 0, 3, 0, 0, 0, 0, 0, 0, 0, 0, 0, 0, 0, 0, 0, 0, 0, 0, 0, 0, 0, 0, 0, 0, 0, 0, 0, 0, 0, 0, 'Gana la BG CUENCA ARATHI', NULL, NULL, NULL, 0, 0, 0, 0, 0, 0, 0, 0, 0, 0, 0, 0, 0, 0, 0, 0, NULL, NULL, NULL, NULL, 890, 878, 1, 0, 0, 0, 0, 0, 0, 0, 0, 5, 4, 0, 0, 0, 0, 0, 0, 0, 0, 0, 15595),
(30579, 2, NULL, 'Fixed', -1, 45, 85, -25, 62, 0, 43200, 0, 946, 0, 0, 0, 0, 0, 0, 0, 0, 0, 0, 0, 0, 0, 0, 5, 5000000, 0, 0, 0, 0, 0, 0, 0, 0, 0, 0, 32768, 0, 0, 0, 0, 0, 0, 0, 0, 0, 0, 0, 22484, 0, 0, 0, 1, 0, 0, 0, 0, 0, 0, 0, 0, 0, 0, 0, 0, 0, 0, 0, 0, 0, 0, 0, 0, 0, 0, 0, 0, 0, 0, 0, 0, 0, 0, 0, 0, 0, 0, 'LLAMAMIENTO A LAS ARMAS: CUENCA ARATHI', 'Gana 3 encuentros en el campo de batalla de la Cuenca de Arathi ', 'La realidad de luchar en varios frentes, $C, es que, si repartimos demasiado nuestras tropas, nos arriesgamos a perderlo todo.$BA diario son necesarios despliegues críticos de las tropas. Hoy es la batalla de la Cuenca de Arathi necesita refuerzos inmediatos, ahora ve y cumple con tu deber.$B¡Tráeme noticias de nuestra victoria, $N! ¡No podemos permitir que la escoria de la Alianza consiga los recursos que nos pertenecen por derecho!', '', 'Me impresionas, toma esta medalla te servirá en algún momento.', NULL, 'Vuelve con Saitamapaz!', 3800004, 0, 0, 0, 3, 0, 0, 0, 0, 0, 0, 0, 0, 0, 0, 0, 0, 0, 0, 0, 0, 0, 0, 0, 0, 0, 0, 0, 0, 0, 0, 0, 0, 'Gana la BG CUENCA ARATHI', NULL, NULL, NULL, 0, 0, 0, 0, 0, 0, 0, 0, 0, 0, 0, 0, 0, 0, 0, 0, NULL, NULL, NULL, NULL, 890, 878, 1, 0, 0, 0, 0, 0, 0, 0, 0, 5, 4, 0, 0, 0, 0, 0, 0, 0, 0, 0, 15595),
(30574, 2, NULL, 'Fixed', -1, 45, 85, -25, 62, 0, 43200, 0, 2098253, 0, 0, 0, 0, 0, 0, 0, 0, 0, 0, 0, 0, 0, 0, 5, 5000000, 0, 0, 0, 0, 0, 0, 0, 0, 0, 0, 32768, 0, 0, 0, 0, 0, 0, 0, 0, 0, 0, 0, 22484, 0, 0, 0, 1, 0, 0, 0, 0, 0, 0, 0, 0, 0, 0, 0, 0, 0, 0, 0, 0, 0, 0, 0, 0, 0, 0, 0, 0, 0, 0, 0, 0, 0, 0, 0, 0, 0, 0, 'LLAMAMIENTO A LAS ARMAS GARGANTA GRITO DE GUERRA', 'Gana 3 encuentros en el campo de batalla de la GARGANTA GRITO DE GUERRA', 'Los Centinelas Ala de Plata luchan para proteger el bosque en la Garganta Grito de Guerra. Les ayudamos, no porque seamos amantes de los árboles, sino porque el bosque forma una barrera protectora natural para el territorio de la Alianza.$BHoy nos necesitan más que nunca. Tenemos que desplegar refuerzos inmediatamente, ¡a menos que queramos ver Vallefresno fusionado con Los Baldíos!', '', 'Cada día estamos más cerca de ganar esta batalla', NULL, 'Vuelve con Saitamapaz!', 3800002, 0, 0, 0, 3, 0, 0, 0, 0, 0, 0, 0, 0, 0, 0, 0, 0, 0, 0, 0, 0, 0, 0, 0, 0, 0, 0, 0, 0, 0, 0, 0, 0, 'Gana la BG GARGANTA GRITO DE GUERRA', NULL, NULL, NULL, 0, 0, 0, 0, 0, 0, 0, 0, 0, 0, 0, 0, 0, 0, 0, 0, NULL, NULL, NULL, NULL, 890, 878, 1, 0, 0, 0, 0, 0, 0, 0, 0, 5, 4, 0, 0, 0, 0, 0, 0, 0, 0, 0, 15595),
(30575, 2, NULL, 'Fixed', -1, 45, 85, -25, 62, 0, 43200, 0, 946, 0, 0, 0, 0, 0, 0, 0, 0, 0, 0, 0, 0, 0, 0, 5, 5000000, 0, 0, 0, 0, 0, 0, 0, 0, 0, 0, 32768, 0, 0, 0, 0, 0, 0, 0, 0, 0, 0, 0, 22484, 0, 0, 0, 1, 0, 0, 0, 0, 0, 0, 0, 0, 0, 0, 0, 0, 0, 0, 0, 0, 0, 0, 0, 0, 0, 0, 0, 0, 0, 0, 0, 0, 0, 0, 0, 0, 0, 0, 'LLAMAMIENTO A LAS ARMAS GARGANTA GRITO DE GUERRA', 'Gana 3 encuentros en el campo de batalla de la GARGANTA GRITO DE GUERRA', 'La Alianza es un enemigo insidioso, $N. Dice que protege Vallefresno para justificar sus agresiones contra nuestros territorios en Los Baldíos.$BHoy tenemos la oportunidad de echar al enemigo de nuestras tierras de una vez por todas. ¡Ve a la Garganta Grito de Guerra y recupera lo que nos pertenece por derecho!', '', '¡Que tenemos por aquí! ¡No dejas de sorprenderme!, bueno basta de charlas ahora prepárate se aproximan desafíos más difíciles', NULL, 'Vuelve con Saitamapaz!', 3800002, 0, 0, 0, 3, 0, 0, 0, 0, 0, 0, 0, 0, 0, 0, 0, 0, 0, 0, 0, 0, 0, 0, 0, 0, 0, 0, 0, 0, 0, 0, 0, 0, 'Gana la BG GARGANTA GRITO DE GUERRA', NULL, NULL, NULL, 0, 0, 0, 0, 0, 0, 0, 0, 0, 0, 0, 0, 0, 0, 0, 0, NULL, NULL, NULL, NULL, 890, 878, 1, 0, 0, 0, 0, 0, 0, 0, 0, 5, 4, 0, 0, 0, 0, 0, 0, 0, 0, 0, 15595),
(30572, 2, NULL, 'Fixed', -1, 45, 85, -25, 62, 0, 43200, 0, 2098253, 0, 0, 0, 0, 0, 0, 0, 0, 0, 0, 0, 0, 0, 0, 5, 5000000, 0, 0, 0, 0, 0, 0, 0, 0, 0, 0, 32768, 0, 0, 0, 0, 0, 0, 0, 0, 0, 0, 0, 22484, 0, 0, 0, 1, 0, 0, 0, 0, 0, 0, 0, 0, 0, 0, 0, 0, 0, 0, 0, 0, 0, 0, 0, 0, 0, 0, 0, 0, 0, 0, 0, 0, 0, 0, 0, 0, 0, 0, 'LLAMAMIENTO A LAS ARMAS OJO DE LA TORMENTA', 'Gana 3 encuentros en el campo de batalla del Ojo de la Tormenta.', 'La lucha contra la Horda no entiende de límites, $N. Incluso en Terrallende, las disputas territoriales y las antiguas rencillas bastan para inclinar la balanza hacia el lado de la guerra.$BVe al Ojo de la Tormenta y asegúrate de que la Alianza prevalece en Terrallende tal y como lo ha hecho en Azeroth.', '', '¡Que tenemos por aquí! ¡No dejas de sorprenderme!, bueno basta de charlas ahora prepárate se aproximan desafíos más difíciles ', NULL, 'Vuelve con Saitamapaz!', 3800001, 0, 0, 0, 3, 0, 0, 0, 0, 0, 0, 0, 0, 0, 0, 0, 0, 0, 0, 0, 0, 0, 0, 0, 0, 0, 0, 0, 0, 0, 0, 0, 0, 'Gana la BG Ojo de la Tormenta', NULL, NULL, NULL, 0, 0, 0, 0, 0, 0, 0, 0, 0, 0, 0, 0, 0, 0, 0, 0, NULL, NULL, NULL, NULL, 890, 878, 1, 0, 0, 0, 0, 0, 0, 0, 0, 5, 4, 0, 0, 0, 0, 0, 0, 0, 0, 0, 15595),
(30573, 2, NULL, 'Fixed', -1, 45, 85, -25, 62, 0, 43200, 0, 946, 0, 0, 0, 0, 0, 0, 0, 0, 0, 0, 0, 0, 0, 0, 5, 5000000, 0, 0, 0, 0, 0, 0, 0, 0, 0, 0, 32768, 0, 0, 0, 0, 0, 0, 0, 0, 0, 0, 0, 22484, 0, 0, 0, 1, 0, 0, 0, 0, 0, 0, 0, 0, 0, 0, 0, 0, 0, 0, 0, 0, 0, 0, 0, 0, 0, 0, 0, 0, 0, 0, 0, 0, 0, 0, 0, 0, 0, 0, 'LLAMAMIENTO A LAS ARMAS OJO DE LA TORMENTA', 'Gana 3 encuentros en el campo de batalla del Ojo de la Tormenta.', 'La lucha contra la alianza no entiende de límites, $N. Incluso en las Kalimdor, las disputas territoriales y las antiguas rencillas bastan para inclinar la balanza hacia el lado de la guerra.$BVe al Ojo de la Tormenta y asegúrate de que la Horda prevalece en Kalimdor', '', '¡Que tenemos por aquí! ¡No dejas de sorprenderme!, bueno basta de charlas ahora prepárate se aproximan desafíos más difíciles', NULL, 'Vuelve con Saitamapaz!', 3800001, 0, 0, 0, 3, 0, 0, 0, 0, 0, 0, 0, 0, 0, 0, 0, 0, 0, 0, 0, 0, 0, 0, 0, 0, 0, 0, 0, 0, 0, 0, 0, 0, 'Gana la BG Ojo de la Tormenta', NULL, NULL, NULL, 0, 0, 0, 0, 0, 0, 0, 0, 0, 0, 0, 0, 0, 0, 0, 0, NULL, NULL, NULL, NULL, 890, 878, 1, 0, 0, 0, 0, 0, 0, 0, 0, 5, 4, 0, 0, 0, 0, 0, 0, 0, 0, 0, 15595),
(30571, 2, NULL, 'Fixed', -1, 45, 85, 1, 41, 0, 43200, 0, 946, 0, 0, 0, 0, 0, 0, 0, 0, 0, 0, 0, 0, 0, 0, 5, 5000000, 0, 0, 0, 0, 0, 0, 0, 0, 0, 0, 32768, 0, 0, 0, 0, 0, 0, 0, 0, 0, 0, 0, 22484, 0, 0, 0, 1, 0, 0, 0, 0, 0, 0, 0, 0, 0, 0, 0, 0, 0, 0, 0, 0, 0, 0, 0, 0, 0, 0, 0, 0, 0, 0, 0, 0, 0, 0, 0, 0, 0, 0, 'EN DEFENSA DEL HONOR', 'Mata a 10 jugadores alianzas en cualquier zona de azeroth', ' Nuestro antiguo enemigo, los draeneis, han vuelto con poderosos aliados, hacen la guerra por todos los continentes. No podemos permitir que salgan victoriosos en ninguna batalla, busca y asesina a aquellos que pudiesen ayudar a nuestro antiguo enemigo.$BVe, mata al enemigo y serás $Grecompensado:recompensada; en dinero, honor y renombre.', '', 'Nada mal para un novato espero que estés a la altura de lo que se aproxima.', NULL, 'Vuelve con Saitamapaz!', 3800000, 0, 0, 0, 10, 0, 0, 0, 0, 0, 0, 0, 0, 0, 0, 0, 0, 0, 0, 0, 0, 0, 0, 0, 0, 0, 0, 0, 0, 0, 0, 0, 0, 'Jugadores Alianza', NULL, NULL, NULL, 0, 0, 0, 0, 0, 0, 0, 0, 0, 0, 0, 0, 0, 0, 0, 0, NULL, NULL, NULL, NULL, 890, 878, 1, 0, 0, 0, 0, 0, 0, 0, 6, 5, 4, 0, 0, 0, 0, 0, 0, 0, 0, 0, 15595),
(30570, 2, NULL, 'Fixed', -1, 45, 85, 1, 41, 0, 43200, 0, 2098253, 0, 0, 0, 0, 0, 0, 0, 0, 0, 0, 0, 0, 0, 0, 5, 5000000, 0, 0, 0, 0, 0, 0, 0, 0, 0, 0, 32768, 0, 0, 0, 0, 0, 0, 0, 0, 0, 0, 0, 22484, 0, 0, 0, 1, 1, 0, 0, 0, 0, 0, 0, 0, 0, 0, 0, 0, 0, 0, 0, 0, 0, 0, 0, 0, 0, 0, 0, 0, 0, 0, 0, 0, 0, 0, 0, 0, 0, 0, 'EN DEFENSA DEL HONOR', 'Mata a 10 jugadores hordas en cualquier zona de Azeroth', 'No somos una raza belicosa, $r, pero cuando la guerra llama a nuestra puerta no huimos de ella.$bLa Alianza y la Horda luchan por todo Azeroth y No sabemos qué es lo que planea la Horda, pero una derrota sería una catástrofe. La historia entre nuestra gente y los orcos está llena de sangre y traiciones.$bVe, mata al enemigo y serás $Grecompensado:recompensada; en dinero, honor y renombre', '', 'Nada mal para un novato espero que estés a la altura de lo que se aproxima.', NULL, 'Vuelve con Saitamapaz!', 3800000, 0, 0, 0, 10, 0, 0, 0, 0, 0, 0, 0, 0, 0, 0, 0, 0, 0, 0, 0, 0, 0, 0, 0, 0, 0, 0, 0, 0, 0, 0, 0, 0, 'Jugadores Horda', NULL, NULL, NULL, 0, 0, 0, 0, 0, 0, 0, 0, 0, 0, 0, 0, 0, 0, 0, 0, NULL, NULL, NULL, NULL, 890, 878, 1, 0, 0, 0, 0, 0, 0, 0, 6, 5, 4, 0, 0, 0, 0, 0, 0, 0, 0, 0, 15595);

-- objetivos de las misiones PVP
DELETE FROM `creature_template` WHERE `entry` IN (3800000, 3800001, 3800002, 3800003, 3800004);
INSERT INTO `creature_template` (`entry`, `difficulty_entry_1`, `difficulty_entry_2`, `difficulty_entry_3`, `KillCredit1`, `KillCredit2`, `modelid1`, `modelid2`, `modelid3`, `modelid4`, `name`, `subname`, `IconName`, `gossip_menu_id`, `minlevel`, `maxlevel`, `exp`, `exp_unk`, `faction_A`, `faction_H`, `npcflag`, `speed_walk`, `speed_run`, `speed_swim`, `speed_fly`, `scale`, `rank`, `mindmg`, `maxdmg`, `dmgschool`, `attackpower`, `dmg_multiplier`, `baseattacktime`, `rangeattacktime`, `unit_class`, `unit_flags`, `unit_flags2`, `dynamicflags`, `family`, `trainer_type`, `trainer_spell`, `trainer_class`, `trainer_race`, `minrangedmg`, `maxrangedmg`, `rangedattackpower`, `type`, `type_flags`, `type_flags2`, `lootid`, `pickpocketloot`, `skinloot`, `resistance1`, `resistance2`, `resistance3`, `resistance4`, `resistance5`, `resistance6`, `spell1`, `spell2`, `spell3`, `spell4`, `spell5`, `spell6`, `spell7`, `spell8`, `PetSpellDataId`, `VehicleId`, `mingold`, `maxgold`, `currencyId`, `currencyCount`, `AIName`, `MovementType`, `InhabitType`, `HoverHeight`, `Health_mod`, `Mana_mod`, `Mana_mod_extra`, `Armor_mod`, `RacialLeader`, `questItem1`, `questItem2`, `questItem3`, `questItem4`, `questItem5`, `questItem6`, `movementId`, `RegenHealth`, `equipment_id`, `mechanic_immune_mask`, `flags_extra`, `ScriptName`, `WDBVerified`) 
VALUES
('3800000','0','0','0','0','0','16480','0','0','0','Player world - Quest Credit','Quest PVP','','0','1','1','1','0','35','35','0','1','1.14286','1','1.14286','1','0','197.6','262.2','0','479','4.6','2000','2000','1','33554688','2048','0','0','0','0','0','0','136.8','201.4','34','10','0','0','0','0','0','0','0','0','0','0','0','0','0','0','0','0','0','0','0','0','0','0','0',NULL,NULL,'','0','1','0','1','1','1','1','0','0','0','0','0','0','0','0','1','0','0','128','','15595'),
('3800001','0','0','0','0','0','16480','0','0','0','BG Eye of the Storm - Quest Credit','Quest PVP','','0','1','1','1','0','35','35','0','1','1.14286','1','1.14286','1','0','197.6','262.2','0','479','4.6','2000','2000','1','33554688','2048','0','0','0','0','0','0','136.8','201.4','34','10','0','0','0','0','0','0','0','0','0','0','0','0','0','0','0','0','0','0','0','0','0','0','0',NULL,NULL,'','0','1','0','1','1','1','1','0','0','0','0','0','0','0','0','1','0','0','128','','15595'),
('3800002','0','0','0','0','0','16480','0','0','0','BG Warson Gulch - Quest Credit','Quest PVP','','0','1','1','1','0','35','35','0','1','1.14286','1','1.14286','1','0','197.6','262.2','0','479','4.6','2000','2000','1','33554688','2048','0','0','0','0','0','0','136.8','201.4','34','10','0','0','0','0','0','0','0','0','0','0','0','0','0','0','0','0','0','0','0','0','0','0','0',NULL,NULL,'','0','1','0','1','1','1','1','0','0','0','0','0','0','0','0','1','0','0','128','','15595'),
('3800003','0','0','0','0','0','16480','0','0','0','Arena Player - Quest Credit','Quest PVP - Arenas','','0','1','1','1','0','35','35','0','1','1.14286','1','1.14286','1','0','197.6','262.2','0','479','4.6','2000','2000','1','33554688','2048','0','0','0','0','0','0','136.8','201.4','34','10','0','0','0','0','0','0','0','0','0','0','0','0','0','0','0','0','0','0','0','0','0','0','0',NULL,NULL,'','0','1','0','1','1','1','1','0','0','0','0','0','0','0','0','1','0','0','128','','15595'),
('3800004','0','0','0','0','0','16480','0','0','0','BG Arathi Basin- Quest Credit','Quest PVP','','0','1','1','1','0','35','35','0','1','1.14286','1','1.14286','1','0','197.6','262.2','0','479','4.6','2000','2000','1','33554688','2048','0','0','0','0','0','0','136.8','201.4','34','10','0','0','0','0','0','0','0','0','0','0','0','0','0','0','0','0','0','0','0','0','0','0','0',NULL,NULL,'','0','1','0','1','1','1','1','0','0','0','0','0','0','0','0','1','0','0','128','','15595');

-- inicio y fin de las misiones
DELETE FROM `creature_involvedrelation` WHERE `quest` IN (30570, 30571, 30572, 30573, 30574, 30575, 30576, 30577, 30578, 30579);


DELETE FROM `creature_questrelation` WHERE `quest` IN (30570, 30571, 30572, 30573, 30574, 30575, 30576, 30577, 30578, 30579);


-- alianza 
DELETE FROM `creature_template` WHERE `entry`=571011;
INSERT INTO `creature_template` (`entry`, `difficulty_entry_1`, `difficulty_entry_2`, `difficulty_entry_3`, `KillCredit1`, `KillCredit2`, `modelid1`, `modelid2`, `modelid3`, `modelid4`, `name`, `subname`, `IconName`, `gossip_menu_id`, `minlevel`, `maxlevel`, `exp`, `exp_unk`, `faction_A`, `faction_H`, `npcflag`, `speed_walk`, `speed_run`, `speed_swim`, `speed_fly`, `scale`, `rank`, `mindmg`, `maxdmg`, `dmgschool`, `attackpower`, `dmg_multiplier`, `baseattacktime`, `rangeattacktime`, `unit_class`, `unit_flags`, `unit_flags2`, `dynamicflags`, `family`, `trainer_type`, `trainer_spell`, `trainer_class`, `trainer_race`, `minrangedmg`, `maxrangedmg`, `rangedattackpower`, `type`, `type_flags`, `type_flags2`, `lootid`, `pickpocketloot`, `skinloot`, `resistance1`, `resistance2`, `resistance3`, `resistance4`, `resistance5`, `resistance6`, `spell1`, `spell2`, `spell3`, `spell4`, `spell5`, `spell6`, `spell7`, `spell8`, `PetSpellDataId`, `VehicleId`, `mingold`, `maxgold`, `currencyId`, `currencyCount`, `AIName`, `MovementType`, `InhabitType`, `HoverHeight`, `Health_mod`, `Mana_mod`, `Mana_mod_extra`, `Armor_mod`, `RacialLeader`, `questItem1`, `questItem2`, `questItem3`, `questItem4`, `questItem5`, `questItem6`, `movementId`, `RegenHealth`, `equipment_id`, `mechanic_immune_mask`, `flags_extra`, `ScriptName`, `WDBVerified`) VALUES 
(571011, 0, 0, 0, 0, 0, 26414, 0, 0, 0, 'Decker la cazarrecompensas', 'Project', '', 0, 85, 85, 3, 0, 35, 35, 2, 1, 1.14286, 1, 1, 1, 0, 1007, 1354.7, 0, 1571, 1, 0, 0, 1, 0, 2048, 0, 0, 0, 0, 0, 0, 758.1, 1062.1, 220, 0, 0, 0, 0, 0, 0, 0, 0, 0, 0, 0, 0, 0, 0, 0, 0, 0, 0, 0, 0, 0, 0, 0, 0, NULL, NULL, '', 0, 3, 1, 1, 0, 1, 1, 0, 0, 0, 0, 0, 0, 0, 0, 1, 0, 0, 2, '', 1);


-- inicio y fin de las misiones
DELETE FROM `creature_involvedrelation` WHERE `id` IN (571011);


DELETE FROM `creature_questrelation` WHERE `id` IN (571011);


-- Horda 
DELETE FROM `creature_template` WHERE `entry`=571012;
INSERT INTO `creature_template` (`entry`, `difficulty_entry_1`, `difficulty_entry_2`, `difficulty_entry_3`, `KillCredit1`, `KillCredit2`, `modelid1`, `modelid2`, `modelid3`, `modelid4`, `name`, `subname`, `IconName`, `gossip_menu_id`, `minlevel`, `maxlevel`, `exp`, `exp_unk`, `faction_A`, `faction_H`, `npcflag`, `speed_walk`, `speed_run`, `speed_swim`, `speed_fly`, `scale`, `rank`, `mindmg`, `maxdmg`, `dmgschool`, `attackpower`, `dmg_multiplier`, `baseattacktime`, `rangeattacktime`, `unit_class`, `unit_flags`, `unit_flags2`, `dynamicflags`, `family`, `trainer_type`, `trainer_spell`, `trainer_class`, `trainer_race`, `minrangedmg`, `maxrangedmg`, `rangedattackpower`, `type`, `type_flags`, `type_flags2`, `lootid`, `pickpocketloot`, `skinloot`, `resistance1`, `resistance2`, `resistance3`, `resistance4`, `resistance5`, `resistance6`, `spell1`, `spell2`, `spell3`, `spell4`, `spell5`, `spell6`, `spell7`, `spell8`, `PetSpellDataId`, `VehicleId`, `mingold`, `maxgold`, `currencyId`, `currencyCount`, `AIName`, `MovementType`, `InhabitType`, `HoverHeight`, `Health_mod`, `Mana_mod`, `Mana_mod_extra`, `Armor_mod`, `RacialLeader`, `questItem1`, `questItem2`, `questItem3`, `questItem4`, `questItem5`, `questItem6`, `movementId`, `RegenHealth`, `equipment_id`, `mechanic_immune_mask`, `flags_extra`, `ScriptName`, `WDBVerified`) VALUES 
(571012, 0, 0, 0, 0, 0, 26413, 0, 0, 0, 'Lucius cazador de cabezas', 'Project', '', 0, 85, 85, 3, 0, 35, 35, 2, 1, 1.14286, 1, 1, 1, 0, 1007, 1354.7, 0, 1571, 1, 0, 0, 1, 0, 2048, 0, 0, 0, 0, 0, 0, 758.1, 1062.1, 220, 0, 0, 0, 0, 0, 0, 0, 0, 0, 0, 0, 0, 0, 0, 0, 0, 0, 0, 0, 0, 0, 0, 0, 0, NULL, NULL, '', 0, 3, 1, 1, 0, 1, 1, 0, 0, 0, 0, 0, 0, 0, 0, 1, 0, 0, 2, '', 1);


-- inicio y fin de las misiones
DELETE FROM `creature_involvedrelation` WHERE `id` IN (571012);


DELETE FROM `creature_questrelation` WHERE `id` IN (571012);


DELETE FROM `creature` WHERE `guid`=141634;
INSERT INTO `creature` (`guid`, `id`, `map`, `zone`, `area`, `spawnMask`, `phaseMask`, `modelid`, `equipment_id`, `position_x`, `position_y`, `position_z`, `orientation`, `spawntimesecs`, `spawndist`, `currentwaypoint`, `curhealth`, `curmana`, `MovementType`, `npcflag`, `unit_flags`, `dynamicflags`, `walkmode`) VALUES 
(141634, 571011, 0, 1519, 5148, 1, 65535, 0, 0, -8820.66, 625.695, 94.6939, 3.72837, 300, 0, 0, 77490, 0, 0, 0, 0, 0, 0);
DELETE FROM `creature` WHERE `guid`=159067;
INSERT INTO `creature` (`guid`, `id`, `map`, `zone`, `area`, `spawnMask`, `phaseMask`, `modelid`, `equipment_id`, `position_x`, `position_y`, `position_z`, `orientation`, `spawntimesecs`, `spawndist`, `currentwaypoint`, `curhealth`, `curmana`, `MovementType`, `npcflag`, `unit_flags`, `dynamicflags`, `walkmode`) VALUES 
(159067, 571012, 1, 1637, 5170, 1, 1, 0, 0, 1596.1, -4365.95, 21.5354, 3.80195, 300, 0, 0, 77490, 0, 0, 0, 0, 0, 0);


DELETE FROM `game_event_creature_quest` WHERE `id` IN (571011,571012);
INSERT INTO `game_event_creature_quest` (`eventEntry`, `id`, `quest`) VALUES 
(132, 571011, 30571),
(131, 571011, 30572),
(130, 571011, 30574),
(128, 571011, 30576),
(129, 571011, 30578),
(132, 571012, 30570),
(131, 571012, 30573),
(130, 571012, 30575),
(128, 571012, 30577),
(129, 571012, 30579);

DELETE FROM `game_event` WHERE `eventEntry` IN (128,129,130,131,132);
INSERT INTO `game_event` (`eventEntry`, `start_time`, `end_time`, `occurence`, `length`, `holiday`, `description`, `world_event`) VALUES 
(128, '2021-11-08 01:00:00', '2024-12-06 12:00:00', 50400, 10080, 0, 'Athenas mision 1 semana', 0),
(129, '2021-11-14 01:00:00', '2024-12-06 12:00:00', 50400, 10080, 0, 'Athenas mision 2 semana', 0),
(130, '2021-11-21 01:00:00', '2024-12-06 12:00:00', 50400, 10080, 0, 'Athenas mision 3 semana', 0),
(131, '2021-11-28 01:00:00', '2024-12-06 12:00:00', 50400, 10080, 0, 'Athenas mision 4 semana', 0),
(132, '2021-12-05 01:00:00', '2024-12-06 12:00:00', 50400, 10080, 0, 'Athenas mision 5 semana', 0);

-- Mision de cambio de runas

DELETE FROM `creature_template` WHERE `entry`=571014;
INSERT INTO `creature_template` (`entry`, `difficulty_entry_1`, `difficulty_entry_2`, `difficulty_entry_3`, `KillCredit1`, `KillCredit2`, `modelid1`, `modelid2`, `modelid3`, `modelid4`, `name`, `subname`, `IconName`, `gossip_menu_id`, `minlevel`, `maxlevel`, `exp`, `exp_unk`, `faction_A`, `faction_H`, `npcflag`, `speed_walk`, `speed_run`, `speed_swim`, `speed_fly`, `scale`, `rank`, `mindmg`, `maxdmg`, `dmgschool`, `attackpower`, `dmg_multiplier`, `baseattacktime`, `rangeattacktime`, `unit_class`, `unit_flags`, `unit_flags2`, `dynamicflags`, `family`, `trainer_type`, `trainer_spell`, `trainer_class`, `trainer_race`, `minrangedmg`, `maxrangedmg`, `rangedattackpower`, `type`, `type_flags`, `type_flags2`, `lootid`, `pickpocketloot`, `skinloot`, `resistance1`, `resistance2`, `resistance3`, `resistance4`, `resistance5`, `resistance6`, `spell1`, `spell2`, `spell3`, `spell4`, `spell5`, `spell6`, `spell7`, `spell8`, `PetSpellDataId`, `VehicleId`, `mingold`, `maxgold`, `currencyId`, `currencyCount`, `AIName`, `MovementType`, `InhabitType`, `HoverHeight`, `Health_mod`, `Mana_mod`, `Mana_mod_extra`, `Armor_mod`, `RacialLeader`, `questItem1`, `questItem2`, `questItem3`, `questItem4`, `questItem5`, `questItem6`, `movementId`, `RegenHealth`, `equipment_id`, `mechanic_immune_mask`, `flags_extra`, `ScriptName`, `WDBVerified`) VALUES 
(571014, 0, 0, 0, 0, 0, 16480, 0, 0, 0, 'General Rambo', 'Project', '', 0, 85, 85, 3, 0, 35, 35, 2, 1, 1.14286, 1, 1, 1, 0, 1007, 1354.7, 0, 1571, 1, 0, 0, 1, 0, 2048, 0, 0, 0, 0, 0, 0, 758.1, 1062.1, 220, 0, 0, 0, 0, 0, 0, 0, 0, 0, 0, 0, 0, 0, 0, 0, 0, 0, 0, 0, 0, 0, 0, 0, 0, NULL, NULL, '', 0, 3, 1, 1, 0, 1, 1, 0, 0, 0, 0, 0, 0, 0, 0, 1, 0, 0, 2, '', 1);

DELETE FROM `quest_template` WHERE `Id`=300042;
INSERT INTO `quest_template` (`Id`, `Method`, `Note`, `Status`, `Level`, `MinLevel`, `MaxLevel`, `ZoneOrSort`, `Type`, `SuggestedPlayers`, `LimitTime`, `RequiredClasses`, `RequiredRaces`, `RequiredSkillId`, `RequiredSkillPoints`, `RequiredFactionId1`, `RequiredFactionId2`, `RequiredFactionValue1`, `RequiredFactionValue2`, `RequiredMinRepFaction`, `RequiredMaxRepFaction`, `RequiredMinRepValue`, `RequiredMaxRepValue`, `PrevQuestId`, `NextQuestId`, `ExclusiveGroup`, `NextQuestIdChain`, `RewardXPId`, `RewardOrRequiredMoney`, `RewardMoneyMaxLevel`, `RewardSpell`, `RewardSpellCast`, `RewardHonor`, `RewardHonorMultiplier`, `RewardMailTemplateId`, `RewardMailDelay`, `SourceItemId`, `SourceItemCount`, `SourceSpellId`, `Flags`, `SpecialFlags`, `MinimapTargetMark`, `RewardTitleId`, `RequiredPlayerKills`, `RewardTalents`, `RewardArenaPoints`, `RewardSkillId`, `RewardSkillPoints`, `RewardReputationMask`, `QuestGiverPortrait`, `QuestTurnInPortrait`, `RewardItemId1`, `RewardItemId2`, `RewardItemId3`, `RewardItemId4`, `RewardItemCount1`, `RewardItemCount2`, `RewardItemCount3`, `RewardItemCount4`, `RewardChoiceItemId1`, `RewardChoiceItemId2`, `RewardChoiceItemId3`, `RewardChoiceItemId4`, `RewardChoiceItemId5`, `RewardChoiceItemId6`, `RewardChoiceItemCount1`, `RewardChoiceItemCount2`, `RewardChoiceItemCount3`, `RewardChoiceItemCount4`, `RewardChoiceItemCount5`, `RewardChoiceItemCount6`, `RewardFactionId1`, `RewardFactionId2`, `RewardFactionId3`, `RewardFactionId4`, `RewardFactionId5`, `RewardFactionValueId1`, `RewardFactionValueId2`, `RewardFactionValueId3`, `RewardFactionValueId4`, `RewardFactionValueId5`, `RewardFactionValueIdOverride1`, `RewardFactionValueIdOverride2`, `RewardFactionValueIdOverride3`, `RewardFactionValueIdOverride4`, `RewardFactionValueIdOverride5`, `PointMapId`, `PointX`, `PointY`, `PointOption`, `Title`, `Objectives`, `Details`, `EndText`, `OfferRewardText`, `RequestItemsText`, `CompletedText`, `RequiredNpcOrGo1`, `RequiredNpcOrGo2`, `RequiredNpcOrGo3`, `RequiredNpcOrGo4`, `RequiredNpcOrGoCount1`, `RequiredNpcOrGoCount2`, `RequiredNpcOrGoCount3`, `RequiredNpcOrGoCount4`, `RequiredSourceItemId1`, `RequiredSourceItemId2`, `RequiredSourceItemId3`, `RequiredSourceItemId4`, `RequiredSourceItemCount1`, `RequiredSourceItemCount2`, `RequiredSourceItemCount3`, `RequiredSourceItemCount4`, `RequiredItemId1`, `RequiredItemId2`, `RequiredItemId3`, `RequiredItemId4`, `RequiredItemId5`, `RequiredItemId6`, `RequiredItemCount1`, `RequiredItemCount2`, `RequiredItemCount3`, `RequiredItemCount4`, `RequiredItemCount5`, `RequiredItemCount6`, `RequiredSpell`, `RequiredSpellCast1`, `RequiredSpellCast2`, `RequiredSpellCast3`, `RequiredSpellCast4`, `ObjectiveText1`, `ObjectiveText2`, `ObjectiveText3`, `ObjectiveText4`, `RewardCurrencyId1`, `RewardCurrencyId2`, `RewardCurrencyId3`, `RewardCurrencyId4`, `RewardCurrencyCount1`, `RewardCurrencyCount2`, `RewardCurrencyCount3`, `RewardCurrencyCount4`, `RequiredCurrencyId1`, `RequiredCurrencyId2`, `RequiredCurrencyId3`, `RequiredCurrencyId4`, `RequiredCurrencyCount1`, `RequiredCurrencyCount2`, `RequiredCurrencyCount3`, `RequiredCurrencyCount4`, `QuestGiverTextWindow`, `QuestGiverTargetName`, `QuestTurnTextWindow`, `QuestTurnTargetName`, `SoundAccept`, `SoundTurnIn`, `DetailsEmote1`, `DetailsEmote2`, `DetailsEmote3`, `DetailsEmote4`, `DetailsEmoteDelay1`, `DetailsEmoteDelay2`, `DetailsEmoteDelay3`, `DetailsEmoteDelay4`, `EmoteOnIncomplete`, `EmoteOnComplete`, `OfferRewardEmote1`, `OfferRewardEmote2`, `OfferRewardEmote3`, `OfferRewardEmote4`, `OfferRewardEmoteDelay1`, `OfferRewardEmoteDelay2`, `OfferRewardEmoteDelay3`, `OfferRewardEmoteDelay4`, `StartScript`, `CompleteScript`, `WDBVerified`) VALUES 
(300042, 2, NULL, 'Untested', 85, 85, 0, -162, 1, 0, 0, 0, 0, 0, 0, 0, 0, 0, 0, 0, 0, 0, 0, 0, 0, 0, 0, 0, 10000, 20000, 0, 0, 0, 0, 0, 0, 0, 0, 0, 8192, 1, 0, 0, 0, 0, 0, 0, 0, 0, 0, 0, 22484, 0, 0, 0, 1, 0, 0, 0, 0, 0, 0, 0, 0, 0, 0, 0, 0, 0, 0, 0, 0, 0, 0, 0, 0, 0, 0, 0, 0, 0, 0, 0, 0, 0, 0, 0, 0, 0, 0, 'Cambia tus insignias por runas.', 'Obtén 250 Insignias ensangrentadas y presentarlas y pordras recibir 1 runa necrotica.', 'Lucha por el honor de la Horda, haz caer a tus enemigos en batalla y debilita las fuerzas de esos cobardes, que el brillo de tus hojas nunca se apague.', '', 'Bien hecho..!', NULL, 'Gracias por tu cambio.', 0, 0, 0, 0, 0, 0, 0, 0, 0, 0, 0, 0, 0, 0, 0, 0, 9200019, 0, 0, 0, 0, 0, 250, 0, 0, 0, 0, 0, 0, 0, 0, 0, 0, '', '', '', '', 0, 0, 0, 0, 0, 0, 0, 0, 0, 0, 0, 0, 0, 0, 0, 0, '', '', '', '', 890, 878, 1, 0, 0, 0, 0, 0, 0, 0, 6, 5, 4, 0, 0, 0, 0, 0, 0, 0, 0, 0, 15595);


DELETE FROM `creature_questrelation` WHERE `quest` IN (300042);
INSERT INTO `creature_questrelation` (`id`, `quest`) VALUES 
(571014, 300042);

DELETE FROM `creature_involvedrelation` WHERE `quest` IN (300042);
INSERT INTO `creature_involvedrelation` (`id`, `quest`) VALUES 
(571014, 300042);