-- agregando el nuevo npc
DELETE FROM `creature_template` WHERE `entry`=552240;
INSERT INTO `creature_template` (`entry`, `difficulty_entry_1`, `difficulty_entry_2`, `difficulty_entry_3`, `KillCredit1`, `KillCredit2`, `modelid1`, `modelid2`, `modelid3`, `modelid4`, `name`, `subname`, `IconName`, `gossip_menu_id`, `minlevel`, `maxlevel`, `exp`, `exp_unk`, `faction_A`, `faction_H`, `npcflag`, `speed_walk`, `speed_run`, `speed_swim`, `speed_fly`, `scale`, `rank`, `mindmg`, `maxdmg`, `dmgschool`, `attackpower`, `dmg_multiplier`, `baseattacktime`, `rangeattacktime`, `unit_class`, `unit_flags`, `unit_flags2`, `dynamicflags`, `family`, `trainer_type`, `trainer_spell`, `trainer_class`, `trainer_race`, `minrangedmg`, `maxrangedmg`, `rangedattackpower`, `type`, `type_flags`, `type_flags2`, `lootid`, `pickpocketloot`, `skinloot`, `resistance1`, `resistance2`, `resistance3`, `resistance4`, `resistance5`, `resistance6`, `spell1`, `spell2`, `spell3`, `spell4`, `spell5`, `spell6`, `spell7`, `spell8`, `PetSpellDataId`, `VehicleId`, `mingold`, `maxgold`, `currencyId`, `currencyCount`, `AIName`, `MovementType`, `InhabitType`, `HoverHeight`, `Health_mod`, `Mana_mod`, `Mana_mod_extra`, `Armor_mod`, `RacialLeader`, `questItem1`, `questItem2`, `questItem3`, `questItem4`, `questItem5`, `questItem6`, `movementId`, `RegenHealth`, `equipment_id`, `mechanic_immune_mask`, `flags_extra`, `ScriptName`, `WDBVerified`) VALUES 
(552240, 0, 0, 0, 0, 0, 39797, 0, 0, 0, 'The Black Prince', 'Basic Technical Support', '', 10001, 85, 85, 3, 0, 35, 35, 3, 1, 1.14286, 1, 1.14286, 2, 0, 3.8, 3.8, 0, 46, 1, 0, 0, 8, 0, 2048, 0, 0, 0, 0, 0, 0, 1.9, 1.9, 0, 7, 0, 0, 0, 0, 0, 0, 0, 0, 0, 0, 0, 0, 0, 0, 0, 0, 0, 0, 0, 0, 0, 0, 0, NULL, NULL, '', 0, 3, 1, 1.2, 1, 1, 1, 0, 0, 0, 0, 0, 0, 0, 0, 1, 0, 0, 0, '', 15595);

-- agregando las opciones de menu del nuevo npc
DELETE FROM `gossip_menu` WHERE `entry`=10001 AND `text_id`=1;
INSERT INTO `gossip_menu` (`entry`, `text_id`) VALUES 
(10001, 1);

DELETE FROM `gossip_menu_option` WHERE `menu_id`=10001;
INSERT INTO `gossip_menu_option` (`menu_id`, `id`, `option_icon`, `option_text`, `OptionBroadcastTextID`, `option_id`, `npc_option_npcflag`, `action_menu_id`, `action_poi_id`, `box_coded`, `box_money`, `box_text`, `BoxBroadcastTextID`) VALUES 
(10001, 0, 0, 'How can I contact a Game Master?', 78001, 1, 1, 20001, 0, 0, 0, NULL, NULL),
(10001, 1, 0, 'How do I make a ticket to communicate with a Game Master?', 78002, 1, 1, 20002, 0, 0, 0, NULL, NULL),
(10001, 2, 0, 'I have had problems with an Epic or higher rarity item lost due to roll back, where can I request for it?', 78003, 1, 1, 20003, 0, 0, 0, NULL, NULL),
(10001, 3, 0, 'I have had a problem with a Epic or higher rarity item lost due to a reason other than roll back, where can I request for it?', 78004, 1, 1, 20004, 0, 0, 0, NULL, NULL),
(10001, 4, 0, 'I\'ve lost my quest chain. Where can I request the continuation?', 78005, 1, 1, 20005, 0, 0, 0, NULL, NULL),
(10001, 5, 0, 'I\'m doing the Molten Front quests but I can\'t continue at a certain point. What can I do?', 78006, 1, 1, 20006, 0, 0, 0, NULL, NULL),
(10001, 6, 0, 'Can you send in-game emails from alliance to horde chars or vice versa?', 78007, 1, 1, 20007, 0, 0, 0, NULL, NULL),
(10001, 7, 0, 'I can\'t create a guild, it won\'t let me collect the signatures. What can I do?', 78008, 1, 1, 20008, 0, 0, 0, NULL, NULL),
(10001, 8, 0, 'I\'ve leveled up engineering to 525 but I still do not have the SYNAPSE SPRINGS recipe. What can I do?', 78009, 1, 1, 20009, 0, 0, 0, NULL, NULL),
(10001, 9, 0, 'I have made an Overpowered Chicken Splitter, but I still don\'t have the recipe for Synapse Springs. What can I do?', 78010, 1, 1, 20010, 0, 0, 0, NULL, NULL),
(10001, 10, 0, 'I want to make a donation for the server, but I can\'t do it through the page. What can I do?', 78011, 1, 1, 20011, 0, 0, 0, NULL, NULL),
(10001, 11, 0, 'I saw some players doing Wintrade. Where can I report them?', 78012, 1, 1, 20012, 0, 0, 0, NULL, NULL),
(10001, 12, 0, 'I want to report a raid due to Bugs/Xploits use. Where can I do it?', 78013, 1, 1, 20013, 0, 0, 0, NULL, NULL),
(10001, 13, 0, 'What should I do if I find a bug/xploit on the server?', 78014, 1, 1, 20014, 0, 0, 0, NULL, NULL),
(10001, 14, 0, 'I know a bug that I don\'t want to report in GUITHUB because other players can take advantage of it. Where can I report it?', 78015, 1, 1, 20015, 0, 0, 0, NULL, NULL),
(10001, 15, 0, 'I want to report a player for being using bugs/xploits/third party programs. Where can I do it?', 78016, 1, 1, 20016, 0, 0, 0, NULL, NULL),
(10001, 16, 0, 'I was banned for no reason. Where can I appeal?', 78017, 1, 1, 20017, 0, 0, 0, NULL, NULL),
(10001, 17, 0, 'I saw a GM being corrupt. Where can I report it?', 78018, 1, 1, 20018, 0, 0, 0, NULL, NULL),
(10001, 18, 0, 'A GM disrespected me. Where can I report it?', 78019, 1, 1, 20019, 0, 0, 0, NULL, NULL),
(10001, 19, 0, 'Could I migrate a character from another server to Athenas?', 78020, 1, 1, 20020, 0, 0, 0, NULL, NULL),
(10001, 20, 0, 'Where can I communicate with more players in the community?', 78021, 1, 1, 20021, 0, 0, 0, NULL, NULL),
(10001, 21, 0, 'Where can I find recent news and future server events?', 78022, 1, 1, 20022, 0, 0, 0, NULL, NULL);

DELETE FROM `gossip_menu` WHERE `entry` BETWEEN 20000 AND 20025;
INSERT INTO `gossip_menu` (`entry`, `text_id`) VALUES 
(20001, 32001),
(20002, 32002),
(20003, 32003),
(20004, 32004),
(20005, 32005),
(20006, 32006),
(20007, 32007),
(20008, 32008),
(20009, 32009),
(20010, 32010),
(20011, 32011),
(20012, 32012),
(20013, 32013),
(20014, 32014),
(20015, 32015),
(20016, 32016),
(20017, 32017),
(20018, 32018),
(20019, 32019),
(20020, 32020),
(20021, 32021),
(20022, 32022);

DELETE FROM `npc_text` WHERE `ID` BETWEEN 32000 AND 32025;
INSERT INTO `npc_text` (`ID`, `text0_0`, `text0_1`, `BroadcastTextID0`, `lang0`, `prob0`, `em0_0`, `em0_1`, `em0_2`, `em0_3`, `em0_4`, `em0_5`, `text1_0`, `text1_1`, `BroadcastTextID1`, `lang1`, `prob1`, `em1_0`, `em1_1`, `em1_2`, `em1_3`, `em1_4`, `em1_5`, `text2_0`, `text2_1`, `BroadcastTextID2`, `lang2`, `prob2`, `em2_0`, `em2_1`, `em2_2`, `em2_3`, `em2_4`, `em2_5`, `text3_0`, `text3_1`, `BroadcastTextID3`, `lang3`, `prob3`, `em3_0`, `em3_1`, `em3_2`, `em3_3`, `em3_4`, `em3_5`, `text4_0`, `text4_1`, `BroadcastTextID4`, `lang4`, `prob4`, `em4_0`, `em4_1`, `em4_2`, `em4_3`, `em4_4`, `em4_5`, `text5_0`, `text5_1`, `BroadcastTextID5`, `lang5`, `prob5`, `em5_0`, `em5_1`, `em5_2`, `em5_3`, `em5_4`, `em5_5`, `text6_0`, `text6_1`, `BroadcastTextID6`, `lang6`, `prob6`, `em6_0`, `em6_1`, `em6_2`, `em6_3`, `em6_4`, `em6_5`, `text7_0`, `text7_1`, `BroadcastTextID7`, `lang7`, `prob7`, `em7_0`, `em7_1`, `em7_2`, `em7_3`, `em7_4`, `em7_5`, `WDBVerified`) VALUES 
(32001, 'To communicate with a GM you must make an in-game ticket.', 'To communicate with a GM you must make an in-game ticket.', 0, 0, 0, 0, 0, 0, 0, 0, 0, NULL, NULL, 0, 0, 0, 0, 0, 0, 0, 0, 0, NULL, NULL, 0, 0, 0, 0, 0, 0, 0, 0, 0, NULL, NULL, 0, 0, 0, 0, 0, 0, 0, 0, 0, NULL, NULL, 0, 0, 0, 0, 0, 0, 0, 0, 0, NULL, NULL, 0, 0, 0, 0, 0, 0, 0, 0, 0, NULL, NULL, 0, 0, 0, 0, 0, 0, 0, 0, 0, NULL, NULL, 0, 0, 0, 0, 0, 0, 0, 0, 0, 1),
(32002, 'Go to the menu in the lower right bar, click on the question mark (?), click on "Open a ticket" then click again on "Open a ticket"', 'Go to the menu in the lower right bar, click on the question mark (?), click on "Open a ticket" then click again on "Open a ticket"', 0, 0, 0, 0, 0, 0, 0, 0, 0, NULL, NULL, 0, 0, 0, 0, 0, 0, 0, 0, 0, NULL, NULL, 0, 0, 0, 0, 0, 0, 0, 0, 0, NULL, NULL, 0, 0, 0, 0, 0, 0, 0, 0, 0, NULL, NULL, 0, 0, 0, 0, 0, 0, 0, 0, 0, NULL, NULL, 0, 0, 0, 0, 0, 0, 0, 0, 0, NULL, NULL, 0, 0, 0, 0, 0, 0, 0, 0, 0, NULL, NULL, 0, 0, 0, 0, 0, 0, 0, 0, 0, 1),
(32003, 'Send an email with all the evidence requested in rule N. (REPLACEMENT OF ITEM/QUEST DUE TO SERVER DROPDOWNS) to infoathenasproject@gmail.com. Please note that if the information is not complete, the case will not be able to be attended.', 'Send an email with all the evidence requested in rule N. (REPLACEMENT OF ITEM/QUEST DUE TO SERVER DROPDOWNS) to infoathenasproject@gmail.com. Please note that if the information is not complete, the case will not be able to be attended.', 0, 0, 0, 0, 0, 0, 0, 0, 0, NULL, NULL, 0, 0, 0, 0, 0, 0, 0, 0, 0, NULL, NULL, 0, 0, 0, 0, 0, 0, 0, 0, 0, NULL, NULL, 0, 0, 0, 0, 0, 0, 0, 0, 0, NULL, NULL, 0, 0, 0, 0, 0, 0, 0, 0, 0, NULL, NULL, 0, 0, 0, 0, 0, 0, 0, 0, 0, NULL, NULL, 0, 0, 0, 0, 0, 0, 0, 0, 0, NULL, NULL, 0, 0, 0, 0, 0, 0, 0, 0, 0, 1),
(32004, 'Nowhere. We only replace lost items due to rollbacks.', 'Nowhere. We only replace lost items due to rollbacks.', 0, 0, 0, 0, 0, 0, 0, 0, 0, NULL, NULL, 0, 0, 0, 0, 0, 0, 0, 0, 0, NULL, NULL, 0, 0, 0, 0, 0, 0, 0, 0, 0, NULL, NULL, 0, 0, 0, 0, 0, 0, 0, 0, 0, NULL, NULL, 0, 0, 0, 0, 0, 0, 0, 0, 0, NULL, NULL, 0, 0, 0, 0, 0, 0, 0, 0, 0, NULL, NULL, 0, 0, 0, 0, 0, 0, 0, 0, 0, NULL, NULL, 0, 0, 0, 0, 0, 0, 0, 0, 0, 1),
(32005, 'Via in-game ticket, thats\'s the only way. Remember that you must place the ID (wowhead) of the last quest you did, so that the support team can give you a quick solution.', 'Via in-game ticket, thats\'s the only way. Remember that you must place the ID (wowhead) of the last quest you did, so that the support team can give you a quick solution.', 0, 0, 0, 0, 0, 0, 0, 0, 0, NULL, NULL, 0, 0, 0, 0, 0, 0, 0, 0, 0, NULL, NULL, 0, 0, 0, 0, 0, 0, 0, 0, 0, NULL, NULL, 0, 0, 0, 0, 0, 0, 0, 0, 0, NULL, NULL, 0, 0, 0, 0, 0, 0, 0, 0, 0, NULL, NULL, 0, 0, 0, 0, 0, 0, 0, 0, 0, NULL, NULL, 0, 0, 0, 0, 0, 0, 0, 0, 0, NULL, NULL, 0, 0, 0, 0, 0, 0, 0, 0, 0, 1),
(32006, 'Molten Front is closed to players right now. When enabled, it will be reported on our social networks and in-game ads.', 'Molten Front is closed to players right now. When enabled, it will be reported on our social networks and in-game ads.', 0, 0, 0, 0, 0, 0, 0, 0, 0, NULL, NULL, 0, 0, 0, 0, 0, 0, 0, 0, 0, NULL, NULL, 0, 0, 0, 0, 0, 0, 0, 0, 0, NULL, NULL, 0, 0, 0, 0, 0, 0, 0, 0, 0, NULL, NULL, 0, 0, 0, 0, 0, 0, 0, 0, 0, NULL, NULL, 0, 0, 0, 0, 0, 0, 0, 0, 0, NULL, NULL, 0, 0, 0, 0, 0, 0, 0, 0, 0, NULL, NULL, 0, 0, 0, 0, 0, 0, 0, 0, 0, 1),
(32007, 'The answer is no. Even if the 2 pjs are in the same account, this option is not enabled yet on the server.', 'The answer is no. Even if the 2 pjs are in the same account, this option is not enabled yet on the server.', 0, 0, 0, 0, 0, 0, 0, 0, 0, NULL, NULL, 0, 0, 0, 0, 0, 0, 0, 0, 0, NULL, NULL, 0, 0, 0, 0, 0, 0, 0, 0, 0, NULL, NULL, 0, 0, 0, 0, 0, 0, 0, 0, 0, NULL, NULL, 0, 0, 0, 0, 0, 0, 0, 0, 0, NULL, NULL, 0, 0, 0, 0, 0, 0, 0, 0, 0, NULL, NULL, 0, 0, 0, 0, 0, 0, 0, 0, 0, NULL, NULL, 0, 0, 0, 0, 0, 0, 0, 0, 0, 1),
(32008, 'Make an in-game ticket from the character that you want to be the Leader, requesting for the creation of the guild, along with the name you wants.\nEx: Hi, I am Athena. I request, please, a guild with the name of "Athenas Project".', 'Make an in-game ticket from the character that you want to be the Leader, requesting for the creation of the guild, along with the name you wants.\nEx: Hi, I am Athena. I request, please, a guild with the name of "Athenas Project".', 0, 0, 0, 0, 0, 0, 0, 0, 0, NULL, NULL, 0, 0, 0, 0, 0, 0, 0, 0, 0, NULL, NULL, 0, 0, 0, 0, 0, 0, 0, 0, 0, NULL, NULL, 0, 0, 0, 0, 0, 0, 0, 0, 0, NULL, NULL, 0, 0, 0, 0, 0, 0, 0, 0, 0, NULL, NULL, 0, 0, 0, 0, 0, 0, 0, 0, 0, NULL, NULL, 0, 0, 0, 0, 0, 0, 0, 0, 0, NULL, NULL, 0, 0, 0, 0, 0, 0, 0, 0, 0, 1),
(32009, 'Synapse Springs is one of the 8 discoveries that were introduced in cataclysm and that, contrary to the other patterns, is a recipe that is not learned, but is discovered. And how can we discover it? By making cataclysm items, to a greater extent Handful of Obsidium Bolts, but still has a very low probability of obtaining it. So if you don\'t want to fail in your search, you can perform Overpowered Chicken Splitter, which has a 100% probability of discovering any of these recipes. Remember that there are 8 patterns, so you must make at least 8 Overpowered Chicken Splitter to get the recipe you want.', 'Synapse Springs is one of the 8 discoveries that were introduced in cataclysm and that, contrary to the other patterns, is a recipe that is not learned, but is discovered. And how can we discover it? By making cataclysm items, to a greater extent Handful of Obsidium Bolts, but still has a very low probability of obtaining it. So if you don\'t want to fail in your search, you can perform Overpowered Chicken Splitter, which has a 100% probability of discovering any of these recipes. Remember that there are 8 patterns, so you must make at least 8 Overpowered Chicken Splitter to get the recipe you want.', 0, 0, 0, 0, 0, 0, 0, 0, 0, NULL, NULL, 0, 0, 0, 0, 0, 0, 0, 0, 0, NULL, NULL, 0, 0, 0, 0, 0, 0, 0, 0, 0, NULL, NULL, 0, 0, 0, 0, 0, 0, 0, 0, 0, NULL, NULL, 0, 0, 0, 0, 0, 0, 0, 0, 0, NULL, NULL, 0, 0, 0, 0, 0, 0, 0, 0, 0, NULL, NULL, 0, 0, 0, 0, 0, 0, 0, 0, 0, NULL, NULL, 0, 0, 0, 0, 0, 0, 0, 0, 0, 1),
(32010, 'Remember that there are 8 recipes that are part of the engineering discoveries:\n- Cardboard Assassin\n- Z50 Mana Gulper\n- Synapse Springs\n- Spinal Healing Injector\n- Invisibility Field\n- Grounded Plasma Shield\n- Tazik Shocker\n- Quickflip Deflection Plates\nThese discoveries are learned randomly, meaning that you will not necessarily get Synapse Springs on the first try, but you may be very lucky and find out on the first try. In this way, you must make Overpowered Chicken Splitter until you find the desired recipe.', 'Remember that there are 8 recipes that are part of the engineering discoveries:\n- Cardboard Assassin\n- Z50 Mana Gulper\n- Synapse Springs\n- Spinal Healing Injector\n- Invisibility Field\n- Grounded Plasma Shield\n- Tazik Shocker\n- Quickflip Deflection Plates\nThese discoveries are learned randomly, meaning that you will not necessarily get Synapse Springs on the first try, but you may be very lucky and find out on the first try. In this way, you must make Overpowered Chicken Splitter until you find the desired recipe.', 0, 0, 0, 0, 0, 0, 0, 0, 0, NULL, NULL, 0, 0, 0, 0, 0, 0, 0, 0, 0, NULL, NULL, 0, 0, 0, 0, 0, 0, 0, 0, 0, NULL, NULL, 0, 0, 0, 0, 0, 0, 0, 0, 0, NULL, NULL, 0, 0, 0, 0, 0, 0, 0, 0, 0, NULL, NULL, 0, 0, 0, 0, 0, 0, 0, 0, 0, NULL, NULL, 0, 0, 0, 0, 0, 0, 0, 0, 0, NULL, NULL, 0, 0, 0, 0, 0, 0, 0, 0, 0, 1),
(32011, 'In the top menu of the forum you will find the Link "Support the server", there you will find all the necessary information. Remember to send the transaction receipt to the discord Donaciones Athenas#1718.\nhttps://foro.athenaswow-project.com/thread-48.html', 'In the top menu of the forum you will find the Link "Support the server", there you will find all the necessary information. Remember to send the transaction receipt to the discord Donaciones Athenas#1718.\nhttps://foro.athenaswow-project.com/thread-48.html', 0, 0, 0, 0, 0, 0, 0, 0, 0, NULL, NULL, 0, 0, 0, 0, 0, 0, 0, 0, 0, NULL, NULL, 0, 0, 0, 0, 0, 0, 0, 0, 0, NULL, NULL, 0, 0, 0, 0, 0, 0, 0, 0, 0, NULL, NULL, 0, 0, 0, 0, 0, 0, 0, 0, 0, NULL, NULL, 0, 0, 0, 0, 0, 0, 0, 0, 0, NULL, NULL, 0, 0, 0, 0, 0, 0, 0, 0, 0, NULL, NULL, 0, 0, 0, 0, 0, 0, 0, 0, 0, 1),
(32012, 'You can do it through the form https://forms.gle/KHp2c5yiFeRgkCmf7, although remember that always, at the end of the season, all teams are verified and those who have made wintrade receive their respective sanction.', 'You can do it through the form https://forms.gle/KHp2c5yiFeRgkCmf7, although remember that always, at the end of the season, all teams are verified and those who have made wintrade receive their respective sanction.', 0, 0, 0, 0, 0, 0, 0, 0, 0, NULL, NULL, 0, 0, 0, 0, 0, 0, 0, 0, 0, NULL, NULL, 0, 0, 0, 0, 0, 0, 0, 0, 0, NULL, NULL, 0, 0, 0, 0, 0, 0, 0, 0, 0, NULL, NULL, 0, 0, 0, 0, 0, 0, 0, 0, 0, NULL, NULL, 0, 0, 0, 0, 0, 0, 0, 0, 0, NULL, NULL, 0, 0, 0, 0, 0, 0, 0, 0, 0, NULL, NULL, 0, 0, 0, 0, 0, 0, 0, 0, 0, 1),
(32013, 'In the players report form: https://forms.gle/KHp2c5yiFeRgkCmf7', 'In the players report form: https://forms.gle/KHp2c5yiFeRgkCmf7', 0, 0, 0, 0, 0, 0, 0, 0, 0, NULL, NULL, 0, 0, 0, 0, 0, 0, 0, 0, 0, NULL, NULL, 0, 0, 0, 0, 0, 0, 0, 0, 0, NULL, NULL, 0, 0, 0, 0, 0, 0, 0, 0, 0, NULL, NULL, 0, 0, 0, 0, 0, 0, 0, 0, 0, NULL, NULL, 0, 0, 0, 0, 0, 0, 0, 0, 0, NULL, NULL, 0, 0, 0, 0, 0, 0, 0, 0, 0, NULL, NULL, 0, 0, 0, 0, 0, 0, 0, 0, 0, 1),
(32014, 'You must report it on GUITHUB: https://github.com/athenaswow/BugTracker-Athenas-WoW', 'You must report it on GUITHUB: https://github.com/athenaswow/BugTracker-Athenas-WoW', 0, 0, 0, 0, 0, 0, 0, 0, 0, NULL, NULL, 0, 0, 0, 0, 0, 0, 0, 0, 0, NULL, NULL, 0, 0, 0, 0, 0, 0, 0, 0, 0, NULL, NULL, 0, 0, 0, 0, 0, 0, 0, 0, 0, NULL, NULL, 0, 0, 0, 0, 0, 0, 0, 0, 0, NULL, NULL, 0, 0, 0, 0, 0, 0, 0, 0, 0, NULL, NULL, 0, 0, 0, 0, 0, 0, 0, 0, 0, NULL, NULL, 0, 0, 0, 0, 0, 0, 0, 0, 0, 1),
(32015, 'Send an email with all the evidence to infoathenasproject@gmail.com. A GM will contact you as soon as possible.', 'Send an email with all the evidence to infoathenasproject@gmail.com. A GM will contact you as soon as possible.', 0, 0, 0, 0, 0, 0, 0, 0, 0, NULL, NULL, 0, 0, 0, 0, 0, 0, 0, 0, 0, NULL, NULL, 0, 0, 0, 0, 0, 0, 0, 0, 0, NULL, NULL, 0, 0, 0, 0, 0, 0, 0, 0, 0, NULL, NULL, 0, 0, 0, 0, 0, 0, 0, 0, 0, NULL, NULL, 0, 0, 0, 0, 0, 0, 0, 0, 0, NULL, NULL, 0, 0, 0, 0, 0, 0, 0, 0, 0, NULL, NULL, 0, 0, 0, 0, 0, 0, 0, 0, 0, 1),
(32016, 'In the players report form: https://forms.gle/KHp2c5yiFeRgkCmf7', 'In the players report form: https://forms.gle/KHp2c5yiFeRgkCmf7', 0, 0, 0, 0, 0, 0, 0, 0, 0, NULL, NULL, 0, 0, 0, 0, 0, 0, 0, 0, 0, NULL, NULL, 0, 0, 0, 0, 0, 0, 0, 0, 0, NULL, NULL, 0, 0, 0, 0, 0, 0, 0, 0, 0, NULL, NULL, 0, 0, 0, 0, 0, 0, 0, 0, 0, NULL, NULL, 0, 0, 0, 0, 0, 0, 0, 0, 0, NULL, NULL, 0, 0, 0, 0, 0, 0, 0, 0, 0, NULL, NULL, 0, 0, 0, 0, 0, 0, 0, 0, 0, 1),
(32017, 'You must send an email with your char\'s nickname to appealathenasproject@gmail.com, but remember that if the ban is justified and you, knowing this, appeal, you will lose any way to recover your character or account.', 'You must send an email with your char\'s nickname to appealathenasproject@gmail.com, but remember that if the ban is justified and you, knowing this, appeal, you will lose any way to recover your character or account.', 0, 0, 0, 0, 0, 0, 0, 0, 0, NULL, NULL, 0, 0, 0, 0, 0, 0, 0, 0, 0, NULL, NULL, 0, 0, 0, 0, 0, 0, 0, 0, 0, NULL, NULL, 0, 0, 0, 0, 0, 0, 0, 0, 0, NULL, NULL, 0, 0, 0, 0, 0, 0, 0, 0, 0, NULL, NULL, 0, 0, 0, 0, 0, 0, 0, 0, 0, NULL, NULL, 0, 0, 0, 0, 0, 0, 0, 0, 0, NULL, NULL, 0, 0, 0, 0, 0, 0, 0, 0, 0, 1),
(32018, 'Send an email with all the evidence to infoathenasproject@gmail.com', 'Send an email with all the evidence to infoathenasproject@gmail.com', 0, 0, 0, 0, 0, 0, 0, 0, 0, NULL, NULL, 0, 0, 0, 0, 0, 0, 0, 0, 0, NULL, NULL, 0, 0, 0, 0, 0, 0, 0, 0, 0, NULL, NULL, 0, 0, 0, 0, 0, 0, 0, 0, 0, NULL, NULL, 0, 0, 0, 0, 0, 0, 0, 0, 0, NULL, NULL, 0, 0, 0, 0, 0, 0, 0, 0, 0, NULL, NULL, 0, 0, 0, 0, 0, 0, 0, 0, 0, NULL, NULL, 0, 0, 0, 0, 0, 0, 0, 0, 0, 1),
(32019, 'Send an email with all the evidence to infoathenasproject@gmail.com', 'Send an email with all the evidence to infoathenasproject@gmail.com', 0, 0, 0, 0, 0, 0, 0, 0, 0, NULL, NULL, 0, 0, 0, 0, 0, 0, 0, 0, 0, NULL, NULL, 0, 0, 0, 0, 0, 0, 0, 0, 0, NULL, NULL, 0, 0, 0, 0, 0, 0, 0, 0, 0, NULL, NULL, 0, 0, 0, 0, 0, 0, 0, 0, 0, NULL, NULL, 0, 0, 0, 0, 0, 0, 0, 0, 0, NULL, NULL, 0, 0, 0, 0, 0, 0, 0, 0, 0, NULL, NULL, 0, 0, 0, 0, 0, 0, 0, 0, 0, 1),
(32020, 'No, migrations are currently disabled.', 'No, migrations are currently disabled.', 0, 0, 0, 0, 0, 0, 0, 0, 0, NULL, NULL, 0, 0, 0, 0, 0, 0, 0, 0, 0, NULL, NULL, 0, 0, 0, 0, 0, 0, 0, 0, 0, NULL, NULL, 0, 0, 0, 0, 0, 0, 0, 0, 0, NULL, NULL, 0, 0, 0, 0, 0, 0, 0, 0, 0, NULL, NULL, 0, 0, 0, 0, 0, 0, 0, 0, 0, NULL, NULL, 0, 0, 0, 0, 0, 0, 0, 0, 0, NULL, NULL, 0, 0, 0, 0, 0, 0, 0, 0, 0, 1),
(32021, 'In any of our social networks:\nhttps://www.facebook.com/gaming/AthenasWoW/\nhttps://discord.gg/H8fnfUv\nhttps://foro.athenaswow-project.com/\nhttps://www.instagram.com/athenaswow\nhttps://twitter.com/AthenasWow', 'In any of our social networks:\nhttps://www.facebook.com/gaming/AthenasWoW/\nhttps://discord.gg/H8fnfUv\nhttps://foro.athenaswow-project.com/\nhttps://www.instagram.com/athenaswow\nhttps://twitter.com/AthenasWow', 0, 0, 0, 0, 0, 0, 0, 0, 0, NULL, NULL, 0, 0, 0, 0, 0, 0, 0, 0, 0, NULL, NULL, 0, 0, 0, 0, 0, 0, 0, 0, 0, NULL, NULL, 0, 0, 0, 0, 0, 0, 0, 0, 0, NULL, NULL, 0, 0, 0, 0, 0, 0, 0, 0, 0, NULL, NULL, 0, 0, 0, 0, 0, 0, 0, 0, 0, NULL, NULL, 0, 0, 0, 0, 0, 0, 0, 0, 0, NULL, NULL, 0, 0, 0, 0, 0, 0, 0, 0, 0, 1),
(32022, 'In any of our social networks:\nhttps://www.facebook.com/gaming/AthenasWoW/\nhttps://discord.gg/H8fnfUv\nhttps://foro.athenaswow-project.com/\nhttps://www.instagram.com/athenaswow\nhttps://twitter.com/AthenasWow', 'In any of our social networks:\nhttps://www.facebook.com/gaming/AthenasWoW/\nhttps://discord.gg/H8fnfUv\nhttps://foro.athenaswow-project.com/\nhttps://www.instagram.com/athenaswow\nhttps://twitter.com/AthenasWow', 0, 0, 0, 0, 0, 0, 0, 0, 0, NULL, NULL, 0, 0, 0, 0, 0, 0, 0, 0, 0, NULL, NULL, 0, 0, 0, 0, 0, 0, 0, 0, 0, NULL, NULL, 0, 0, 0, 0, 0, 0, 0, 0, 0, NULL, NULL, 0, 0, 0, 0, 0, 0, 0, 0, 0, NULL, NULL, 0, 0, 0, 0, 0, 0, 0, 0, 0, NULL, NULL, 0, 0, 0, 0, 0, 0, 0, 0, 0, NULL, NULL, 0, 0, 0, 0, 0, 0, 0, 0, 0, 1);

DELETE FROM `gossip_menu_option` WHERE menu_id BETWEEN 20000 AND 20025;
INSERT INTO `gossip_menu_option` (`menu_id`, `id`, `option_icon`, `option_text`, `OptionBroadcastTextID`, `option_id`, `npc_option_npcflag`, `action_menu_id`, `action_poi_id`, `box_coded`, `box_money`, `box_text`, `BoxBroadcastTextID`) VALUES 
(20001, 0, 0, 'Return', 78000, 1, 1, 10001, 0, 0, 0, NULL, NULL),
(20002, 0, 0, 'Return', 78000, 1, 1, 10001, 0, 0, 0, NULL, NULL),
(20003, 0, 0, 'Return', 78000, 1, 1, 10001, 0, 0, 0, NULL, NULL),
(20004, 0, 0, 'Return', 78000, 1, 1, 10001, 0, 0, 0, NULL, NULL),
(20005, 0, 0, 'Return', 78000, 1, 1, 10001, 0, 0, 0, NULL, NULL),
(20006, 0, 0, 'Return', 78000, 1, 1, 10001, 0, 0, 0, NULL, NULL),
(20007, 0, 0, 'Return', 78000, 1, 1, 10001, 0, 0, 0, NULL, NULL),
(20008, 0, 0, 'Return', 78000, 1, 1, 10001, 0, 0, 0, NULL, NULL),
(20009, 0, 0, 'Return', 78000, 1, 1, 10001, 0, 0, 0, NULL, NULL),
(20010, 0, 0, 'Return', 78000, 1, 1, 10001, 0, 0, 0, NULL, NULL),
(20011, 0, 0, 'Return', 78000, 1, 1, 10001, 0, 0, 0, NULL, NULL),
(20012, 0, 0, 'Return', 78000, 1, 1, 10001, 0, 0, 0, NULL, NULL),
(20013, 0, 0, 'Return', 78000, 1, 1, 10001, 0, 0, 0, NULL, NULL),
(20014, 0, 0, 'Return', 78000, 1, 1, 10001, 0, 0, 0, NULL, NULL),
(20015, 0, 0, 'Return', 78000, 1, 1, 10001, 0, 0, 0, NULL, NULL),
(20016, 0, 0, 'Return', 78000, 1, 1, 10001, 0, 0, 0, NULL, NULL),
(20017, 0, 0, 'Return', 78000, 1, 1, 10001, 0, 0, 0, NULL, NULL),
(20018, 0, 0, 'Return', 78000, 1, 1, 10001, 0, 0, 0, NULL, NULL),
(20019, 0, 0, 'Return', 78000, 1, 1, 10001, 0, 0, 0, NULL, NULL),
(20020, 0, 0, 'Return', 78000, 1, 1, 10001, 0, 0, 0, NULL, NULL),
(20021, 0, 0, 'Return', 78000, 1, 1, 10001, 0, 0, 0, NULL, NULL),
(20022, 0, 0, 'Return', 78000, 1, 1, 10001, 0, 0, 0, NULL, NULL);

DELETE FROM `broadcast_text` WHERE `ID` BETWEEN 78000 AND 78025;
INSERT INTO `broadcast_text` (`ID`, `MaleText`, `FemaleText`) VALUES 
(78000,'Return', 'Return'),
(78001,'How can I contact a Game Master?', 'How can I contact a Game Master?'),
(78002,'How do I make a ticket to communicate with a Game Master?', 'How do I make a ticket to communicate with a Game Master?'),
(78003,'I have had problems with an Epic or higher rarity item lost due to roll back, where can I request for it?', 'I have had problems with an Epic or higher rarity item lost due to roll back, where can I request for it?'),
(78004,'I have had a problem with a Epic or higher rarity item lost due to a reason other than roll back, where can I request for it?', 'I have had a problem with a Epic or higher rarity item lost due to a reason other than roll back, where can I request for it?'),
(78005,'I\'ve lost my quest chain. Where can I request the continuation?', 'I\'ve lost my quest chain. Where can I request the continuation?'),
(78006,'I\'m doing the Molten Front quests but I can\'t continue at a certain point. What can I do?', 'I\'m doing the Molten Front quests but I can\'t continue at a certain point. What can I do?'),
(78007,'Can you send in-game emails from alliance to horde chars or vice versa?', 'Can you send in-game emails from alliance to horde chars or vice versa?'),
(78008,'I can\'t create a guild, it won\'t let me collect the signatures. What can I do?', 'I can\'t create a guild, it won\'t let me collect the signatures. What can I do?'),
(78009,'I\'ve leveled up engineering to 525 but I still do not have the SYNAPSE SPRINGS recipe. What can I do?', 'I\'ve leveled up engineering to 525 but I still do not have the SYNAPSE SPRINGS recipe. What can I do?'),
(78010,'I have made an Overpowered Chicken Splitter, but I still don\'t have the recipe for Synapse Springs. What can I do?', 'I have made an Overpowered Chicken Splitter, but I still don\'t have the recipe for Synapse Springs. What can I do?'),
(78011,'I want to make a donation for the server, but I can\'t do it through the page. What can I do?', 'I want to make a donation for the server, but I can\'t do it through the page. What can I do?'),
(78012,'I saw some players doing Wintrade. Where can I report them?', 'I saw some players doing Wintrade. Where can I report them?'),
(78013,'I want to report a raid due to Bugs/Xploits use. Where can I do it?', 'I want to report a raid due to Bugs/Xploits use. Where can I do it?'),
(78014,'What should I do if I find a bug/xploit on the server?', 'What should I do if I find a bug/xploit on the server?'),
(78015,'I know a bug that I don\'t want to report in GUITHUB because other players can take advantage of it. Where can I report it?', 'I know a bug that I don\'t want to report in GUITHUB because other players can take advantage of it. Where can I report it?'),
(78016,'I want to report a player for being using bugs/xploits/third party programs. Where can I do it?', 'I want to report a player for being using bugs/xploits/third party programs. Where can I do it?'),
(78017,'I was banned for no reason. Where can I appeal?', 'I was banned for no reason. Where can I appeal?'),
(78018,'I saw a GM being corrupt. Where can I report it?', 'I saw a GM being corrupt. Where can I report it?'),
(78019,'A GM disrespected me. Where can I report it?', 'A GM disrespected me. Where can I report it?'),
(78020,'Could I migrate a character from another server to Athenas?', 'Could I migrate a character from another server to Athenas?'),
(78021,'Where can I communicate with more players in the community?', 'Where can I communicate with more players in the community?'),
(78022,'Where can I find recent news and future server events?', 'Where can I find recent news and future server events?');

-- agregando las traducciones del nuevo npc
DELETE FROM `locales_creature` WHERE `entry`=552240;
INSERT INTO `locales_creature` (`entry`, `name_loc2`, `name_loc6`, `name_loc7`, `subname_loc6`, `subname_loc7`) VALUES 
('552240', 'The Black Prince', 'El Principe Negro', 'El Principe Negro', 'Soporte Técnico Básico', 'Soporte Técnico Básico'); 

DELETE FROM `locales_npc_text` WHERE `ID` BETWEEN 32000 AND 32025;
INSERT INTO `locales_npc_text` (`ID`, `Text0_0_loc2`, `Text0_0_loc6`, `Text0_0_loc7`) VALUES
('32001', 'To communicate with a GM you must make an in-game ticket.', 'Para comunicarse con un GM usted debe realizar ticket Ingame.', 'Para comunicarse con un GM usted debe realizar ticket Ingame.'),
('32002', 'Go to the menu in the lower right bar, click on the question mark (?), click on "Open a ticket" then click again on "Open a ticket".', 'Diríjase al menú en la barra inferior derecha, haga click en el signo de interrogación ( ? ) click en “Abrir una consulta” y nuevamente click en “Abrir una consulta”.', 'Diríjase al menú en la barra inferior derecha, haga click en el signo de interrogación ( ? ) click en “Abrir una consulta” y nuevamente click en “Abrir una consulta”.'),
('32003', 'Send an email with all the evidence requested in rule N. (REPLACEMENT OF ITEM/QUEST DUE TO SERVER DROPDOWNS) to infoathenasproject@gmail.com. Please note that if the information is not complete, the case will not be able to be attended.', 'Envíe un correo con toda la evidencia solicitada en la norma N. (REPOSICIÓN DE ÍTEM/ MISIONES POR CAIDAS DEL SERVIDOR) a infoathenasproject@gmail.com, por favor tenga en cuenta que si la información no está completa, el caso no podrá ser atendido.', 'Envíe un correo con toda la evidencia solicitada en la norma N. (REPOSICIÓN DE ÍTEM/ MISIONES POR CAIDAS DEL SERVIDOR) a infoathenasproject@gmail.com, por favor tenga en cuenta que si la información no está completa, el caso no podrá ser atendido.'),
('32004', 'Nowhere. We only replace lost items due to rollbacks.', 'En ningún sitio, solo se reponen ítems por rollback.', 'En ningún sitio, solo se reponen ítems por rollback.'),
('32005', 'Via in-game ticket, thats\'s the only way. Remember that you must place the ID (wowhead) of the last quest you did, so that the support team can give you a quick solution.', 'Vía ticket ingame, es la única forma. Recuerde que debe colocar el ID de la última misión realizada para que el equipo de asistencia le pueda dar solución rápida.', 'Vía ticket ingame, es la única forma. Recuerde que debe colocar el ID de la última misión realizada para que el equipo de asistencia le pueda dar solución rápida.'),
('32006', 'Molten Front is closed to players right now. When enabled, it will be reported on our social networks and in-game ads.', 'FRENTE DE MAGMA se encuentra cerrado a los jugadores, cuando se habilite, se informará por redes sociales y anuncios dentro del juego.', 'FRENTE DE MAGMA se encuentra cerrado a los jugadores, cuando se habilite, se informará por redes sociales y anuncios dentro del juego.'),
('32007', 'The answer is no. Even if the 2 pjs are in the same account, this option is not enabled yet on the server.', 'No, aun estando en la misma cuenta los 2 pjs, esta opción hasta el momento no está habilitada en el servidor.', 'No, aun estando en la misma cuenta los 2 pjs, esta opción hasta el momento no está habilitada en el servidor.'),
('32008', 'Make an in-game ticket from the character that you want to be the Leader, requesting for the creation of the guild, along with the name you wants. \nEx: Hi, I am Athena. I request, please, a guild with the name of "Athenas Project".', 'Realiza un ticket desde el personaje Líder, solicitando la creación de su hermandad, junto con el nombre que desea. Ej. Saludos, soy Atenea, solicito por favor una hermandad con el nombre “Athenas Project”.', 'Realiza un ticket desde el personaje Líder, solicitando la creación de su hermandad, junto con el nombre que desea. Ej. Saludos, soy Atenea, solicito por favor una hermandad con el nombre “Athenas Project”.'),
('32009', 'Synapse Springs is one of the 8 discoveries that were introduced in cataclysm and that, contrary to the other patterns, is a recipe that is not learned, but is discovered. And how can we discover it? By making cataclysm items, to a greater extent Handful of Obsidium Bolts, but still has a very low probability of obtaining it. So if you don\'t want to fail in your search, you can perform Overpowered Chicken Splitter, which has a 100% probability of discovering any of these recipes. Remember that there are 8 patterns, so you must make at least 8 Overpowered Chicken Splitter to get the recipe you want.', 'MUELLES DE SINAPSIS es uno de los 8 descubrimientos que se introdujeron en cataclismo y que, al contrario de los demás patrones, es una receta que no se aprende, sino que se descubre. Y, ¿Cómo la descubrimos? Realizando objetos de cataclismo, en mayor medida Puñado de tornillos de Obsidium, pero aun así se tiene una probabilidad muy baja de obtenerla. Para que no falle en su búsqueda, Usted puede realizar MACHACAPOLLOS DERROTADO, el cual tiene una probabilidad del 100% de descubrir alguna de estas recetas. Recuerde que son 8, Así que mínimamente debe realizar 8 MACHACAPOLLOS para conseguir la receta que desea.', 'MUELLES DE SINAPSIS es uno de los 8 descubrimientos que se introdujeron en cataclismo y que, al contrario de los demás patrones, es una receta que no se aprende, sino que se descubre. Y, ¿Cómo la descubrimos? Realizando objetos de cataclismo, en mayor medida Puñado de tornillos de Obsidium, pero aun así se tiene una probabilidad muy baja de obtenerla. Para que no falle en su búsqueda, Usted puede realizar MACHACAPOLLOS DERROTADO, el cual tiene una probabilidad del 100% de descubrir alguna de estas recetas. Recuerde que son 8, Así que mínimamente debe realizar 8 MACHACAPOLLOS para conseguir la receta que desea.'),
('32010', 'Remember that there are 8 recipes that are part of the engineering discoveries:\n- Cardboard Assassin\n- Z50 Mana Gulper\n- Synapse Springs\n- Spinal Healing Injector\n- Invisibility Field\n- Grounded Plasma Shield\n- Tazik Shocker\n- Quickflip Deflection Plates\nThese discoveries are learned randomly, meaning that you will not necessarily get Synapse Springs on the first try, but you may be very lucky and find out on the first try. In this way, you must make Overpowered Chicken Splitter until you find the desired recipe.', 'Recuerde que son 8 recetas las que hacen parte de los descubrimientos de ingeniería:\n-Asesino de Cartón\n-Tragamaná Z50\n-Muelles de Sinapsis\n-Inyector de Sanación\n-Campo de invisibilidad\n-Escudo de Plasma\n-Atontador Tazik\n-Placas de Desvío\nEstos descubrimientos se aprenden aleatoriamente, es decir, que no necesariamente en el primer intento usted obtendrá MUELLES DE SINAPSIS, pero puede que tenga mucha suerte y lo descubra en el primer intento. De esta forma, usted deberá hacer MACHACAPOLLOS DERROTADO hasta que encuentre la receta deseada.', 'Recuerde que son 8 recetas las que hacen parte de los descubrimientos de ingeniería:\n-Asesino de Cartón\n-Tragamaná Z50\n-Muelles de Sinapsis\n-Inyector de Sanación\n-Campo de invisibilidad\n-Escudo de Plasma\n-Atontador Tazik\n-Placas de Desvío\nEstos descubrimientos se aprenden aleatoriamente, es decir, que no necesariamente en el primer intento usted obtendrá MUELLES DE SINAPSIS, pero puede que tenga mucha suerte y lo descubra en el primer intento. De esta forma, usted deberá hacer MACHACAPOLLOS DERROTADO hasta que encuentre la receta deseada.'),
('32011', 'In the top menu of the forum you will find the Link "Support the server", there you will find all the necessary information. Remember to send the transaction receipt to the discord Donaciones Athenas#1718.\nhttps://foro.athenaswow-project.com/thread-48.html', 'En el menú superior del foro encontrará el Link “Apoya al servidor”, ahí encontrará toda la información necesaria. Recuerde enviar el comprobante de transacción al discord: Donaciones Athenas#1718\nhttps://foro.athenaswow-project.com/thread-48.html', 'En el menú superior del foro encontrará el Link “Apoya al servidor”, ahí encontrará toda la información necesaria. Recuerde enviar el comprobante de transacción al discord: Donaciones Athenas#1718\nhttps://foro.athenaswow-project.com/thread-48.html'),
('32012', 'You can do it through the form https://forms.gle/KHp2c5yiFeRgkCmf7, although remember that always, at the end of the season, all teams are verified and those who have made wintrade receive their respective sanction.', 'Puede hacerlo por medio del formulario https://forms.gle/KHp2c5yiFeRgkCmf7, aunque recuerde que siempre, al finalizar la temporada, el Staff verifica todos los equipos de arenas y los que han realizado wintrade reciben su respectiva sanción. ', 'Puede hacerlo por medio del formulario https://forms.gle/KHp2c5yiFeRgkCmf7, aunque recuerde que siempre, al finalizar la temporada, el Staff verifica todos los equipos de arenas y los que han realizado wintrade reciben su respectiva sanción. '),
('32013', 'In the players report form: https://forms.gle/KHp2c5yiFeRgkCmf7', 'En el formulario de reporte de jugadores: https://forms.gle/KHp2c5yiFeRgkCmf7 ', 'En el formulario de reporte de jugadores: https://forms.gle/KHp2c5yiFeRgkCmf7 '),
('32014', 'You must report it on GUITHUB: https://github.com/athenaswow/BugTracker-Athenas-WoW', 'Debe reportarlo en GUITHUB https://github.com/athenaswow/BugTracker-Athenas-WoW', 'Debe reportarlo en GUITHUB https://github.com/athenaswow/BugTracker-Athenas-WoW'),
('32015', 'Send an email with all the evidence to infoathenasproject@gmail.com. A GM will contact you as soon as possible.', 'Envíe un correo con toda la evidencia a infoathenasproject@gmail.com, Un GM se contactará con usted lo antes posible.', 'Envíe un correo con toda la evidencia a infoathenasproject@gmail.com, Un GM se contactará con usted lo antes posible.'),
('32016', 'In the players report form: https://forms.gle/KHp2c5yiFeRgkCmf7', 'En el formulario de reporte de jugadores: https://forms.gle/KHp2c5yiFeRgkCmf7 ', 'En el formulario de reporte de jugadores: https://forms.gle/KHp2c5yiFeRgkCmf7 '),
('32017', 'You must send an email with your char\'s nickname to appealathenasproject@gmail.com, but remember that if the ban is justified and you, knowing this, appeal, you will lose any way to recover your character or account.', 'Debe enviar un correo con el Nick de su pj a appealathenasproject@gmail.com , pero recuerda que si el baneo si es justificado y usted sabiendo esto realiza apelación, perderá cualquier forma de recuperar su personaje o cuenta.', 'Debe enviar un correo con el Nick de su pj a appealathenasproject@gmail.com , pero recuerda que si el baneo si es justificado y usted sabiendo esto realiza apelación, perderá cualquier forma de recuperar su personaje o cuenta.'),
('32018', 'Send an email with all the evidence to infoathenasproject@gmail.com', 'Envíe un correo con toda la evidencia a infoathenasproject@gmail.com', 'Envíe un correo con toda la evidencia a infoathenasproject@gmail.com'),
('32019', 'Send an email with all the evidence to infoathenasproject@gmail.com', 'Envíe un correo con toda la evidencia a infoathenasproject@gmail.com', 'Envíe un correo con toda la evidencia a infoathenasproject@gmail.com'),
('32020', 'No, migrations are currently disabled.', 'No, actualmente no se encuentra activo ningún tipo de migración.', 'No, actualmente no se encuentra activo ningún tipo de migración.'),
('32021', 'In any of our social networks:\nhttps://www.facebook.com/gaming/AthenasWoW/\nhttps://discord.gg/H8fnfUv\nhttps://foro.athenaswow-project.com/\nhttps://www.instagram.com/athenaswow\nhttps://twitter.com/AthenasWow	', 'En cualquiera de nuestras redes Sociales:\nhttps://www.facebook.com/gaming/AthenasWoW/\nhttps://discord.gg/H8fnfUv\nhttps://foro.athenaswow-project.com/\nhttps://www.instagram.com/athenaswow\nhttps://twitter.com/AthenasWow', 'En cualquiera de nuestras redes Sociales:\nhttps://www.facebook.com/gaming/AthenasWoW/\nhttps://discord.gg/H8fnfUv\nhttps://foro.athenaswow-project.com/\nhttps://www.instagram.com/athenaswow\nhttps://twitter.com/AthenasWow'),
('32022', 'In any of our social networks:\nhttps://www.facebook.com/gaming/AthenasWoW/\nhttps://discord.gg/H8fnfUv\nhttps://foro.athenaswow-project.com/\nhttps://www.instagram.com/athenaswow\nhttps://twitter.com/AthenasWow', 'En cualquiera de nuestras redes Sociales:\nhttps://www.facebook.com/gaming/AthenasWoW/\nhttps://discord.gg/H8fnfUv\nhttps://foro.athenaswow-project.com/\nhttps://www.instagram.com/athenaswow\nhttps://twitter.com/AthenasWow', 'En cualquiera de nuestras redes Sociales:\nhttps://www.facebook.com/gaming/AthenasWoW/\nhttps://discord.gg/H8fnfUv\nhttps://foro.athenaswow-project.com/\nhttps://www.instagram.com/athenaswow\nhttps://twitter.com/AthenasWow');

DELETE FROM `locales_broadcast_text` WHERE `ID` BETWEEN 78000 AND 78025;
INSERT INTO `locales_broadcast_text` (`ID`, `MaleText_loc6`, `MaleText_loc7`, `FemaleText_loc6`, `FemaleText_loc7`) VALUES 
(78000,'Regresar', 'Regresar', 'Regresar', 'Regresar'),
(78001,'¿Cómo me puedo comunicar con un Game Master?', '¿Cómo me puedo comunicar con un Game Master?','¿Cómo me puedo comunicar con un Game Master?', '¿Cómo me puedo comunicar con un Game Master?'),
(78002,'¿Cómo realizo un ticket para comunicarme con un Game Master?', '¿Cómo realizo un ticket para comunicarme con un Game Master?','¿Cómo realizo un ticket para comunicarme con un Game Master?', '¿Cómo realizo un ticket para comunicarme con un Game Master?'),
(78003,'He tenido inconvenientes con un item de rareza Epic o superior perdido/ligado por roll back, ¿Dónde puedo solicitarlo?', 'He tenido inconvenientes con un item de rareza Epic o superior perdido/ligado por roll back, ¿Dónde puedo solicitarlo?','He tenido inconvenientes con un item de rareza Epic o superior perdido/ligado por roll back, ¿Dónde puedo solicitarlo?', 'He tenido inconvenientes con un item de rareza Epic o superior perdido/ligado por roll back, ¿Dónde puedo solicitarlo?'),
(78004,'He tenido inconvenientes con un ítem de rareza Epic o superior perdido por motivo diferente a roll back, ¿Dónde puedo solicitarlo?', 'He tenido inconvenientes con un ítem de rareza Epic o superior perdido por motivo diferente a roll back, ¿Dónde puedo solicitarlo?','He tenido inconvenientes con un ítem de rareza Epic o superior perdido por motivo diferente a roll back, ¿Dónde puedo solicitarlo?', 'He tenido inconvenientes con un ítem de rareza Epic o superior perdido por motivo diferente a roll back, ¿Dónde puedo solicitarlo?'),
(78005,'Perdí mi cadena de misiones ¿Dónde puedo solicitar la continuación?', 'Perdí mi cadena de misiones ¿Dónde puedo solicitar la continuación?','Perdí mi cadena de misiones ¿Dónde puedo solicitar la continuación?', 'Perdí mi cadena de misiones ¿Dónde puedo solicitar la continuación?'),
(78006,'Estoy realizando las misiones de FRENTE DE MAGMA pero no puedo continuar en cierto punto, ¿Qué hago?', 'Estoy realizando las misiones de FRENTE DE MAGMA pero no puedo continuar en cierto punto, ¿Qué hago?','Estoy realizando las misiones de FRENTE DE MAGMA pero no puedo continuar en cierto punto, ¿Qué hago?', 'Estoy realizando las misiones de FRENTE DE MAGMA pero no puedo continuar en cierto punto, ¿Qué hago?'),
(78007,'¿Se puede enviar correos de la alianza a la horda o viceversa?', '¿Se puede enviar correos de la alianza a la horda o viceversa?','¿Se puede enviar correos de la alianza a la horda o viceversa?', '¿Se puede enviar correos de la alianza a la horda o viceversa?'),
(78008,'No puedo crear hermandad, no me deja recolectar las firmas ¿Qué hago?', 'No puedo crear hermandad, no me deja recolectar las firmas ¿Qué hago?','No puedo crear hermandad, no me deja recolectar las firmas ¿Qué hago?', 'No puedo crear hermandad, no me deja recolectar las firmas ¿Qué hago?'),
(78009,'Subí ingeniería a 525 pero aún no tengo la receta de MUELLES DE SINAPSIS ¿Qué hago?', 'Subí ingeniería a 525 pero aún no tengo la receta de MUELLES DE SINAPSIS ¿Qué hago?','Subí ingeniería a 525 pero aún no tengo la receta de MUELLES DE SINAPSIS ¿Qué hago?', 'Subí ingeniería a 525 pero aún no tengo la receta de MUELLES DE SINAPSIS ¿Qué hago?'),
(78010,'He realizado un MACHACAPOLLOS DERROTADO, pero aún no tengo la receta de MUELLES DE SINAPSIS ¿Qué hago?', 'He realizado un MACHACAPOLLOS DERROTADO, pero aún no tengo la receta de MUELLES DE SINAPSIS ¿Qué hago?','He realizado un MACHACAPOLLOS DERROTADO, pero aún no tengo la receta de MUELLES DE SINAPSIS ¿Qué hago?', 'He realizado un MACHACAPOLLOS DERROTADO, pero aún no tengo la receta de MUELLES DE SINAPSIS ¿Qué hago?'),
(78011,'Quiero realizar una donación al servidor, pero no puedo realizarlo por medio de la página, ¿Cómo hago?', 'Quiero realizar una donación al servidor, pero no puedo realizarlo por medio de la página, ¿Cómo hago?','Quiero realizar una donación al servidor, pero no puedo realizarlo por medio de la página, ¿Cómo hago?', 'Quiero realizar una donación al servidor, pero no puedo realizarlo por medio de la página, ¿Cómo hago?'),
(78012,'Vi a unos jugadores haciendo Wintrade, ¿Dónde puedo reportarlos?', 'Vi a unos jugadores haciendo Wintrade, ¿Dónde puedo reportarlos?','Vi a unos jugadores haciendo Wintrade, ¿Dónde puedo reportarlos?', 'Vi a unos jugadores haciendo Wintrade, ¿Dónde puedo reportarlos?'),
(78013,'Quiero reportar una raid por uso de Bugs/xploit, ¿dónde lo puedo hacer?', 'Quiero reportar una raid por uso de Bugs/xploit, ¿dónde lo puedo hacer?','Quiero reportar una raid por uso de Bugs/xploit, ¿dónde lo puedo hacer?', 'Quiero reportar una raid por uso de Bugs/xploit, ¿dónde lo puedo hacer?'),
(78014,'¿Qué debo hacer si encuentro un bug, xploit en el servidor?', '¿Qué debo hacer si encuentro un bug, xploit en el servidor?','¿Qué debo hacer si encuentro un bug, xploit en el servidor?', '¿Qué debo hacer si encuentro un bug, xploit en el servidor?'),
(78015,'Sé de un bug que no quiero reportar en GITHUB ya que pueden aprovecharse de ello otros jugadores, ¿Dónde lo puedo reportar?', 'Sé de un bug que no quiero reportar en GITHUB ya que pueden aprovecharse de ello otros jugadores, ¿Dónde lo puedo reportar?','Sé de un bug que no quiero reportar en GITHUB ya que pueden aprovecharse de ello otros jugadores, ¿Dónde lo puedo reportar?', 'Sé de un bug que no quiero reportar en GITHUB ya que pueden aprovecharse de ello otros jugadores, ¿Dónde lo puedo reportar?'),
(78016,'Quiero reportar un jugador por uso de bugs/xploits/Uso de programas de 3ros, ¿Dónde lo puedo hacer?', 'Quiero reportar un jugador por uso de bugs/xploits/Uso de programas de 3ros, ¿Dónde lo puedo hacer?','Quiero reportar un jugador por uso de bugs/xploits/Uso de programas de 3ros, ¿Dónde lo puedo hacer?', 'Quiero reportar un jugador por uso de bugs/xploits/Uso de programas de 3ros, ¿Dónde lo puedo hacer?'),
(78017,'Me banearon sin ninguna Razón ¿Dónde puedo apelar?', 'Me banearon sin ninguna Razón ¿Dónde puedo apelar?','Me banearon sin ninguna Razón ¿Dónde puedo apelar?', 'Me banearon sin ninguna Razón ¿Dónde puedo apelar?'),
(78018,'Vi a un GM siendo corrupto, ¿Dónde lo puedo reportar?', 'Vi a un GM siendo corrupto, ¿Dónde lo puedo reportar?','Vi a un GM siendo corrupto, ¿Dónde lo puedo reportar?', 'Vi a un GM siendo corrupto, ¿Dónde lo puedo reportar?'),
(78019,'Un GM me faltó al respeto, ¿Dónde puedo reportarlo?', 'Un GM me faltó al respeto, ¿Dónde puedo reportarlo?','Un GM me faltó al respeto, ¿Dónde puedo reportarlo?', 'Un GM me faltó al respeto, ¿Dónde puedo reportarlo?'),
(78020,'¿Podrán migrar personajes de otros servidores hasta Athenas?', '¿Podrán migrar personajes de otros servidores hasta Athenas?','¿Podrán migrar personajes de otros servidores hasta Athenas?', '¿Podrán migrar personajes de otros servidores hasta Athenas?'),
(78021,'¿Dónde puedo comunicarme con más jugadores de la comunidad?', '¿Dónde puedo comunicarme con más jugadores de la comunidad?','¿Dónde puedo comunicarme con más jugadores de la comunidad?', '¿Dónde puedo comunicarme con más jugadores de la comunidad?'),
(78022,'¿Dónde puedo encontrar Noticias recientes y eventos futuros del servidor?', '¿Dónde puedo encontrar Noticias recientes y eventos futuros del servidor?','¿Dónde puedo encontrar Noticias recientes y eventos futuros del servidor?', '¿Dónde puedo encontrar Noticias recientes y eventos futuros del servidor?');

-- agregando el npc en el mundo
DELETE FROM `creature` WHERE guid BETWEEN 998510 AND 998524;
INSERT INTO `creature` (`guid`, `id`, `map`, `zone`, `area`, `spawnMask`, `phaseMask`, `modelid`, `equipment_id`, `position_x`, `position_y`, `position_z`, `orientation`, `spawntimesecs`, `spawndist`, `currentwaypoint`, `curhealth`, `curmana`, `MovementType`, `npcflag`, `unit_flags`, `dynamicflags`, `walkmode`) values
('998510','552240','1','215','221','1','65535','0','0','-2915.2','-251.039','59.6017','5.96941','300','0','0','74390','9694','0','0','0','0','0'),
('998511','552240','0','85','5692','1','65535','0','0','1701.11','1700.89','135.485','0.526597','300','0','0','74390','9694','0','0','0','0','0'),
('998512','552240','609','4298','4342','1','65535','0','0','2344.24','-5666.29','426.029','0.290978','300','0','0','74390','9694','0','0','0','0','0'),
('998513','552240','530','3430','3431','1','65535','0','0','10352.3','-6357.36','33.4947','2.98097','300','0','0','74390','9694','0','0','0','0','0'),
('998514','552240','1','14','5691','1','1','0','0','-1167.88','-5262.02','0.782821','3.20471','300','0','0','74390','9694','0','0','0','0','0'),
('998515','552240','648','4737','4765','1','65535','0','0','-8420.51','1365.67','104.685','3.99413','300','0','0','74390','9694','0','0','0','0','0'),
('998516','552240','1','14','363','1','65535','0','0','-611.601','-4250.73','38.956','3.73888','300','0','0','74390','9694','0','0','0','0','0'),
('998517','552240','654','4755','4756','1','1','0','0','-1447.88','1410.55','35.5561','6.12611','300','0','0','74390','9694','0','0','0','0','0'),
('998518','552240','530','3524','3526','1','65535','0','0','-3964.04','-13927.7','100.544','4.64759','300','0','0','74390','9694','0','0','0','0','0'),
('998519','552240','0','1','5495','1','65535','0','0','-4982.4','877.439','274.309','4.65544','300','0','0','74390','9694','0','0','0','0','0'),
('998520','552240','1','141','188','1','1','0','0','10315','832.186','1326.4','3.26158','300','0','0','74390','9694','0','0','0','0','0'),
('998521','552240','0','12','9','1','65535','0','0','-8911.86','-135.109','80.4619','2.29924','300','0','0','74390','9694','0','0','0','0','0'),
('998522','552240','0','1519','5148','1','65535','0','0','-8848.05','653.8','96.7844','3.603','300','0','0','74390','9694','0','0','0','0','0'),
('998523','552240','1','1637','5170','1','65535','0','0','1616.99','-4418.42','15.7974','2.78383','300','0','0','74390','9694','0','0','0','0','0'),
('998524','552240','0','1','132','1','3','0','0','-6228.44','333.622','383.205','3.49503','300','0','0','74390','9694','0','0','0','0','0');
