
DELETE FROM `creature_template` WHERE `entry`=36330;
INSERT INTO `creature_template` (`entry`, `difficulty_entry_1`, `difficulty_entry_2`, `difficulty_entry_3`, `KillCredit1`, `KillCredit2`, `modelid1`, `modelid2`, `modelid3`, `modelid4`, `name`, `subname`, `IconName`, `gossip_menu_id`, `minlevel`, `maxlevel`, `exp`, `exp_unk`, `faction_a`, `faction_h`, `npcflag`, `speed_walk`, `speed_run`, `speed_swim`, `speed_fly`, `scale`, `rank`, `mindmg`, `maxdmg`, `dmgschool`, `attackpower`, `dmg_multiplier`, `baseattacktime`, `rangeattacktime`, `unit_class`, `unit_flags`, `unit_flags2`, `dynamicflags`, `family`, `trainer_type`, `trainer_spell`, `trainer_class`, `trainer_race`, `minrangedmg`, `maxrangedmg`, `rangedattackpower`, `type`, `type_flags`, `type_flags2`, `lootid`, `pickpocketloot`, `skinloot`, `resistance1`, `resistance2`, `resistance3`, `resistance4`, `resistance5`, `resistance6`, `spell1`, `spell2`, `spell3`, `spell4`, `spell5`, `spell6`, `spell7`, `spell8`, `PetSpellDataId`, `VehicleId`, `mingold`, `maxgold`, `AIName`, `MovementType`, `InhabitType`, `HoverHeight`, `Health_mod`, `Mana_mod`, `Mana_mod_extra`, `Armor_mod`, `RacialLeader`, `questItem1`, `questItem2`, `questItem3`, `questItem4`, `questItem5`, `questItem6`, `movementId`, `RegenHealth`, `equipment_id`, `mechanic_immune_mask`, `flags_extra`, `ScriptName`, `WDBVerified`) VALUES (36330, 0, 0, 0, 0, 0, 29675, 0, 0, 0, 'Lord Godfrey', '', '', 0, 1, 1, 0, 0, 35, 35, 0, 1, 1.14286, 1, 1.14286, 1, 0, 2, 2, 0, 24, 1, 2000, 2000, 1, 0, 2048, 0, 0, 0, 0, 0, 0, 1, 1, 0, 7, 262144, 0, 0, 0, 0, 0, 0, 0, 0, 0, 0, 0, 0, 0, 0, 0, 0, 0, 0, 0, 0, 0, 0, 'SmartAI', 0, 3, 0, 1, 1, 1, 1, 0, 0, 0, 0, 0, 0, 0, 0, 1, 0, 0, 0, '', 13623);
DELETE FROM `creature_template` WHERE `entry`=36331;
INSERT INTO `creature_template` (`entry`, `difficulty_entry_1`, `difficulty_entry_2`, `difficulty_entry_3`, `KillCredit1`, `KillCredit2`, `modelid1`, `modelid2`, `modelid3`, `modelid4`, `name`, `subname`, `IconName`, `gossip_menu_id`, `minlevel`, `maxlevel`, `exp`, `exp_unk`, `faction_a`, `faction_h`, `npcflag`, `speed_walk`, `speed_run`, `speed_swim`, `speed_fly`, `scale`, `rank`, `mindmg`, `maxdmg`, `dmgschool`, `attackpower`, `dmg_multiplier`, `baseattacktime`, `rangeattacktime`, `unit_class`, `unit_flags`, `unit_flags2`, `dynamicflags`, `family`, `trainer_type`, `trainer_spell`, `trainer_class`, `trainer_race`, `minrangedmg`, `maxrangedmg`, `rangedattackpower`, `type`, `type_flags`, `type_flags2`, `lootid`, `pickpocketloot`, `skinloot`, `resistance1`, `resistance2`, `resistance3`, `resistance4`, `resistance5`, `resistance6`, `spell1`, `spell2`, `spell3`, `spell4`, `spell5`, `spell6`, `spell7`, `spell8`, `PetSpellDataId`, `VehicleId`, `mingold`, `maxgold`, `AIName`, `MovementType`, `InhabitType`, `HoverHeight`, `Health_mod`, `Mana_mod`, `Mana_mod_extra`, `Armor_mod`, `RacialLeader`, `questItem1`, `questItem2`, `questItem3`, `questItem4`, `questItem5`, `questItem6`, `movementId`, `RegenHealth`, `equipment_id`, `mechanic_immune_mask`, `flags_extra`, `ScriptName`, `WDBVerified`) VALUES (36331, 0, 0, 0, 0, 0, 29301, 0, 0, 0, 'Krennan Aranas', 'Royal Chemist', '', 0, 1, 1, 0, 0, 35, 35, 0, 1, 1.14286, 1, 1.14286, 1, 0, 2, 2, 0, 24, 1, 2000, 2000, 1, 0, 2048, 0, 0, 0, 0, 0, 0, 1, 1, 0, 7, 0, 0, 0, 0, 0, 0, 0, 0, 0, 0, 0, 0, 0, 0, 0, 0, 0, 0, 0, 0, 0, 0, 0, 'SmartAI', 0, 3, 0, 1, 1, 1, 1, 0, 0, 0, 0, 0, 0, 0, 0, 1, 0, 0, 0, '', 13623);
DELETE FROM `creature_template` WHERE `entry`=36332;
INSERT INTO `creature_template` (`entry`, `difficulty_entry_1`, `difficulty_entry_2`, `difficulty_entry_3`, `KillCredit1`, `KillCredit2`, `modelid1`, `modelid2`, `modelid3`, `modelid4`, `name`, `subname`, `IconName`, `gossip_menu_id`, `minlevel`, `maxlevel`, `exp`, `exp_unk`, `faction_a`, `faction_h`, `npcflag`, `speed_walk`, `speed_run`, `speed_swim`, `speed_fly`, `scale`, `rank`, `mindmg`, `maxdmg`, `dmgschool`, `attackpower`, `dmg_multiplier`, `baseattacktime`, `rangeattacktime`, `unit_class`, `unit_flags`, `unit_flags2`, `dynamicflags`, `family`, `trainer_type`, `trainer_spell`, `trainer_class`, `trainer_race`, `minrangedmg`, `maxrangedmg`, `rangedattackpower`, `type`, `type_flags`, `type_flags2`, `lootid`, `pickpocketloot`, `skinloot`, `resistance1`, `resistance2`, `resistance3`, `resistance4`, `resistance5`, `resistance6`, `spell1`, `spell2`, `spell3`, `spell4`, `spell5`, `spell6`, `spell7`, `spell8`, `PetSpellDataId`, `VehicleId`, `mingold`, `maxgold`, `AIName`, `MovementType`, `InhabitType`, `HoverHeight`, `Health_mod`, `Mana_mod`, `Mana_mod_extra`, `Armor_mod`, `RacialLeader`, `questItem1`, `questItem2`, `questItem3`, `questItem4`, `questItem5`, `questItem6`, `movementId`, `RegenHealth`, `equipment_id`, `mechanic_immune_mask`, `flags_extra`, `ScriptName`, `WDBVerified`) VALUES (36332, 0, 0, 0, 0, 0, 29613, 0, 0, 0, 'King Genn Greymane', '', '', 0, 10, 10, 0, 0, 2134, 2134, 3, 1, 1.14286, 1, 1.14286, 1, 0, 13, 17, 0, 42, 1, 0, 0, 1, 0, 0, 0, 0, 0, 0, 0, 0, 9, 13, 0, 7, 262148, 0, 0, 0, 0, 0, 0, 0, 0, 0, 0, 0, 0, 0, 0, 0, 0, 0, 0, 0, 0, 0, 0, 'SmartAI', 0, 1, 1, 1, 1, 1, 1, 0, 0, 0, 0, 0, 0, 0, 0, 1, 0, 0, 0, '', 13623);

DELETE FROM `creature_text` WHERE `entry` IN (36330,36331,36332);
INSERT INTO `creature_text` (`entry`, `groupid`, `id`, `text`, `type`, `language`, `probability`, `emote`, `duration`, `sound`, `BroadcastTextId`, `comment`) VALUES 
(36330, 0, 0, 'Give it up, Krennan. It\'s time to put this one down. It\'s protocol.', 12, 0, 100, 1, 0, 19635, 36336, 'Godfrey worgen say'),
(36331, 0, 0, 'I am not giving up on you, $N. I don\'t have a cure for the Curse yet... but there are treatments. You\'ll have control again.', 12, 0, 100, 274, 0, 20919, 36344, 'Arenas event'),
(36332, 0, 0, 'Tell me, Godfrey. Those that stayed in Gilneas City so that we could live. Were they following protocol?', 12, 0, 100, 6, 0, 19721, 36340, 'Greymane say1'),
(36332, 1, 0, 'I didn\'t think so. Now hand me that potion, Krennan... and double the dosage.', 12, 0, 100, 25, 0, 19722, 36341, 'Greymane say2');


DELETE FROM `smart_scripts` WHERE entryorguid=36330;
INSERT INTO `smart_scripts` (`entryorguid`, `source_type`, `id`, `link`, `event_type`, `event_phase_mask`, `event_chance`, `event_flags`, `event_param1`, `event_param2`, `event_param3`, `event_param4`, `action_type`, `action_param1`, `action_param2`, `action_param3`, `action_param4`, `action_param5`, `action_param6`, `target_type`, `target_param1`, `target_param2`, `target_param3`, `target_x`, `target_y`, `target_z`, `target_o`, `comment`) VALUES 
(36330, 0, 1, 0, 61, 0, 100, 0, 0, 0, 0, 0, 69, 1, 0, 0, 0, 0, 0, 8, 0, 0, 0, -1821.92, 2295.05, 42.1705, 0, ''),
(36330, 0, 2, 1, 54, 0, 100, 0, 0, 0, 0, 0, 59, 0, 0, 0, 0, 0, 0, 1, 0, 0, 0, 0, 0, 0, 0, ''),
(36330, 0, 2, 3, 34, 0, 100, 0, 8, 1, 0, 0, 66, 0, 0, 0, 0, 0, 0, 19, 36331, 15, 0, 0, 0, 0, 0, ''),
(36330, 0, 3, 0, 61, 0, 100, 0, 0, 0, 0, 0, 1, 0, 0, 0, 0, 0, 0, 1, 0, 0, 0, 0, 0, 0, 0, ''),
(36330, 0, 4, 0, 8, 0, 100, 0, 68638, 0, 0, 0, 41, 500, 0, 0, 0, 0, 0, 1, 0, 0, 0, 0, 0, 0, 0, '');


DELETE FROM `smart_scripts` WHERE entryorguid=36331;
INSERT INTO `smart_scripts` (`entryorguid`, `source_type`, `id`, `link`, `event_type`, `event_phase_mask`, `event_chance`, `event_flags`, `event_param1`, `event_param2`, `event_param3`, `event_param4`, `action_type`, `action_param1`, `action_param2`, `action_param3`, `action_param4`, `action_param5`, `action_param6`, `target_type`, `target_param1`, `target_param2`, `target_param3`, `target_x`, `target_y`, `target_z`, `target_o`, `comment`) VALUES 
(36331, 0, 0, 1, 54, 0, 100, 0, 0, 0, 0, 0, 59, 0, 0, 0, 0, 0, 0, 1, 0, 0, 0, 0, 0, 0, 0, ''),
(36331, 0, 1, 2, 61, 0, 100, 0, 0, 0, 0, 0, 64, 1, 0, 0, 0, 0, 0, 23, 0, 0, 0, 0, 0, 0, 0, ''),
(36331, 0, 2, 0, 61, 0, 100, 0, 0, 0, 0, 0, 80, 3633100, 2, 0, 0, 0, 0, 1, 0, 0, 0, 0, 0, 0, 0, ''),
(36331, 0, 3, 0, 8, 0, 100, 1, 68638, 0, 0, 0, 41, 0, 0, 0, 0, 0, 0, 1, 0, 0, 0, 0, 0, 0, 0, ''),
(36331, 0, 4, 0, 17, 0, 100, 0, 0, 0, 0, 0, 100, 1, 0, 0, 0, 0, 0, 7, 0, 0, 0, 0, 0, 0, 0, '');


DELETE FROM `smart_scripts` WHERE entryorguid=3633100;
INSERT INTO `smart_scripts` (`entryorguid`, `source_type`, `id`, `link`, `event_type`, `event_phase_mask`, `event_chance`, `event_flags`, `event_param1`, `event_param2`, `event_param3`, `event_param4`, `action_type`, `action_param1`, `action_param2`, `action_param3`, `action_param4`, `action_param5`, `action_param6`, `target_type`, `target_param1`, `target_param2`, `target_param3`, `target_x`, `target_y`, `target_z`, `target_o`, `comment`) VALUES 
(3633100, 9, 0, 0, 0, 0, 100, 0, 0, 0, 0, 0, 47, 0, 0, 0, 0, 0, 0, 1, 0, 0, 0, 0, 0, 0, 0, ''),
(3633100, 9, 1, 0, 0, 0, 100, 0, 9000, 9000, 0, 0, 47, 1, 0, 0, 0, 0, 0, 1, 0, 0, 0, 0, 0, 0, 0, ''),
(3633100, 9, 2, 0, 0, 0, 100, 0, 0, 0, 0, 0, 69, 1, 0, 0, 0, 0, 0, 8, 0, 0, 0, -1819.53, 2291.25, 42.3269, 0, ''),
(3633100, 9, 3, 0, 0, 0, 100, 0, 4200, 4200, 0, 0, 66, 0, 0, 0, 0, 0, 0, 23, 0, 0, 0, 0, 0, 0, 0, ''),
(3633100, 9, 4, 0, 0, 0, 100, 0, 100, 100, 0, 0, 1, 0, 0, 0, 0, 0, 0, 23, 0, 0, 0, 0, 0, 0, 0, ''),
(3633100, 9, 5, 0, 0, 0, 100, 0, 6000, 6000, 0, 0, 12, 36330, 8, 0, 0, 0, 0, 8, 0, 0, 0, -1839.3, 2293.22, 42.2881, 0.271367, ''),
(3633100, 9, 6, 0, 0, 0, 100, 0, 8500, 8500, 0, 0, 12, 36332, 8, 0, 0, 0, 0, 8, 0, 0, 0, -1839.9, 2290, 42.2977, 0.0553821, '');


DELETE FROM `smart_scripts` WHERE entryorguid=36332;
INSERT INTO `smart_scripts` (`entryorguid`, `source_type`, `id`, `link`, `event_type`, `event_phase_mask`, `event_chance`, `event_flags`, `event_param1`, `event_param2`, `event_param3`, `event_param4`, `action_type`, `action_param1`, `action_param2`, `action_param3`, `action_param4`, `action_param5`, `action_param6`, `target_type`, `target_param1`, `target_param2`, `target_param3`, `target_x`, `target_y`, `target_z`, `target_o`, `comment`) VALUES 
(36332, 0, 0, 1, 54, 0, 100, 1, 0, 0, 0, 0, 81, 0, 0, 0, 0, 0, 0, 1, 0, 0, 0, 0, 0, 0, 0, ''),
(36332, 0, 1, 2, 61, 0, 100, 0, 0, 0, 0, 0, 59, 0, 0, 0, 0, 0, 0, 1, 0, 0, 0, 0, 0, 0, 0, ''),
(36332, 0, 2, 0, 61, 0, 100, 0, 0, 0, 0, 0, 69, 1, 0, 0, 0, 0, 0, 8, 0, 0, 0, -1821.09, 2292.6, 42.2336, 0, ''),
(36332, 0, 3, 0, 34, 0, 100, 1, 8, 1, 0, 0, 80, 3633201, 2, 0, 0, 0, 0, 1, 0, 0, 0, 0, 0, 0, 0, ''),
(36332, 0, 4, 0, 8, 0, 100, 1, 68638, 0, 0, 0, 41, 500, 0, 0, 0, 0, 0, 1, 0, 0, 0, 0, 0, 0, 0, ''),
(36332, 0, 5, 6, 20, 0, 100, 0, 14375, 0, 0, 0, 85, 68639, 2, 0, 0, 0, 0, 7, 0, 0, 0, 0, 0, 0, 0, ''),
(36332, 0, 6, 7, 61, 0, 100, 0, 0, 0, 0, 0, 28, 69196, 0, 0, 0, 0, 0, 7, 0, 0, 0, 0, 0, 0, 0, ''),
(36332, 0, 7, 8, 61, 0, 100, 0, 0, 0, 0, 0, 28, 68630, 0, 0, 0, 0, 0, 7, 0, 0, 0, 0, 0, 0, 0, ''),
(36332, 0, 8, 0, 61, 0, 100, 0, 0, 0, 0, 0, 11, 68638, 2, 0, 0, 0, 0, 1, 0, 0, 0, 0, 0, 0, 0, '');


DELETE FROM `smart_scripts` WHERE entryorguid=3633201;
INSERT INTO `smart_scripts` (`entryorguid`, `source_type`, `id`, `link`, `event_type`, `event_phase_mask`, `event_chance`, `event_flags`, `event_param1`, `event_param2`, `event_param3`, `event_param4`, `action_type`, `action_param1`, `action_param2`, `action_param3`, `action_param4`, `action_param5`, `action_param6`, `target_type`, `target_param1`, `target_param2`, `target_param3`, `target_x`, `target_y`, `target_z`, `target_o`, `comment`) VALUES 
(3633201, 9, 0, 0, 0, 0, 100, 0, 100, 100, 0, 0, 66, 0, 0, 0, 0, 0, 0, 19, 36330, 30, 0, 0, 0, 0, 0, ''),
(3633201, 9, 1, 0, 0, 0, 100, 0, 0, 0, 0, 0, 1, 0, 0, 0, 0, 0, 0, 12, 1, 0, 0, 0, 0, 0, 0, ''),
(3633201, 9, 2, 0, 0, 0, 100, 0, 12000, 12000, 0, 0, 66, 0, 0, 0, 0, 0, 0, 8, 0, 0, 0, 0, 0, 0, 5.49779, ''),
(3633201, 9, 3, 0, 0, 0, 100, 0, 0, 0, 0, 0, 1, 1, 0, 0, 0, 0, 0, 12, 1, 0, 0, 0, 0, 0, 0, ''),
(3633201, 9, 4, 0, 0, 0, 100, 0, 1000, 1000, 0, 0, 81, 2, 0, 0, 0, 0, 0, 1, 0, 0, 0, 0, 0, 0, 0, '');


-- condiciones de spell 68638
DELETE FROM `conditions` WHERE SourceEntry=68638;
INSERT INTO `conditions` (`SourceTypeOrReferenceId`, `SourceGroup`, `SourceEntry`, `SourceId`, `ElseGroup`, `ConditionTypeOrReference`, `ConditionTarget`, `ConditionValue1`, `ConditionValue2`, `ConditionValue3`, `NegativeCondition`, `ErrorType`, `ErrorTextId`, `ScriptName`, `Comment`) VALUES 
(13, 2, 68638, 0, 2, 31, 0, 3, 36331, 0, 0, 0, 0, '', ''),
(13, 2, 68638, 0, 1, 31, 0, 3, 36330, 0, 0, 0, 0, '', ''),
(13, 2, 68638, 0, 0, 31, 0, 3, 36332, 0, 0, 0, 0, '', '');

-- condiciones de mision

DELETE FROM `quest_template` WHERE `Id`=14375;
INSERT INTO `quest_template` (`Id`, `Method`, `Note`, `Status`, `Level`, `MinLevel`, `MaxLevel`, `ZoneOrSort`, `Type`, `SuggestedPlayers`, `LimitTime`, `RequiredClasses`, `RequiredRaces`, `RequiredSkillId`, `RequiredSkillPoints`, `RequiredFactionId1`, `RequiredFactionId2`, `RequiredFactionValue1`, `RequiredFactionValue2`, `RequiredMinRepFaction`, `RequiredMaxRepFaction`, `RequiredMinRepValue`, `RequiredMaxRepValue`, `PrevQuestId`, `NextQuestId`, `ExclusiveGroup`, `NextQuestIdChain`, `RewardXPId`, `RewardOrRequiredMoney`, `RewardMoneyMaxLevel`, `RewardSpell`, `RewardSpellCast`, `RewardHonor`, `RewardHonorMultiplier`, `RewardMailTemplateId`, `RewardMailDelay`, `SourceItemId`, `SourceItemCount`, `SourceSpellId`, `Flags`, `SpecialFlags`, `MinimapTargetMark`, `RewardTitleId`, `RequiredPlayerKills`, `RewardTalents`, `RewardArenaPoints`, `RewardSkillId`, `RewardSkillPoints`, `RewardReputationMask`, `QuestGiverPortrait`, `QuestTurnInPortrait`, `RewardItemId1`, `RewardItemId2`, `RewardItemId3`, `RewardItemId4`, `RewardItemCount1`, `RewardItemCount2`, `RewardItemCount3`, `RewardItemCount4`, `RewardChoiceItemId1`, `RewardChoiceItemId2`, `RewardChoiceItemId3`, `RewardChoiceItemId4`, `RewardChoiceItemId5`, `RewardChoiceItemId6`, `RewardChoiceItemCount1`, `RewardChoiceItemCount2`, `RewardChoiceItemCount3`, `RewardChoiceItemCount4`, `RewardChoiceItemCount5`, `RewardChoiceItemCount6`, `RewardFactionId1`, `RewardFactionId2`, `RewardFactionId3`, `RewardFactionId4`, `RewardFactionId5`, `RewardFactionValueId1`, `RewardFactionValueId2`, `RewardFactionValueId3`, `RewardFactionValueId4`, `RewardFactionValueId5`, `RewardFactionValueIdOverride1`, `RewardFactionValueIdOverride2`, `RewardFactionValueIdOverride3`, `RewardFactionValueIdOverride4`, `RewardFactionValueIdOverride5`, `PointMapId`, `PointX`, `PointY`, `PointOption`, `Title`, `Objectives`, `Details`, `EndText`, `OfferRewardText`, `RequestItemsText`, `CompletedText`, `RequiredNpcOrGo1`, `RequiredNpcOrGo2`, `RequiredNpcOrGo3`, `RequiredNpcOrGo4`, `RequiredNpcOrGoCount1`, `RequiredNpcOrGoCount2`, `RequiredNpcOrGoCount3`, `RequiredNpcOrGoCount4`, `RequiredSourceItemId1`, `RequiredSourceItemId2`, `RequiredSourceItemId3`, `RequiredSourceItemId4`, `RequiredSourceItemCount1`, `RequiredSourceItemCount2`, `RequiredSourceItemCount3`, `RequiredSourceItemCount4`, `RequiredItemId1`, `RequiredItemId2`, `RequiredItemId3`, `RequiredItemId4`, `RequiredItemId5`, `RequiredItemId6`, `RequiredItemCount1`, `RequiredItemCount2`, `RequiredItemCount3`, `RequiredItemCount4`, `RequiredItemCount5`, `RequiredItemCount6`, `RequiredSpell`, `RequiredSpellCast1`, `RequiredSpellCast2`, `RequiredSpellCast3`, `RequiredSpellCast4`, `ObjectiveText1`, `ObjectiveText2`, `ObjectiveText3`, `ObjectiveText4`, `RewardCurrencyId1`, `RewardCurrencyId2`, `RewardCurrencyId3`, `RewardCurrencyId4`, `RewardCurrencyCount1`, `RewardCurrencyCount2`, `RewardCurrencyCount3`, `RewardCurrencyCount4`, `RequiredCurrencyId1`, `RequiredCurrencyId2`, `RequiredCurrencyId3`, `RequiredCurrencyId4`, `RequiredCurrencyCount1`, `RequiredCurrencyCount2`, `RequiredCurrencyCount3`, `RequiredCurrencyCount4`, `QuestGiverTextWindow`, `QuestGiverTargetName`, `QuestTurnTextWindow`, `QuestTurnTargetName`, `SoundAccept`, `SoundTurnIn`, `DetailsEmote1`, `DetailsEmote2`, `DetailsEmote3`, `DetailsEmote4`, `DetailsEmoteDelay1`, `DetailsEmoteDelay2`, `DetailsEmoteDelay3`, `DetailsEmoteDelay4`, `EmoteOnIncomplete`, `EmoteOnComplete`, `OfferRewardEmote1`, `OfferRewardEmote2`, `OfferRewardEmote3`, `OfferRewardEmote4`, `OfferRewardEmoteDelay1`, `OfferRewardEmoteDelay2`, `OfferRewardEmoteDelay3`, `OfferRewardEmoteDelay4`, `StartScript`, `CompleteScript`, `WDBVerified`) VALUES 
(14375, 0, NULL, 'Untested', 5, 1, 0, 4714, 0, 0, 0, 0, 2098253, 0, 0, 0, 0, 0, 0, 0, 0, 0, 0, 0, 0, 0, 0, 5, 0, 270, 0, 68639, 0, 0, 0, 0, 0, 0, 0, 8, 0, 0, 0, 0, 0, 0, 0, 0, 0, 0, 0, 0, 0, 0, 0, 0, 0, 0, 0, 0, 0, 0, 0, 0, 0, 0, 0, 0, 0, 0, 0, 1134, 0, 0, 0, 0, 5, 0, 0, 0, 0, 0, 0, 0, 0, 0, 0, 0, 0, 0, 'Last Chance at Humanity', '', '', '', 'I need you to pull through, $n.  This dosage is strong enough to kill a horse.$B$BBut I know you.  I know what you\'re made of.  You will be fine.$B$BTrust me.  I know what you\'re going through.$B$BNow drink up and close your eyes.', '', '', 0, 0, 0, 0, 0, 0, 0, 0, 0, 0, 0, 0, 0, 0, 0, 0, 0, 0, 0, 0, 0, 0, 0, 0, 0, 0, 0, 0, 0, 0, 0, 0, 0, '', '', '', '', 0, 0, 0, 0, 0, 0, 0, 0, 0, 0, 0, 0, 0, 0, 0, 0, '', '', '', '', 890, 878, 0, 0, 0, 0, 0, 0, 0, 0, 0, 0, 0, 0, 0, 0, 0, 0, 0, 0, 0, 0, 15595);

DELETE FROM `quest_template` WHERE `Id`=14222;
INSERT INTO `quest_template` (`Id`, `Method`, `Note`, `Status`, `Level`, `MinLevel`, `MaxLevel`, `ZoneOrSort`, `Type`, `SuggestedPlayers`, `LimitTime`, `RequiredClasses`, `RequiredRaces`, `RequiredSkillId`, `RequiredSkillPoints`, `RequiredFactionId1`, `RequiredFactionId2`, `RequiredFactionValue1`, `RequiredFactionValue2`, `RequiredMinRepFaction`, `RequiredMaxRepFaction`, `RequiredMinRepValue`, `RequiredMaxRepValue`, `PrevQuestId`, `NextQuestId`, `ExclusiveGroup`, `NextQuestIdChain`, `RewardXPId`, `RewardOrRequiredMoney`, `RewardMoneyMaxLevel`, `RewardSpell`, `RewardSpellCast`, `RewardHonor`, `RewardHonorMultiplier`, `RewardMailTemplateId`, `RewardMailDelay`, `SourceItemId`, `SourceItemCount`, `SourceSpellId`, `Flags`, `SpecialFlags`, `MinimapTargetMark`, `RewardTitleId`, `RequiredPlayerKills`, `RewardTalents`, `RewardArenaPoints`, `RewardSkillId`, `RewardSkillPoints`, `RewardReputationMask`, `QuestGiverPortrait`, `QuestTurnInPortrait`, `RewardItemId1`, `RewardItemId2`, `RewardItemId3`, `RewardItemId4`, `RewardItemCount1`, `RewardItemCount2`, `RewardItemCount3`, `RewardItemCount4`, `RewardChoiceItemId1`, `RewardChoiceItemId2`, `RewardChoiceItemId3`, `RewardChoiceItemId4`, `RewardChoiceItemId5`, `RewardChoiceItemId6`, `RewardChoiceItemCount1`, `RewardChoiceItemCount2`, `RewardChoiceItemCount3`, `RewardChoiceItemCount4`, `RewardChoiceItemCount5`, `RewardChoiceItemCount6`, `RewardFactionId1`, `RewardFactionId2`, `RewardFactionId3`, `RewardFactionId4`, `RewardFactionId5`, `RewardFactionValueId1`, `RewardFactionValueId2`, `RewardFactionValueId3`, `RewardFactionValueId4`, `RewardFactionValueId5`, `RewardFactionValueIdOverride1`, `RewardFactionValueIdOverride2`, `RewardFactionValueIdOverride3`, `RewardFactionValueIdOverride4`, `RewardFactionValueIdOverride5`, `PointMapId`, `PointX`, `PointY`, `PointOption`, `Title`, `Objectives`, `Details`, `EndText`, `OfferRewardText`, `RequestItemsText`, `CompletedText`, `RequiredNpcOrGo1`, `RequiredNpcOrGo2`, `RequiredNpcOrGo3`, `RequiredNpcOrGo4`, `RequiredNpcOrGoCount1`, `RequiredNpcOrGoCount2`, `RequiredNpcOrGoCount3`, `RequiredNpcOrGoCount4`, `RequiredSourceItemId1`, `RequiredSourceItemId2`, `RequiredSourceItemId3`, `RequiredSourceItemId4`, `RequiredSourceItemCount1`, `RequiredSourceItemCount2`, `RequiredSourceItemCount3`, `RequiredSourceItemCount4`, `RequiredItemId1`, `RequiredItemId2`, `RequiredItemId3`, `RequiredItemId4`, `RequiredItemId5`, `RequiredItemId6`, `RequiredItemCount1`, `RequiredItemCount2`, `RequiredItemCount3`, `RequiredItemCount4`, `RequiredItemCount5`, `RequiredItemCount6`, `RequiredSpell`, `RequiredSpellCast1`, `RequiredSpellCast2`, `RequiredSpellCast3`, `RequiredSpellCast4`, `ObjectiveText1`, `ObjectiveText2`, `ObjectiveText3`, `ObjectiveText4`, `RewardCurrencyId1`, `RewardCurrencyId2`, `RewardCurrencyId3`, `RewardCurrencyId4`, `RewardCurrencyCount1`, `RewardCurrencyCount2`, `RewardCurrencyCount3`, `RewardCurrencyCount4`, `RequiredCurrencyId1`, `RequiredCurrencyId2`, `RequiredCurrencyId3`, `RequiredCurrencyId4`, `RequiredCurrencyCount1`, `RequiredCurrencyCount2`, `RequiredCurrencyCount3`, `RequiredCurrencyCount4`, `QuestGiverTextWindow`, `QuestGiverTargetName`, `QuestTurnTextWindow`, `QuestTurnTargetName`, `SoundAccept`, `SoundTurnIn`, `DetailsEmote1`, `DetailsEmote2`, `DetailsEmote3`, `DetailsEmote4`, `DetailsEmoteDelay1`, `DetailsEmoteDelay2`, `DetailsEmoteDelay3`, `DetailsEmoteDelay4`, `EmoteOnIncomplete`, `EmoteOnComplete`, `OfferRewardEmote1`, `OfferRewardEmote2`, `OfferRewardEmote3`, `OfferRewardEmote4`, `OfferRewardEmoteDelay1`, `OfferRewardEmoteDelay2`, `OfferRewardEmoteDelay3`, `OfferRewardEmoteDelay4`, `StartScript`, `CompleteScript`, `WDBVerified`) VALUES 
(14222, 2, NULL, 'Untested', 5, 1, 0, 4755, 0, 0, 0, 0, 2097152, 0, 0, 0, 0, 0, 0, 0, 0, 0, 0, 14221, 0, 0, 0, 7, 300, 390, 0, 0, 0, 0, 0, 0, 0, 0, 76642, 128, 0, 0, 0, 0, 0, 0, 0, 0, 1, 0, 0, 0, 0, 0, 0, 0, 0, 0, 0, 0, 0, 0, 0, 0, 0, 0, 0, 0, 0, 0, 0, 1134, 0, 0, 0, 0, 5, 0, 0, 0, 0, 0, 0, 0, 0, 0, 0, 0, 0, 0, 'Last Stand', 'Kill 8 Frenzied Stalkers.', 'We\'ve got a good chokepoint here, $N.  Feel free to say a prayer if that\'s your sort of thing.$B$BTake courage and let\'s kill these mutts.', '', 'They... they\'ve stopped coming.$B$BNo, $n.  That\'s not a good thing.', 'We can do this, $N.', 'Return to Lord Darius Crowley inside the Cathedral of Light in Gilneas City.', 35627, 0, 0, 0, 8, 0, 0, 0, 0, 0, 0, 0, 0, 0, 0, 0, 0, 0, 0, 0, 0, 0, 0, 0, 0, 0, 0, 0, 0, 0, 0, 0, 0, '', '', '', '', 0, 0, 0, 0, 0, 0, 0, 0, 0, 0, 0, 0, 0, 0, 0, 0, '', '', '', '', 890, 878, 0, 0, 0, 0, 0, 0, 0, 0, 0, 0, 0, 0, 0, 0, 0, 0, 0, 0, 0, 0, 15595);

DELETE FROM `conditions` WHERE ConditionValue1=14375;
INSERT INTO `conditions` (`SourceTypeOrReferenceId`, `SourceGroup`, `SourceEntry`, `SourceId`, `ElseGroup`, `ConditionTypeOrReference`, `ConditionTarget`, `ConditionValue1`, `ConditionValue2`, `ConditionValue3`, `NegativeCondition`, `ErrorType`, `ErrorTextId`, `ScriptName`, `Comment`) VALUES 
(25, 4714, 0, 0, 0, 8, 0, 14375, 0, 0, 1, 0, 0, '', NULL),
(22, 1, -161741, 0, 0, 8, 0, 14375, 0, 0, 1, 0, 0, '', '');

-- condicion de creature guid
DELETE FROM `conditions` WHERE SourceEntry=-161741;
INSERT INTO `conditions` (`SourceTypeOrReferenceId`, `SourceGroup`, `SourceEntry`, `SourceId`, `ElseGroup`, `ConditionTypeOrReference`, `ConditionTarget`, `ConditionValue1`, `ConditionValue2`, `ConditionValue3`, `NegativeCondition`, `ErrorType`, `ErrorTextId`, `ScriptName`, `Comment`) VALUES 
(22, 1, -161741, 0, 0, 32, 0, 144, 0, 0, 0, 0, 0, '', ''),
(22, 1, -161741, 0, 0, 8, 0, 14222, 0, 0, 0, 0, 0, '', ''),
(22, 1, -161741, 0, 0, 29, 1, 36331, 25, 0, 1, 0, 0, '', ''),
(22, 1, -161741, 0, 0, 8, 0, 14375, 0, 0, 1, 0, 0, '', '');


DELETE FROM `creature_template` WHERE `entry`=36198;
INSERT INTO `creature_template` (`entry`, `difficulty_entry_1`, `difficulty_entry_2`, `difficulty_entry_3`, `KillCredit1`, `KillCredit2`, `modelid1`, `modelid2`, `modelid3`, `modelid4`, `name`, `subname`, `IconName`, `gossip_menu_id`, `minlevel`, `maxlevel`, `exp`, `exp_unk`, `faction_a`, `faction_h`, `npcflag`, `speed_walk`, `speed_run`, `speed_swim`, `speed_fly`, `scale`, `rank`, `mindmg`, `maxdmg`, `dmgschool`, `attackpower`, `dmg_multiplier`, `baseattacktime`, `rangeattacktime`, `unit_class`, `unit_flags`, `unit_flags2`, `dynamicflags`, `family`, `trainer_type`, `trainer_spell`, `trainer_class`, `trainer_race`, `minrangedmg`, `maxrangedmg`, `rangedattackpower`, `type`, `type_flags`, `type_flags2`, `lootid`, `pickpocketloot`, `skinloot`, `resistance1`, `resistance2`, `resistance3`, `resistance4`, `resistance5`, `resistance6`, `spell1`, `spell2`, `spell3`, `spell4`, `spell5`, `spell6`, `spell7`, `spell8`, `PetSpellDataId`, `VehicleId`, `mingold`, `maxgold`, `AIName`, `MovementType`, `InhabitType`, `HoverHeight`, `Health_mod`, `Mana_mod`, `Mana_mod_extra`, `Armor_mod`, `RacialLeader`, `questItem1`, `questItem2`, `questItem3`, `questItem4`, `questItem5`, `questItem6`, `movementId`, `RegenHealth`, `equipment_id`, `mechanic_immune_mask`, `flags_extra`, `ScriptName`, `WDBVerified`) VALUES (36198, 0, 0, 0, 0, 0, 16480, 0, 0, 0, 'Generic Trigger LAB - Multiphase (Ground)', '', '', 0, 60, 60, 0, 0, 35, 35, 0, 1, 1.14286, 1, 1.14286, 1, 0, 2, 2, 0, 24, 1, 2000, 2000, 1, 33554688, 2048, 0, 0, 0, 0, 0, 0, 1, 1, 0, 10, 0, 0, 0, 0, 0, 0, 0, 0, 0, 0, 0, 0, 0, 0, 0, 0, 0, 0, 0, 0, 0, 0, 0, 'SmartAI', 0, 3, 0, 1.35, 1, 1, 1, 0, 0, 0, 0, 0, 0, 0, 0, 1, 0, 0, 128, '', 13623);

DELETE FROM `smart_scripts` WHERE `entryorguid`=-161741 AND `source_type`=0 AND `id`=0 AND `link`=0;
INSERT INTO `smart_scripts` (`entryorguid`, `source_type`, `id`, `link`, `event_type`, `event_phase_mask`, `event_chance`, `event_flags`, `event_param1`, `event_param2`, `event_param3`, `event_param4`, `action_type`, `action_param1`, `action_param2`, `action_param3`, `action_param4`, `action_param5`, `action_param6`, `target_type`, `target_param1`, `target_param2`, `target_param3`, `target_x`, `target_y`, `target_z`, `target_o`, `comment`) VALUES 
(-161741, 0, 0, 0, 10, 0, 100, 0, 1, 45, 1000, 1000, 85, 68633, 2, 0, 0, 0, 0, 7, 0, 0, 0, 0, 0, 0, 0, '');

DELETE FROM `conditions` WHERE ConditionValue1=14222;
INSERT INTO `conditions` (`SourceTypeOrReferenceId`, `SourceGroup`, `SourceEntry`, `SourceId`, `ElseGroup`, `ConditionTypeOrReference`, `ConditionTarget`, `ConditionValue1`, `ConditionValue2`, `ConditionValue3`, `NegativeCondition`, `ErrorType`, `ErrorTextId`, `ScriptName`, `Comment`) VALUES 
(25, 4714, 4, 0, 0, 8, 0, 14222, 0, 0, 0, 0, 0, '', 'Last Stand Phase '),
(22, 1, -161741, 0, 0, 8, 0, 14222, 0, 0, 0, 0, 0, '', '');


DELETE FROM `quest_end_scripts` WHERE id=14222;
INSERT INTO `quest_end_scripts` (`id`, `delay`, `command`, `datalong`, `datalong2`, `dataint`, `x`, `y`, `z`, `o`) VALUES 
(14222, 2, 6, 654, 0, 0, -1817.55, 2294.31, 43.2557, 3.14473),
(14222, 5, 34, 21, 0, 0, 0, 0, 0, 0),
(14222, 3, 15, 68996, 2, 0, 0, 0, 0, 0),
(14222, 0, 15, 72799, 2, 0, 0, 0, 0, 0),
(14222, 3, 15, 88111, 2, 0, 0, 0, 0, 0),
(14222, 3, 15, 72857, 2, 0, 0, 0, 0, 0),
(14222, 2, 6, 654, 0, 0, -1817.55, 2294.31, 43.2557, 3.14473),
(14222, 5, 34, 21, 0, 0, 0, 0, 0, 0),
(14222, 3, 15, 68996, 2, 0, 0, 0, 0, 0),
(14222, 0, 15, 72799, 2, 0, 0, 0, 0, 0),
(14222, 3, 15, 88111, 2, 0, 0, 0, 0, 0),
(14222, 3, 15, 72857, 2, 0, 0, 0, 0, 0),
(14222, 2, 6, 654, 0, 0, -1817.55, 2294.31, 43.2557, 3.14473),
(14222, 5, 34, 21, 0, 0, 0, 0, 0, 0),
(14222, 3, 15, 68996, 2, 0, 0, 0, 0, 0),
(14222, 0, 15, 72799, 2, 0, 0, 0, 0, 0),
(14222, 3, 15, 88111, 2, 0, 0, 0, 0, 0),
(14222, 3, 15, 72857, 2, 0, 0, 0, 0, 0),
(14222, 2, 6, 654, 0, 0, -1817.55, 2294.31, 43.2557, 3.14473),
(14222, 5, 34, 21, 0, 0, 0, 0, 0, 0),
(14222, 3, 15, 68996, 2, 0, 0, 0, 0, 0),
(14222, 0, 15, 72799, 2, 0, 0, 0, 0, 0),
(14222, 3, 15, 88111, 2, 0, 0, 0, 0, 0),
(14222, 3, 15, 72857, 2, 0, 0, 0, 0, 0);


DELETE FROM `quest_start_scripts` WHERE id=14222;
INSERT INTO `quest_start_scripts` (`id`, `delay`, `command`, `datalong`, `datalong2`, `dataint`, `x`, `y`, `z`, `o`) VALUES 
(14222, 30, 10, 35627, 120000, 0, -1568.56, 1542.25, 30.5469, 3.82863),
(14222, 0, 10, 35627, 120000, 0, -1568.56, 1542.25, 30.5469, 3.82863),
(14222, 30, 10, 36057, 120000, 0, -1571.19, 1541.67, 29.2063, 6.2439),
(14222, 0, 10, 36057, 120000, 0, -1571.19, 1541.67, 29.2063, 6.2439),
(14222, 30, 10, 35627, 120000, 0, -1572.34, 1544.09, 29.2044, 3.8672),
(14222, 0, 10, 35627, 120000, 0, -1572.34, 1544.09, 29.2044, 3.8672),
(14222, 30, 10, 35627, 120000, 0, -1575.35, 1535.95, 29.2177, 3.79102),
(14222, 0, 10, 35627, 120000, 0, -1575.35, 1535.95, 29.2177, 3.79102),
(14222, 30, 10, 35627, 120000, 0, -1577.5, 1521.8, 29.2209, 2.70077),
(14222, 0, 10, 35627, 120000, 0, -1577.5, 1521.8, 29.2209, 2.70077),
(14222, 30, 10, 35627, 120000, 0, -1581.37, 1509.8, 29.2295, 2.05596),
(14222, 0, 10, 35627, 120000, 0, -1581.37, 1509.8, 29.2295, 2.05596),
(14222, 30, 10, 35627, 120000, 0, -1581.52, 1544.17, 29.218, 4.5615),
(14222, 0, 10, 35627, 120000, 0, -1581.52, 1544.17, 29.218, 4.5615),
(14222, 30, 10, 36057, 120000, 0, -1582.82, 1540.9, 29.2231, 1.34851),
(14222, 0, 10, 36057, 120000, 0, -1582.82, 1540.9, 29.2231, 1.34851),
(14222, 30, 10, 36057, 120000, 0, -1583.88, 1512.24, 29.2303, 5.55903),
(14222, 0, 10, 36057, 120000, 0, -1583.88, 1512.24, 29.2303, 5.55903),
(14222, 30, 10, 35627, 120000, 0, -1583.95, 1522.15, 29.2315, 3.64965),
(14222, 0, 10, 35627, 120000, 0, -1583.95, 1522.15, 29.2315, 3.64965),
(14222, 30, 10, 35627, 120000, 0, -1587.29, 1530.2, 29.2265, 3.8892),
(14222, 0, 10, 35627, 120000, 0, -1587.29, 1530.2, 29.2265, 3.8892),
(14222, 30, 10, 35627, 120000, 0, -1587.63, 1543.86, 29.2268, 4.61726),
(14222, 0, 10, 35627, 120000, 0, -1587.63, 1543.86, 29.2268, 4.61726),
(14222, 30, 10, 36057, 120000, 0, -1589.13, 1529.14, 29.2314, 0.494787),
(14222, 0, 10, 36057, 120000, 0, -1589.13, 1529.14, 29.2314, 0.494787),
(14222, 30, 10, 35627, 120000, 0, -1590.72, 1533.3, 29.2293, 0.06352),
(14222, 0, 10, 35627, 120000, 0, -1590.72, 1533.3, 29.2293, 0.06352),
(14222, 30, 10, 35627, 120000, 0, -1601.95, 1504.42, 29.2359, 3.43995),
(14222, 0, 10, 35627, 120000, 0, -1601.95, 1504.42, 29.2359, 3.43995),
(14222, 30, 10, 36057, 120000, 0, -1602.35, 1507.24, 29.2491, 4.82861),
(14222, 0, 10, 36057, 120000, 0, -1602.35, 1507.24, 29.2491, 4.82861),
(14222, 30, 10, 35627, 120000, 0, -1604.42, 1537.31, 29.2295, 5.04204),
(14222, 0, 10, 35627, 120000, 0, -1604.42, 1537.31, 29.2295, 5.04204),
(14222, 30, 10, 36057, 120000, 0, -1604.67, 1532.28, 29.2288, 1.97683),
(14222, 0, 10, 36057, 120000, 0, -1604.67, 1532.28, 29.2288, 1.97683),
(14222, 30, 10, 35627, 120000, 0, -1607.7, 1537.38, 29.23, 5.24153),
(14222, 0, 10, 35627, 120000, 0, -1607.7, 1537.38, 29.23, 5.24153),
(14222, 30, 10, 36057, 120000, 0, -1608.6, 1528.87, 29.229, 2.45592),
(14222, 0, 10, 36057, 120000, 0, -1608.6, 1528.87, 29.229, 2.45592),
(14222, 30, 10, 35627, 120000, 0, -1612.78, 1531.17, 29.2295, 6.06306),
(14222, 0, 10, 35627, 120000, 0, -1612.78, 1531.17, 29.2295, 6.06306),
(14222, 30, 10, 35627, 120000, 0, -1568.56, 1542.25, 30.5469, 3.82863),
(14222, 0, 10, 35627, 120000, 0, -1568.56, 1542.25, 30.5469, 3.82863),
(14222, 30, 10, 36057, 120000, 0, -1571.19, 1541.67, 29.2063, 6.2439),
(14222, 0, 10, 36057, 120000, 0, -1571.19, 1541.67, 29.2063, 6.2439),
(14222, 30, 10, 35627, 120000, 0, -1572.34, 1544.09, 29.2044, 3.8672),
(14222, 0, 10, 35627, 120000, 0, -1572.34, 1544.09, 29.2044, 3.8672),
(14222, 30, 10, 35627, 120000, 0, -1575.35, 1535.95, 29.2177, 3.79102),
(14222, 0, 10, 35627, 120000, 0, -1575.35, 1535.95, 29.2177, 3.79102),
(14222, 30, 10, 35627, 120000, 0, -1577.5, 1521.8, 29.2209, 2.70077),
(14222, 0, 10, 35627, 120000, 0, -1577.5, 1521.8, 29.2209, 2.70077),
(14222, 30, 10, 35627, 120000, 0, -1581.37, 1509.8, 29.2295, 2.05596),
(14222, 0, 10, 35627, 120000, 0, -1581.37, 1509.8, 29.2295, 2.05596),
(14222, 30, 10, 35627, 120000, 0, -1581.52, 1544.17, 29.218, 4.5615),
(14222, 0, 10, 35627, 120000, 0, -1581.52, 1544.17, 29.218, 4.5615),
(14222, 30, 10, 36057, 120000, 0, -1582.82, 1540.9, 29.2231, 1.34851),
(14222, 0, 10, 36057, 120000, 0, -1582.82, 1540.9, 29.2231, 1.34851),
(14222, 30, 10, 36057, 120000, 0, -1583.88, 1512.24, 29.2303, 5.55903),
(14222, 0, 10, 36057, 120000, 0, -1583.88, 1512.24, 29.2303, 5.55903),
(14222, 30, 10, 35627, 120000, 0, -1583.95, 1522.15, 29.2315, 3.64965),
(14222, 0, 10, 35627, 120000, 0, -1583.95, 1522.15, 29.2315, 3.64965),
(14222, 30, 10, 35627, 120000, 0, -1587.29, 1530.2, 29.2265, 3.8892),
(14222, 0, 10, 35627, 120000, 0, -1587.29, 1530.2, 29.2265, 3.8892),
(14222, 30, 10, 35627, 120000, 0, -1587.63, 1543.86, 29.2268, 4.61726),
(14222, 0, 10, 35627, 120000, 0, -1587.63, 1543.86, 29.2268, 4.61726),
(14222, 30, 10, 36057, 120000, 0, -1589.13, 1529.14, 29.2314, 0.494787),
(14222, 0, 10, 36057, 120000, 0, -1589.13, 1529.14, 29.2314, 0.494787),
(14222, 30, 10, 35627, 120000, 0, -1590.72, 1533.3, 29.2293, 0.06352),
(14222, 0, 10, 35627, 120000, 0, -1590.72, 1533.3, 29.2293, 0.06352),
(14222, 30, 10, 35627, 120000, 0, -1601.95, 1504.42, 29.2359, 3.43995),
(14222, 0, 10, 35627, 120000, 0, -1601.95, 1504.42, 29.2359, 3.43995),
(14222, 30, 10, 36057, 120000, 0, -1602.35, 1507.24, 29.2491, 4.82861),
(14222, 0, 10, 36057, 120000, 0, -1602.35, 1507.24, 29.2491, 4.82861),
(14222, 30, 10, 35627, 120000, 0, -1604.42, 1537.31, 29.2295, 5.04204),
(14222, 0, 10, 35627, 120000, 0, -1604.42, 1537.31, 29.2295, 5.04204),
(14222, 30, 10, 36057, 120000, 0, -1604.67, 1532.28, 29.2288, 1.97683),
(14222, 0, 10, 36057, 120000, 0, -1604.67, 1532.28, 29.2288, 1.97683),
(14222, 30, 10, 35627, 120000, 0, -1607.7, 1537.38, 29.23, 5.24153),
(14222, 0, 10, 35627, 120000, 0, -1607.7, 1537.38, 29.23, 5.24153),
(14222, 30, 10, 36057, 120000, 0, -1608.6, 1528.87, 29.229, 2.45592),
(14222, 0, 10, 36057, 120000, 0, -1608.6, 1528.87, 29.229, 2.45592),
(14222, 30, 10, 35627, 120000, 0, -1612.78, 1531.17, 29.2295, 6.06306),
(14222, 0, 10, 35627, 120000, 0, -1612.78, 1531.17, 29.2295, 6.06306),
(14222, 30, 10, 35627, 120000, 0, -1568.56, 1542.25, 30.5469, 3.82863),
(14222, 0, 10, 35627, 120000, 0, -1568.56, 1542.25, 30.5469, 3.82863),
(14222, 30, 10, 36057, 120000, 0, -1571.19, 1541.67, 29.2063, 6.2439),
(14222, 0, 10, 36057, 120000, 0, -1571.19, 1541.67, 29.2063, 6.2439),
(14222, 30, 10, 35627, 120000, 0, -1572.34, 1544.09, 29.2044, 3.8672),
(14222, 0, 10, 35627, 120000, 0, -1572.34, 1544.09, 29.2044, 3.8672),
(14222, 30, 10, 35627, 120000, 0, -1575.35, 1535.95, 29.2177, 3.79102),
(14222, 0, 10, 35627, 120000, 0, -1575.35, 1535.95, 29.2177, 3.79102),
(14222, 30, 10, 35627, 120000, 0, -1577.5, 1521.8, 29.2209, 2.70077),
(14222, 0, 10, 35627, 120000, 0, -1577.5, 1521.8, 29.2209, 2.70077),
(14222, 30, 10, 35627, 120000, 0, -1581.37, 1509.8, 29.2295, 2.05596),
(14222, 0, 10, 35627, 120000, 0, -1581.37, 1509.8, 29.2295, 2.05596),
(14222, 30, 10, 35627, 120000, 0, -1581.52, 1544.17, 29.218, 4.5615),
(14222, 0, 10, 35627, 120000, 0, -1581.52, 1544.17, 29.218, 4.5615),
(14222, 30, 10, 36057, 120000, 0, -1582.82, 1540.9, 29.2231, 1.34851),
(14222, 0, 10, 36057, 120000, 0, -1582.82, 1540.9, 29.2231, 1.34851),
(14222, 30, 10, 36057, 120000, 0, -1583.88, 1512.24, 29.2303, 5.55903),
(14222, 0, 10, 36057, 120000, 0, -1583.88, 1512.24, 29.2303, 5.55903),
(14222, 30, 10, 35627, 120000, 0, -1583.95, 1522.15, 29.2315, 3.64965),
(14222, 0, 10, 35627, 120000, 0, -1583.95, 1522.15, 29.2315, 3.64965),
(14222, 30, 10, 35627, 120000, 0, -1587.29, 1530.2, 29.2265, 3.8892),
(14222, 0, 10, 35627, 120000, 0, -1587.29, 1530.2, 29.2265, 3.8892),
(14222, 30, 10, 35627, 120000, 0, -1587.63, 1543.86, 29.2268, 4.61726),
(14222, 0, 10, 35627, 120000, 0, -1587.63, 1543.86, 29.2268, 4.61726),
(14222, 30, 10, 36057, 120000, 0, -1589.13, 1529.14, 29.2314, 0.494787),
(14222, 0, 10, 36057, 120000, 0, -1589.13, 1529.14, 29.2314, 0.494787),
(14222, 30, 10, 35627, 120000, 0, -1590.72, 1533.3, 29.2293, 0.06352),
(14222, 0, 10, 35627, 120000, 0, -1590.72, 1533.3, 29.2293, 0.06352),
(14222, 30, 10, 35627, 120000, 0, -1601.95, 1504.42, 29.2359, 3.43995),
(14222, 0, 10, 35627, 120000, 0, -1601.95, 1504.42, 29.2359, 3.43995),
(14222, 30, 10, 36057, 120000, 0, -1602.35, 1507.24, 29.2491, 4.82861),
(14222, 0, 10, 36057, 120000, 0, -1602.35, 1507.24, 29.2491, 4.82861),
(14222, 30, 10, 35627, 120000, 0, -1604.42, 1537.31, 29.2295, 5.04204),
(14222, 0, 10, 35627, 120000, 0, -1604.42, 1537.31, 29.2295, 5.04204),
(14222, 30, 10, 36057, 120000, 0, -1604.67, 1532.28, 29.2288, 1.97683),
(14222, 0, 10, 36057, 120000, 0, -1604.67, 1532.28, 29.2288, 1.97683),
(14222, 30, 10, 35627, 120000, 0, -1607.7, 1537.38, 29.23, 5.24153),
(14222, 0, 10, 35627, 120000, 0, -1607.7, 1537.38, 29.23, 5.24153),
(14222, 30, 10, 36057, 120000, 0, -1608.6, 1528.87, 29.229, 2.45592),
(14222, 0, 10, 36057, 120000, 0, -1608.6, 1528.87, 29.229, 2.45592),
(14222, 30, 10, 35627, 120000, 0, -1612.78, 1531.17, 29.2295, 6.06306),
(14222, 0, 10, 35627, 120000, 0, -1612.78, 1531.17, 29.2295, 6.06306),
(14222, 30, 10, 35627, 120000, 0, -1568.56, 1542.25, 30.5469, 3.82863),
(14222, 0, 10, 35627, 120000, 0, -1568.56, 1542.25, 30.5469, 3.82863),
(14222, 30, 10, 36057, 120000, 0, -1571.19, 1541.67, 29.2063, 6.2439),
(14222, 0, 10, 36057, 120000, 0, -1571.19, 1541.67, 29.2063, 6.2439),
(14222, 30, 10, 35627, 120000, 0, -1572.34, 1544.09, 29.2044, 3.8672),
(14222, 0, 10, 35627, 120000, 0, -1572.34, 1544.09, 29.2044, 3.8672),
(14222, 30, 10, 35627, 120000, 0, -1575.35, 1535.95, 29.2177, 3.79102),
(14222, 0, 10, 35627, 120000, 0, -1575.35, 1535.95, 29.2177, 3.79102),
(14222, 30, 10, 35627, 120000, 0, -1577.5, 1521.8, 29.2209, 2.70077),
(14222, 0, 10, 35627, 120000, 0, -1577.5, 1521.8, 29.2209, 2.70077),
(14222, 30, 10, 35627, 120000, 0, -1581.37, 1509.8, 29.2295, 2.05596),
(14222, 0, 10, 35627, 120000, 0, -1581.37, 1509.8, 29.2295, 2.05596),
(14222, 30, 10, 35627, 120000, 0, -1581.52, 1544.17, 29.218, 4.5615),
(14222, 0, 10, 35627, 120000, 0, -1581.52, 1544.17, 29.218, 4.5615),
(14222, 30, 10, 36057, 120000, 0, -1582.82, 1540.9, 29.2231, 1.34851),
(14222, 0, 10, 36057, 120000, 0, -1582.82, 1540.9, 29.2231, 1.34851),
(14222, 30, 10, 36057, 120000, 0, -1583.88, 1512.24, 29.2303, 5.55903),
(14222, 0, 10, 36057, 120000, 0, -1583.88, 1512.24, 29.2303, 5.55903),
(14222, 30, 10, 35627, 120000, 0, -1583.95, 1522.15, 29.2315, 3.64965),
(14222, 0, 10, 35627, 120000, 0, -1583.95, 1522.15, 29.2315, 3.64965),
(14222, 30, 10, 35627, 120000, 0, -1587.29, 1530.2, 29.2265, 3.8892),
(14222, 0, 10, 35627, 120000, 0, -1587.29, 1530.2, 29.2265, 3.8892),
(14222, 30, 10, 35627, 120000, 0, -1587.63, 1543.86, 29.2268, 4.61726),
(14222, 0, 10, 35627, 120000, 0, -1587.63, 1543.86, 29.2268, 4.61726),
(14222, 30, 10, 36057, 120000, 0, -1589.13, 1529.14, 29.2314, 0.494787),
(14222, 0, 10, 36057, 120000, 0, -1589.13, 1529.14, 29.2314, 0.494787),
(14222, 30, 10, 35627, 120000, 0, -1590.72, 1533.3, 29.2293, 0.06352),
(14222, 0, 10, 35627, 120000, 0, -1590.72, 1533.3, 29.2293, 0.06352),
(14222, 30, 10, 35627, 120000, 0, -1601.95, 1504.42, 29.2359, 3.43995),
(14222, 0, 10, 35627, 120000, 0, -1601.95, 1504.42, 29.2359, 3.43995),
(14222, 30, 10, 36057, 120000, 0, -1602.35, 1507.24, 29.2491, 4.82861),
(14222, 0, 10, 36057, 120000, 0, -1602.35, 1507.24, 29.2491, 4.82861),
(14222, 30, 10, 35627, 120000, 0, -1604.42, 1537.31, 29.2295, 5.04204),
(14222, 0, 10, 35627, 120000, 0, -1604.42, 1537.31, 29.2295, 5.04204),
(14222, 30, 10, 36057, 120000, 0, -1604.67, 1532.28, 29.2288, 1.97683),
(14222, 0, 10, 36057, 120000, 0, -1604.67, 1532.28, 29.2288, 1.97683),
(14222, 30, 10, 35627, 120000, 0, -1607.7, 1537.38, 29.23, 5.24153),
(14222, 0, 10, 35627, 120000, 0, -1607.7, 1537.38, 29.23, 5.24153),
(14222, 30, 10, 36057, 120000, 0, -1608.6, 1528.87, 29.229, 2.45592),
(14222, 0, 10, 36057, 120000, 0, -1608.6, 1528.87, 29.229, 2.45592),
(14222, 30, 10, 35627, 120000, 0, -1612.78, 1531.17, 29.2295, 6.06306),
(14222, 0, 10, 35627, 120000, 0, -1612.78, 1531.17, 29.2295, 6.06306);

DELETE FROM `quest_template` WHERE `Id`=14221;
INSERT INTO `quest_template` (`Id`, `Method`, `Note`, `Status`, `Level`, `MinLevel`, `MaxLevel`, `ZoneOrSort`, `Type`, `SuggestedPlayers`, `LimitTime`, `RequiredClasses`, `RequiredRaces`, `RequiredSkillId`, `RequiredSkillPoints`, `RequiredFactionId1`, `RequiredFactionId2`, `RequiredFactionValue1`, `RequiredFactionValue2`, `RequiredMinRepFaction`, `RequiredMaxRepFaction`, `RequiredMinRepValue`, `RequiredMaxRepValue`, `PrevQuestId`, `NextQuestId`, `ExclusiveGroup`, `NextQuestIdChain`, `RewardXPId`, `RewardOrRequiredMoney`, `RewardMoneyMaxLevel`, `RewardSpell`, `RewardSpellCast`, `RewardHonor`, `RewardHonorMultiplier`, `RewardMailTemplateId`, `RewardMailDelay`, `SourceItemId`, `SourceItemCount`, `SourceSpellId`, `Flags`, `SpecialFlags`, `MinimapTargetMark`, `RewardTitleId`, `RequiredPlayerKills`, `RewardTalents`, `RewardArenaPoints`, `RewardSkillId`, `RewardSkillPoints`, `RewardReputationMask`, `QuestGiverPortrait`, `QuestTurnInPortrait`, `RewardItemId1`, `RewardItemId2`, `RewardItemId3`, `RewardItemId4`, `RewardItemCount1`, `RewardItemCount2`, `RewardItemCount3`, `RewardItemCount4`, `RewardChoiceItemId1`, `RewardChoiceItemId2`, `RewardChoiceItemId3`, `RewardChoiceItemId4`, `RewardChoiceItemId5`, `RewardChoiceItemId6`, `RewardChoiceItemCount1`, `RewardChoiceItemCount2`, `RewardChoiceItemCount3`, `RewardChoiceItemCount4`, `RewardChoiceItemCount5`, `RewardChoiceItemCount6`, `RewardFactionId1`, `RewardFactionId2`, `RewardFactionId3`, `RewardFactionId4`, `RewardFactionId5`, `RewardFactionValueId1`, `RewardFactionValueId2`, `RewardFactionValueId3`, `RewardFactionValueId4`, `RewardFactionValueId5`, `RewardFactionValueIdOverride1`, `RewardFactionValueIdOverride2`, `RewardFactionValueIdOverride3`, `RewardFactionValueIdOverride4`, `RewardFactionValueIdOverride5`, `PointMapId`, `PointX`, `PointY`, `PointOption`, `Title`, `Objectives`, `Details`, `EndText`, `OfferRewardText`, `RequestItemsText`, `CompletedText`, `RequiredNpcOrGo1`, `RequiredNpcOrGo2`, `RequiredNpcOrGo3`, `RequiredNpcOrGo4`, `RequiredNpcOrGoCount1`, `RequiredNpcOrGoCount2`, `RequiredNpcOrGoCount3`, `RequiredNpcOrGoCount4`, `RequiredSourceItemId1`, `RequiredSourceItemId2`, `RequiredSourceItemId3`, `RequiredSourceItemId4`, `RequiredSourceItemCount1`, `RequiredSourceItemCount2`, `RequiredSourceItemCount3`, `RequiredSourceItemCount4`, `RequiredItemId1`, `RequiredItemId2`, `RequiredItemId3`, `RequiredItemId4`, `RequiredItemId5`, `RequiredItemId6`, `RequiredItemCount1`, `RequiredItemCount2`, `RequiredItemCount3`, `RequiredItemCount4`, `RequiredItemCount5`, `RequiredItemCount6`, `RequiredSpell`, `RequiredSpellCast1`, `RequiredSpellCast2`, `RequiredSpellCast3`, `RequiredSpellCast4`, `ObjectiveText1`, `ObjectiveText2`, `ObjectiveText3`, `ObjectiveText4`, `RewardCurrencyId1`, `RewardCurrencyId2`, `RewardCurrencyId3`, `RewardCurrencyId4`, `RewardCurrencyCount1`, `RewardCurrencyCount2`, `RewardCurrencyCount3`, `RewardCurrencyCount4`, `RequiredCurrencyId1`, `RequiredCurrencyId2`, `RequiredCurrencyId3`, `RequiredCurrencyId4`, `RequiredCurrencyCount1`, `RequiredCurrencyCount2`, `RequiredCurrencyCount3`, `RequiredCurrencyCount4`, `QuestGiverTextWindow`, `QuestGiverTargetName`, `QuestTurnTextWindow`, `QuestTurnTargetName`, `SoundAccept`, `SoundTurnIn`, `DetailsEmote1`, `DetailsEmote2`, `DetailsEmote3`, `DetailsEmote4`, `DetailsEmoteDelay1`, `DetailsEmoteDelay2`, `DetailsEmoteDelay3`, `DetailsEmoteDelay4`, `EmoteOnIncomplete`, `EmoteOnComplete`, `OfferRewardEmote1`, `OfferRewardEmote2`, `OfferRewardEmote3`, `OfferRewardEmote4`, `OfferRewardEmoteDelay1`, `OfferRewardEmoteDelay2`, `OfferRewardEmoteDelay3`, `OfferRewardEmoteDelay4`, `StartScript`, `CompleteScript`, `WDBVerified`) VALUES 
(14221, 2, NULL, 'Untested', 5, 1, 0, 4755, 0, 0, 0, 0, 2097152, 0, 0, 0, 0, 0, 0, 0, 0, 0, 0, 14218, 0, 0, 14222, 3, 50, 120, 0, 81040, 0, 0, 0, 0, 0, 0, 0, 0, 0, 0, 0, 0, 0, 0, 0, 0, 0, 0, 0, 0, 0, 0, 0, 0, 0, 0, 0, 0, 0, 0, 0, 0, 0, 0, 0, 0, 0, 0, 0, 1134, 0, 0, 0, 0, 3, 0, 0, 0, 0, 0, 0, 0, 0, 0, 0, 0, 0, 0, 'Never Surrender, Sometimes Retreat', 'Speak to Lord Darius Crowley inside the Light\'s Dawn Cathedral.', 'We had enough ammunition to carry on the civil war for another month.  Yet the worgen\'s numbers are such that we\'re nearly spent.$B$BWe don\'t want to be caught out here in the open when that happens.  Fall back inside the cathedral and report to the boss.  I\'m sure old Crowley will know what to do next.', '', 'We\'ve given them everything we have... yet still they come.  Do not worry, $n.  We\'ll slay many more before today is over.', '', '', 0, 0, 0, 0, 0, 0, 0, 0, 0, 0, 0, 0, 0, 0, 0, 0, 0, 0, 0, 0, 0, 0, 0, 0, 0, 0, 0, 0, 0, 0, 0, 0, 0, '', '', '', '', 0, 0, 0, 0, 0, 0, 0, 0, 0, 0, 0, 0, 0, 0, 0, 0, '', '', '', '', 890, 878, 0, 0, 0, 0, 0, 0, 0, 0, 0, 0, 0, 0, 0, 0, 0, 0, 0, 0, 0, 0, 15595);


DELETE FROM `creature_template` WHERE `entry`=35566;
INSERT INTO `creature_template` (`entry`, `difficulty_entry_1`, `difficulty_entry_2`, `difficulty_entry_3`, `KillCredit1`, `KillCredit2`, `modelid1`, `modelid2`, `modelid3`, `modelid4`, `name`, `subname`, `IconName`, `gossip_menu_id`, `minlevel`, `maxlevel`, `exp`, `exp_unk`, `faction_a`, `faction_h`, `npcflag`, `speed_walk`, `speed_run`, `speed_swim`, `speed_fly`, `scale`, `rank`, `mindmg`, `maxdmg`, `dmgschool`, `attackpower`, `dmg_multiplier`, `baseattacktime`, `rangeattacktime`, `unit_class`, `unit_flags`, `unit_flags2`, `dynamicflags`, `family`, `trainer_type`, `trainer_spell`, `trainer_class`, `trainer_race`, `minrangedmg`, `maxrangedmg`, `rangedattackpower`, `type`, `type_flags`, `type_flags2`, `lootid`, `pickpocketloot`, `skinloot`, `resistance1`, `resistance2`, `resistance3`, `resistance4`, `resistance5`, `resistance6`, `spell1`, `spell2`, `spell3`, `spell4`, `spell5`, `spell6`, `spell7`, `spell8`, `PetSpellDataId`, `VehicleId`, `mingold`, `maxgold`, `AIName`, `MovementType`, `InhabitType`, `HoverHeight`, `Health_mod`, `Mana_mod`, `Mana_mod_extra`, `Armor_mod`, `RacialLeader`, `questItem1`, `questItem2`, `questItem3`, `questItem4`, `questItem5`, `questItem6`, `movementId`, `RegenHealth`, `equipment_id`, `mechanic_immune_mask`, `flags_extra`, `ScriptName`, `WDBVerified`) VALUES 
(35566, 0, 0, 0, 0, 0, 29694, 0, 0, 0, 'Lord Darius Crowley', '', '', 12676, 1, 10, 0, 0, 35, 35, 7, 1, 1.14286, 1, 1.14286, 1, 1, 13, 17, 0, 42, 7.5, 0, 0, 1, 0, 0, 0, 0, 0, 0, 0, 0, 9, 13, 169, 7, 262144, 0, 0, 0, 0, 0, 0, 0, 0, 0, 0, 0, 0, 0, 0, 0, 0, 0, 0, 0, 0, 6, 51, 'SmartAI', 0, 1, 1, 11, 1, 1, 1, 0, 0, 0, 0, 0, 0, 0, 0, 1, 35566, 0, 0, '', 13623);

-- SmartAI
DELETE FROM `smart_scripts` WHERE entryorguid=35566;
INSERT INTO `smart_scripts` (`entryorguid`, `source_type`, `id`, `link`, `event_type`, `event_phase_mask`, `event_chance`, `event_flags`, `event_param1`, `event_param2`, `event_param3`, `event_param4`, `action_type`, `action_param1`, `action_param2`, `action_param3`, `action_param4`, `action_param5`, `action_param6`, `target_type`, `target_param1`, `target_param2`, `target_param3`, `target_x`, `target_y`, `target_z`, `target_o`, `comment`) VALUES 
(35566, 0, 0, 1, 20, 0, 100, 0, 14222, 0, 0, 0, 28, 76642, 0, 0, 0, 0, 0, 7, 0, 0, 0, 0, 0, 0, 0, ''),
(35566, 0, 1, 2, 61, 0, 100, 0, 0, 0, 0, 0, 85, 72799, 2, 0, 0, 0, 0, 7, 0, 0, 0, 0, 0, 0, 0, ''),
(35566, 0, 2, 3, 61, 0, 100, 0, 0, 0, 0, 0, 85, 93477, 2, 0, 0, 0, 0, 7, 0, 0, 0, 0, 0, 0, 0, ''),
(35566, 0, 3, 4, 61, 0, 100, 0, 0, 0, 0, 0, 85, 68630, 2, 0, 0, 0, 0, 7, 0, 0, 0, 0, 0, 0, 0, ''),
(35566, 0, 4, 0, 61, 0, 100, 0, 0, 0, 0, 0, 85, 98274, 2, 0, 0, 0, 0, 7, 0, 0, 0, 0, 0, 0, 0, ''),
(35566, 0, 5, 6, 20, 0, 100, 0, 14221, 0, 0, 0, 75, 76642, 0, 0, 0, 0, 0, 7, 0, 0, 0, 0, 0, 0, 0, ''),
(35566, 0, 6, 0, 61, 0, 100, 0, 0, 0, 0, 0, 28, 72872, 0, 0, 0, 0, 0, 7, 0, 0, 0, 0, 0, 0, 0, '');

DELETE FROM `creature` WHERE `id`=35566;
INSERT INTO `creature` (`guid`, `id`, `map`, `zone`, `area`, `spawnMask`, `phaseMask`, `modelid`, `equipment_id`, `position_x`, `position_y`, `position_z`, `orientation`, `spawntimesecs`, `spawndist`, `currentwaypoint`, `curhealth`, `curmana`, `MovementType`, `npcflag`, `unit_flags`, `dynamicflags`, `walkmode`) VALUES 
(199742, 35566, 654, 4755, 4761, 1, 1032, 0, 0, -1619.7, 1498.03, 32.8829, 0.785398, 120, 0, 0, 2178, 0, 0, 0, 0, 0, 0);

DELETE FROM `creature_template_addon` WHERE `entry`=35566;
INSERT INTO `creature_template_addon` (`entry`, `path_id`, `mount`, `bytes1`, `bytes2`, `emote`, `auras`) VALUES 
(35566, 0, 0, 0, 2, 214, '67503');

-- npc worgen
DELETE FROM `creature_template` WHERE `entry`=43858;
INSERT INTO `creature_template` (`entry`, `difficulty_entry_1`, `difficulty_entry_2`, `difficulty_entry_3`, `KillCredit1`, `KillCredit2`, `modelid1`, `modelid2`, `modelid3`, `modelid4`, `name`, `subname`, `IconName`, `gossip_menu_id`, `minlevel`, `maxlevel`, `exp`, `exp_unk`, `faction_a`, `faction_h`, `npcflag`, `speed_walk`, `speed_run`, `speed_swim`, `speed_fly`, `scale`, `rank`, `mindmg`, `maxdmg`, `dmgschool`, `attackpower`, `dmg_multiplier`, `baseattacktime`, `rangeattacktime`, `unit_class`, `unit_flags`, `unit_flags2`, `dynamicflags`, `family`, `trainer_type`, `trainer_spell`, `trainer_class`, `trainer_race`, `minrangedmg`, `maxrangedmg`, `rangedattackpower`, `type`, `type_flags`, `type_flags2`, `lootid`, `pickpocketloot`, `skinloot`, `resistance1`, `resistance2`, `resistance3`, `resistance4`, `resistance5`, `resistance6`, `spell1`, `spell2`, `spell3`, `spell4`, `spell5`, `spell6`, `spell7`, `spell8`, `PetSpellDataId`, `VehicleId`, `mingold`, `maxgold`, `AIName`, `MovementType`, `InhabitType`, `HoverHeight`, `Health_mod`, `Mana_mod`, `Mana_mod_extra`, `Armor_mod`, `RacialLeader`, `questItem1`, `questItem2`, `questItem3`, `questItem4`, `questItem5`, `questItem6`, `movementId`, `RegenHealth`, `equipment_id`, `mechanic_immune_mask`, `flags_extra`, `ScriptName`, `WDBVerified`) VALUES 
(43858, 0, 0, 0, 0, 0, 33532, 0, 0, 0, 'Oliver Harris', '', '', 0, 25, 25, 0, 0, 35, 35, 0, 1, 1.14286, 1, 1.14286, 1, 0, 2, 2, 0, 24, 1, 2000, 2000, 1, 0, 2048, 0, 0, 0, 0, 0, 0, 1, 1, 0, 7, 4096, 0, 0, 0, 0, 0, 0, 0, 0, 0, 0, 0, 0, 0, 0, 0, 0, 0, 0, 0, 0, 0, 0, 'SmartAI', 0, 3, 0, 1, 1, 1, 1, 0, 0, 0, 0, 0, 0, 0, 0, 1, 43730, 0, 536870914, '', 13623);

DELETE FROM `creature_text` WHERE `entry`=43858;
INSERT INTO `creature_text` (`entry`, `groupid`, `id`, `text`, `type`, `language`, `probability`, `emote`, `duration`, `sound`, `BroadcastTextId`, `comment`) VALUES 
(43858, 0, 0, 'Here we go...', 12, 0, 100, 0, 0, 0, 0, 'Oliver Harris'),
(43858, 1, 0, 'It\'s working. Hold him still, Jitters.', 12, 0, 100, 0, 0, 0, 0, 'Oliver Harris'),
(43858, 2, 0, 'Damn it, Jitters, I said HOLD!', 12, 0, 100, 0, 0, 0, 0, 'Oliver Harris'),
(43858, 3, 0, 'Letting him go is the only thing that\'s going to separate you from the beasts now, my friend.', 12, 0, 100, 0, 0, 0, 0, 'Oliver Harris');

DELETE FROM `smart_scripts` WHERE `entryorguid`=43858 AND `source_type`=0;
INSERT INTO `smart_scripts` (`entryorguid`, `source_type`, `id`, `link`, `event_type`, `event_phase_mask`, `event_chance`, `event_flags`, `event_param1`, `event_param2`, `event_param3`, `event_param4`, `action_type`, `action_param1`, `action_param2`, `action_param3`, `action_param4`, `action_param5`, `action_param6`, `target_type`, `target_param1`, `target_param2`, `target_param3`, `target_x`, `target_y`, `target_z`, `target_o`, `comment`) VALUES 
(43858, 0, 0, 0, 54, 0, 100, 0, 0, 0, 0, 0, 80, 4385800, 2, 0, 0, 0, 0, 1, 0, 0, 0, 0, 0, 0, 0, '');


DELETE FROM `smart_scripts` WHERE `entryorguid`=4385800 AND `source_type`=9;
INSERT INTO `smart_scripts` (`entryorguid`, `source_type`, `id`, `link`, `event_type`, `event_phase_mask`, `event_chance`, `event_flags`, `event_param1`, `event_param2`, `event_param3`, `event_param4`, `action_type`, `action_param1`, `action_param2`, `action_param3`, `action_param4`, `action_param5`, `action_param6`, `target_type`, `target_param1`, `target_param2`, `target_param3`, `target_x`, `target_y`, `target_z`, `target_o`, `comment`) VALUES 
(4385800, 9, 4, 0, 0, 0, 100, 1, 200, 200, 200, 200, 69, 0, 1, 0, 0, 0, 0, 8, 0, 0, 0, -10745.9, 332.25, 37.73, 2.99, ''),
(4385800, 9, 5, 0, 0, 0, 100, 1, 5000, 5000, 5000, 5000, 66, 0, 0, 0, 0, 0, 0, 19, 43950, 50, 0, 0, 0, 0, 0, ''),
(4385800, 9, 6, 0, 0, 0, 100, 1, 500, 500, 500, 500, 1, 0, 1, 0, 0, 0, 0, 1, 0, 0, 0, 0, 0, 0, 0, ''),
(4385800, 9, 7, 0, 0, 0, 100, 1, 5000, 5000, 5000, 5000, 1, 1, 1, 0, 0, 0, 0, 1, 0, 0, 0, 0, 0, 0, 0, ''),
(4385800, 9, 8, 0, 0, 0, 100, 1, 1500, 1500, 1500, 1500, 1, 0, 1, 0, 0, 0, 0, 19, 43859, 20, 0, 0, 0, 0, 0, ''),
(4385800, 9, 9, 0, 0, 0, 100, 1, 1500, 1500, 1500, 1500, 1, 0, 1, 0, 0, 0, 0, 19, 43950, 20, 0, 0, 0, 0, 0, ''),
(4385800, 9, 10, 0, 0, 0, 100, 1, 2500, 2500, 2500, 2500, 1, 2, 1, 0, 0, 0, 0, 1, 0, 0, 0, 0, 0, 0, 0, ''),
(4385800, 9, 11, 0, 0, 0, 100, 1, 3000, 3000, 3000, 3000, 1, 1, 1, 0, 0, 0, 0, 19, 43950, 20, 0, 0, 0, 0, 0, ''),
(4385800, 9, 12, 0, 0, 0, 100, 1, 0, 0, 0, 0, 28, 69196, 0, 0, 0, 0, 0, 19, 43950, 20, 0, 0, 0, 0, 0, ''),
(4385800, 9, 13, 0, 0, 0, 100, 1, 200, 200, 200, 200, 45, 1, 1, 0, 0, 0, 0, 19, 43950, 20, 0, 0, 0, 0, 0, ''),
(4385800, 9, 14, 0, 0, 0, 100, 1, 1000, 1000, 1000, 1000, 1, 2, 1, 0, 0, 0, 0, 19, 43950, 20, 0, 0, 0, 0, 0, ''),
(4385800, 9, 15, 0, 0, 0, 100, 1, 4000, 4000, 4000, 4000, 1, 3, 1, 0, 0, 0, 0, 19, 43950, 20, 0, 0, 0, 0, 0, ''),
(4385800, 9, 16, 0, 0, 0, 100, 1, 5500, 5500, 5500, 5500, 1, 4, 1, 0, 0, 0, 0, 19, 43950, 20, 0, 0, 0, 0, 0, ''),
(4385800, 9, 17, 0, 0, 0, 100, 1, 5500, 5500, 5500, 5500, 1, 3, 1, 0, 0, 0, 0, 1, 0, 0, 0, 0, 0, 0, 0, ''),
(4385800, 9, 18, 0, 0, 0, 100, 1, 3500, 3500, 3500, 3500, 86, 68576, 4, 19, 43950, 20, 0, 19, 43950, 50, 0, 0, 0, 0, 0, ''),
(4385800, 9, 19, 0, 0, 0, 100, 1, 100, 100, 100, 100, 45, 1, 3, 0, 0, 0, 0, 19, 43859, 50, 0, 0, 0, 0, 0, ''),
(4385800, 9, 20, 0, 0, 0, 100, 1, 1500, 1500, 1500, 1500, 1, 5, 1, 0, 0, 0, 0, 19, 43950, 50, 0, 0, 0, 0, 0, ''),
(4385800, 9, 21, 0, 0, 0, 100, 1, 1500, 1500, 1500, 1500, 45, 1, 2, 0, 0, 0, 0, 9, 0, 0, 30, 0, 0, 0, 0, ''),
(4385800, 9, 22, 0, 0, 0, 100, 1, 3500, 3500, 3500, 3500, 69, 0, 0, 0, 0, 0, 0, 8, 0, 0, 0, -10755, 338.321, 37.2482, 1.5971, ''),
(4385800, 9, 23, 0, 0, 0, 100, 1, 4500, 4500, 4500, 4500, 66, 0, 0, 0, 0, 0, 0, 1, 0, 0, 0, 0, 0, 0, 1.5971, ''),
(4385800, 9, 24, 0, 0, 0, 100, 1, 0, 0, 0, 0, 33, 43969, 0, 0, 0, 0, 0, 18, 30, 0, 0, 0, 0, 0, 0, ''),
(4385800, 9, 25, 0, 0, 0, 100, 1, 0, 0, 0, 0, 45, 1, 5, 0, 0, 0, 0, 9, 0, 0, 30, 0, 0, 0, 0, ''),
(4385800, 9, 26, 0, 0, 0, 100, 1, 100, 100, 100, 100, 41, 1, 0, 0, 0, 0, 0, 1, 0, 0, 0, 0, 0, 0, 0, '');

-- spell 69196 y 72799
DELETE FROM `spell_linked_spell` WHERE `spell_trigger`=68630;
INSERT INTO `spell_linked_spell` (`spell_trigger`, `spell_effect`, `type`, `comment`) VALUES 
(68630, 69196, 2, 'Curse of the Worgen'),
(68630, 72799, 2, 'Curse of the Worgen');

-- spell target 68630
DELETE FROM `spell_target_position` WHERE `id`=68630 AND `target_map`=654;
INSERT INTO `spell_target_position` (`id`, `target_map`, `target_position_x`, `target_position_y`, `target_position_z`, `target_orientation`) VALUES 
(68630, 654, -1818.45, 2294.24, 42.2138, 3.23232);

DELETE FROM `creature` WHERE id=36332;

DELETE FROM `creature` WHERE id=36198;
DELETE FROM `creature` WHERE guid IN (161740,161741,168415,168416,168418,168419,168420,179547);
INSERT INTO `creature` (`guid`, `id`, `map`, `zone`, `area`, `spawnMask`, `phaseMask`, `modelid`, `equipment_id`, `position_x`, `position_y`, `position_z`, `orientation`, `spawntimesecs`, `spawndist`, `currentwaypoint`, `curhealth`, `curmana`, `MovementType`, `npcflag`, `unit_flags`, `dynamicflags`, `walkmode`) VALUES 
(142873, 36198, 654, 4714, 4786, 1, 1, 0, 0, -1860.05, 2285.91, 42.3903, 0, 90, 0, 0, 1, 0, 0, 0, 0, 0, 0),
(161741, 36198, 654, 4714, 4786, 1, 4096, 0, 0, -1815.9, 2283.85, 42.4066, 2.47837, 90, 1, 0, 1, 0, 1, 0, 0, 0, 0), -- tes
(254346, 36198, 654, 4714, 5720, 1, 1, 0, 0, -1950.48, 2727.84, 1.79825, 0, 90, 0, 0, 1, 0, 0, 0, 0, 0, 0),
(254348, 36198, 654, 4714, 5720, 1, 1, 0, 0, -1986.21, 2697.9, 0.909409, 0, 90, 0, 0, 1, 0, 0, 0, 0, 0, 0),
(254349, 36198, 654, 4714, 5720, 1, 1, 0, 0, -1981.49, 2666.04, -2.15606, 0, 90, 0, 0, 1, 0, 0, 0, 0, 0, 0),
(254350, 36198, 654, 4714, 4714, 1, 1, 0, 0, -1945.5, 2653.39, 1.09441, 1.67552, 90, 0, 0, 1, 0, 0, 0, 0, 0, 0),
(254351, 36198, 654, 4714, 5720, 1, 1, 0, 0, -1994.36, 2677.64, -2.36331, 0, 90, 0, 0, 1, 0, 0, 0, 0, 0, 0),
(254352, 36198, 1, 616, 4994, 1, 1, 11686, 0, 4536.38, -4677.27, 885.622, 0, 120, 3, 0, 1, 1, 1, 0, 0, 0, 0);

DELETE FROM `conditions` WHERE SourceEntry=68633;
INSERT INTO `conditions` (`SourceTypeOrReferenceId`, `SourceGroup`, `SourceEntry`, `SourceId`, `ElseGroup`, `ConditionTypeOrReference`, `ConditionTarget`, `ConditionValue1`, `ConditionValue2`, `ConditionValue3`, `NegativeCondition`, `ErrorType`, `ErrorTextId`, `ScriptName`, `Comment`) VALUES 
(17, 0, 68633, 0, 0, 29, 0, 36331, 25, 0, 1, 0, 0, '', ''),
(13, 1, 68633, 0, 0, 31, 0, 3, 36198, 0, 0, 0, 0, '', NULL);

DELETE FROM `creature_template_addon` WHERE `entry`=36198;
INSERT INTO `creature_template_addon` (`entry`, `path_id`, `mount`, `bytes1`, `bytes2`, `emote`, `auras`) VALUES 
(36198, 0, 0, 0, 1, 0, NULL);

DELETE FROM `game_event_creature` WHERE guid=161741;


DELETE FROM `phase_definitions` WHERE `zoneId`=4714 AND `entry`=4 AND `phasemask`=4096;
INSERT INTO `phase_definitions` (`zoneId`, `entry`, `phasemask`, `phaseId`, `originmap`, `terrainswapmap`, `worldMapAreaSwap`, `flags`, `comment`) VALUES 
(4714, 4, 4096, 0, 0, 0, 0, 0, 'Gilneas phase 4096');


DELETE FROM `creature_template` WHERE `entry`=35627;
INSERT INTO `creature_template` (`entry`, `difficulty_entry_1`, `difficulty_entry_2`, `difficulty_entry_3`, `KillCredit1`, `KillCredit2`, `modelid1`, `modelid2`, `modelid3`, `modelid4`, `name`, `subname`, `IconName`, `gossip_menu_id`, `minlevel`, `maxlevel`, `exp`, `exp_unk`, `faction_a`, `faction_h`, `npcflag`, `speed_walk`, `speed_run`, `speed_swim`, `speed_fly`, `scale`, `rank`, `mindmg`, `maxdmg`, `dmgschool`, `attackpower`, `dmg_multiplier`, `baseattacktime`, `rangeattacktime`, `unit_class`, `unit_flags`, `unit_flags2`, `dynamicflags`, `family`, `trainer_type`, `trainer_spell`, `trainer_class`, `trainer_race`, `minrangedmg`, `maxrangedmg`, `rangedattackpower`, `type`, `type_flags`, `type_flags2`, `lootid`, `pickpocketloot`, `skinloot`, `resistance1`, `resistance2`, `resistance3`, `resistance4`, `resistance5`, `resistance6`, `spell1`, `spell2`, `spell3`, `spell4`, `spell5`, `spell6`, `spell7`, `spell8`, `PetSpellDataId`, `VehicleId`, `mingold`, `maxgold`, `AIName`, `MovementType`, `InhabitType`, `HoverHeight`, `Health_mod`, `Mana_mod`, `Mana_mod_extra`, `Armor_mod`, `RacialLeader`, `questItem1`, `questItem2`, `questItem3`, `questItem4`, `questItem5`, `questItem6`, `movementId`, `RegenHealth`, `equipment_id`, `mechanic_immune_mask`, `flags_extra`, `ScriptName`, `WDBVerified`) VALUES (35627, 0, 0, 0, 0, 0, 36770, 36771, 36772, 0, 'Frenzied Stalker', '', '', 0, 4, 5, 0, 0, 2179, 2179, 2, 1, 1.14286, 1, 1.14286, 1, 0, 3, 4, 0, 28, 1, 2000, 2000, 1, 32768, 2048, 0, 0, 0, 0, 0, 0, 1, 2, 0, 7, 0, 0, 0, 0, 0, 0, 0, 0, 0, 0, 0, 0, 0, 0, 0, 0, 0, 0, 0, 0, 0, 1, 5, 'SmartAI', 0, 1, 0, 1, 1, 1, 1, 0, 0, 0, 0, 0, 0, 0, 0, 1, 0, 0, 0, '', 13623);
DELETE FROM `creature_template` WHERE `entry`=41015;
INSERT INTO `creature_template` (`entry`, `difficulty_entry_1`, `difficulty_entry_2`, `difficulty_entry_3`, `KillCredit1`, `KillCredit2`, `modelid1`, `modelid2`, `modelid3`, `modelid4`, `name`, `subname`, `IconName`, `gossip_menu_id`, `minlevel`, `maxlevel`, `exp`, `exp_unk`, `faction_a`, `faction_h`, `npcflag`, `speed_walk`, `speed_run`, `speed_swim`, `speed_fly`, `scale`, `rank`, `mindmg`, `maxdmg`, `dmgschool`, `attackpower`, `dmg_multiplier`, `baseattacktime`, `rangeattacktime`, `unit_class`, `unit_flags`, `unit_flags2`, `dynamicflags`, `family`, `trainer_type`, `trainer_spell`, `trainer_class`, `trainer_race`, `minrangedmg`, `maxrangedmg`, `rangedattackpower`, `type`, `type_flags`, `type_flags2`, `lootid`, `pickpocketloot`, `skinloot`, `resistance1`, `resistance2`, `resistance3`, `resistance4`, `resistance5`, `resistance6`, `spell1`, `spell2`, `spell3`, `spell4`, `spell5`, `spell6`, `spell7`, `spell8`, `PetSpellDataId`, `VehicleId`, `mingold`, `maxgold`, `AIName`, `MovementType`, `InhabitType`, `HoverHeight`, `Health_mod`, `Mana_mod`, `Mana_mod_extra`, `Armor_mod`, `RacialLeader`, `questItem1`, `questItem2`, `questItem3`, `questItem4`, `questItem5`, `questItem6`, `movementId`, `RegenHealth`, `equipment_id`, `mechanic_immune_mask`, `flags_extra`, `ScriptName`, `WDBVerified`) VALUES (41015, 0, 0, 0, 0, 0, 30214, 30276, 30214, 30217, 'Northgate Rebel', '', '', 0, 4, 5, 0, 0, 2182, 2182, 0, 1, 1.14286, 1, 1.14286, 1, 0, 2, 2, 0, 24, 1, 1111, 2000, 2, 32768, 2048, 0, 0, 0, 0, 0, 0, 1, 1, 0, 7, 0, 0, 0, 0, 0, 0, 112, 0, 1, 0, 0, 0, 0, 0, 0, 0, 0, 0, 0, 0, 0, 1, 5, 'SmartAI', 0, 3, 0, 3, 1, 1, 1, 0, 0, 0, 0, 0, 0, 0, 0, 1, 41015, 0, 0, '', 13623);

DELETE FROM `smart_scripts` WHERE `entryorguid`=35627 AND `source_type`=0 AND `id`=0 AND `link`=1;
INSERT INTO `smart_scripts` (`entryorguid`, `source_type`, `id`, `link`, `event_type`, `event_phase_mask`, `event_chance`, `event_flags`, `event_param1`, `event_param2`, `event_param3`, `event_param4`, `action_type`, `action_param1`, `action_param2`, `action_param3`, `action_param4`, `action_param5`, `action_param6`, `target_type`, `target_param1`, `target_param2`, `target_param3`, `target_x`, `target_y`, `target_z`, `target_o`, `comment`) VALUES (35627, 0, 0, 1, 2, 0, 100, 1, 0, 30, 0, 0, 11, 8599, 0, 0, 0, 0, 0, 1, 0, 0, 0, 0, 0, 0, 0, 'Cast Enrage at 30% HP');
DELETE FROM `smart_scripts` WHERE `entryorguid`=35627 AND `source_type`=0 AND `id`=1 AND `link`=0;
INSERT INTO `smart_scripts` (`entryorguid`, `source_type`, `id`, `link`, `event_type`, `event_phase_mask`, `event_chance`, `event_flags`, `event_param1`, `event_param2`, `event_param3`, `event_param4`, `action_type`, `action_param1`, `action_param2`, `action_param3`, `action_param4`, `action_param5`, `action_param6`, `target_type`, `target_param1`, `target_param2`, `target_param3`, `target_x`, `target_y`, `target_z`, `target_o`, `comment`) VALUES (35627, 0, 1, 0, 61, 0, 100, 1, 0, 0, 0, 0, 1, 0, 0, 0, 0, 0, 0, 1, 0, 0, 0, 0, 0, 0, 0, 'Say Text at 30% HP');
DELETE FROM `smart_scripts` WHERE `entryorguid`=35627 AND `source_type`=0 AND `id`=2 AND `link`=0;
INSERT INTO `smart_scripts` (`entryorguid`, `source_type`, `id`, `link`, `event_type`, `event_phase_mask`, `event_chance`, `event_flags`, `event_param1`, `event_param2`, `event_param3`, `event_param4`, `action_type`, `action_param1`, `action_param2`, `action_param3`, `action_param4`, `action_param5`, `action_param6`, `target_type`, `target_param1`, `target_param2`, `target_param3`, `target_x`, `target_y`, `target_z`, `target_o`, `comment`) VALUES (35627, 0, 2, 0, 6, 0, 100, 0, 0, 0, 0, 0, 41, 1, 0, 0, 0, 0, 0, 1, 0, 0, 0, 0, 0, 0, 0, '');
DELETE FROM `smart_scripts` WHERE `entryorguid`=41015 AND `source_type`=0 AND `id`=0 AND `link`=1;
INSERT INTO `smart_scripts` (`entryorguid`, `source_type`, `id`, `link`, `event_type`, `event_phase_mask`, `event_chance`, `event_flags`, `event_param1`, `event_param2`, `event_param3`, `event_param4`, `action_type`, `action_param1`, `action_param2`, `action_param3`, `action_param4`, `action_param5`, `action_param6`, `target_type`, `target_param1`, `target_param2`, `target_param3`, `target_x`, `target_y`, `target_z`, `target_o`, `comment`) VALUES (41015, 0, 0, 1, 25, 0, 100, 1, 0, 0, 0, 0, 42, 5, 0, 0, 0, 0, 0, 1, 0, 0, 0, 0, 0, 0, 0, '');
DELETE FROM `smart_scripts` WHERE `entryorguid`=41015 AND `source_type`=0 AND `id`=1 AND `link`=0;
INSERT INTO `smart_scripts` (`entryorguid`, `source_type`, `id`, `link`, `event_type`, `event_phase_mask`, `event_chance`, `event_flags`, `event_param1`, `event_param2`, `event_param3`, `event_param4`, `action_type`, `action_param1`, `action_param2`, `action_param3`, `action_param4`, `action_param5`, `action_param6`, `target_type`, `target_param1`, `target_param2`, `target_param3`, `target_x`, `target_y`, `target_z`, `target_o`, `comment`) VALUES (41015, 0, 1, 0, 61, 0, 100, 1, 0, 0, 0, 0, 49, 0, 0, 0, 0, 0, 0, 19, 35627, 30, 0, 0, 0, 0, 0, '');
DELETE FROM `smart_scripts` WHERE `entryorguid`=41015 AND `source_type`=0 AND `id`=2 AND `link`=0;
INSERT INTO `smart_scripts` (`entryorguid`, `source_type`, `id`, `link`, `event_type`, `event_phase_mask`, `event_chance`, `event_flags`, `event_param1`, `event_param2`, `event_param3`, `event_param4`, `action_type`, `action_param1`, `action_param2`, `action_param3`, `action_param4`, `action_param5`, `action_param6`, `target_type`, `target_param1`, `target_param2`, `target_param3`, `target_x`, `target_y`, `target_z`, `target_o`, `comment`) VALUES (41015, 0, 2, 0, 5, 0, 100, 0, 0, 0, 0, 0, 70, 0, 0, 0, 0, 0, 0, 7, 0, 0, 0, 0, 0, 0, 0, '');


DELETE FROM creature WHERE id IN (41015,35627);
INSERT INTO `creature` (`guid`, `id`, `map`, `zone`, `area`, `spawnMask`, `phaseMask`, `modelid`, `equipment_id`, `position_x`, `position_y`, `position_z`, `orientation`, `spawntimesecs`, `spawndist`, `currentwaypoint`, `curhealth`, `curmana`, `MovementType`, `npcflag`, `unit_flags`, `dynamicflags`, `walkmode`) VALUES 
(199741, 35627, 654, 4755, 4761, 1, 1024, 0, 0, -1594.89, 1522.08, 29.2396, 3.89774, 15, 0, 0, 102, 0, 0, 0, 0, 0, 0),
(199740, 35627, 654, 4755, 4761, 1, 1024, 0, 0, -1591.4, 1505.08, 30.7268, 2.83352, 15, 0, 0, 86, 0, 0, 0, 0, 0, 0),
(199739, 35627, 654, 4755, 4761, 1, 1024, 0, 0, -1612.67, 1526.79, 30.7275, 5.18186, 15, 0, 0, 86, 0, 0, 0, 0, 0, 0),
(199738, 35627, 654, 4755, 4761, 1, 1024, 0, 0, -1583.98, 1547.49, 29.222, 5.4489, 15, 0, 0, 86, 0, 0, 0, 0, 0, 0),
(199737, 35627, 654, 4755, 4761, 1, 1024, 0, 0, -1566.23, 1536.01, 29.2252, 2.79426, 15, 0, 0, 102, 0, 0, 0, 0, 0, 0),
(199736, 35627, 654, 4755, 4761, 1, 1024, 0, 0, -1556.51, 1571.81, 29.1921, 3.98806, 15, 0, 0, 102, 0, 0, 0, 0, 0, 0),
(199735, 35627, 654, 4755, 4761, 1, 1024, 0, 0, -1543.74, 1560.83, 29.1979, 4.03125, 15, 0, 0, 86, 0, 0, 0, 0, 0, 0),
(199734, 35627, 654, 4755, 4761, 1, 1024, 0, 0, -1611.59, 1532.4, 29.2301, 4.69099, 15, 0, 0, 86, 0, 0, 0, 0, 0, 0),
(199733, 35627, 654, 4755, 4761, 1, 1024, 0, 0, -1600.73, 1534.77, 29.2301, 4.25902, 15, 0, 0, 102, 0, 0, 0, 0, 0, 0),
(199732, 35627, 654, 4755, 4761, 1, 1024, 0, 0, -1592.37, 1537.87, 29.2293, 4.23546, 15, 0, 0, 102, 0, 0, 0, 0, 0, 0),
(199731, 35627, 654, 4755, 4761, 1, 1024, 0, 0, -1584.7, 1543.47, 29.2255, 4.26294, 15, 0, 0, 102, 0, 0, 0, 0, 0, 0),
(199730, 35627, 654, 4755, 4761, 1, 1024, 0, 0, -1569.16, 1535.76, 29.2268, 3.41472, 15, 0, 0, 86, 0, 0, 0, 0, 0, 0),
(199729, 35627, 654, 4755, 4761, 1, 1024, 0, 0, -1557.18, 1547.58, 29.1909, 2.71964, 15, 0, 0, 102, 0, 0, 0, 0, 0, 0),
(199728, 35627, 654, 4755, 4761, 1, 1024, 0, 0, -1569.01, 1558.14, 29.1912, 5.39784, 15, 0, 0, 86, 0, 0, 0, 0, 0, 0),
(199727, 35627, 654, 4755, 4761, 1, 1024, 0, 0, -1586.83, 1508.93, 29.23, 3.28121, 15, 0, 0, 102, 0, 0, 0, 0, 0, 0),
(199725, 35627, 654, 4755, 4761, 1, 1024, 0, 0, -1604.28, 1525.14, 29.2389, 3.82314, 15, 0, 0, 102, 0, 0, 0, 0, 0, 0),
(199726, 35627, 654, 4755, 4761, 1, 1024, 0, 0, -1593.75, 1509.14, 29.235, 3.15555, 15, 0, 0, 86, 0, 0, 0, 0, 0, 0),
(31609, 41015, 654, 4755, 4761, 1, 1024, 0, 41015, -1591.42, 1525.66, 29.2328, 0.870455, 300, 0, 0, 83, 104, 0, 0, 0, 0, 0),
(31614, 41015, 654, 4755, 4761, 1, 1024, 0, 41015, -1567.02, 1550.06, 29.2017, 0.840618, 300, 0, 0, 83, 104, 0, 0, 0, 0, 0),
(31651, 41015, 654, 4755, 4761, 1, 1024, 0, 41015, -1572.09, 1535.37, 29.2167, 2.02186, 300, 0, 0, 83, 104, 0, 0, 0, 0, 0),
(31661, 41015, 654, 4755, 4761, 1, 1024, 0, 41015, -1581.52, 1540.39, 29.2213, 2.81747, 300, 0, 0, 83, 104, 0, 0, 0, 0, 0),
(31665, 41015, 654, 4755, 4761, 1, 1024, 0, 41015, -1607.75, 1519.32, 29.246, 1.05005, 300, 0, 0, 98, 115, 0, 0, 0, 0, 0),
(31672, 41015, 654, 4755, 4761, 1, 1024, 0, 41015, -1595.17, 1505.4, 29.2285, 0.80459, 300, 0, 0, 98, 115, 0, 0, 0, 0, 0),
(31675, 41015, 654, 4755, 4761, 1, 1024, 0, 41015, -1584.47, 1508.83, 29.2292, 2.33219, 300, 0, 0, 98, 115, 0, 0, 0, 0, 0),
(31679, 41015, 654, 4755, 4761, 1, 1024, 0, 41015, -1606.16, 1529.02, 29.2291, 5.73096, 300, 0, 0, 98, 115, 0, 0, 0, 0, 0),
(31690, 41015, 654, 4755, 4761, 1, 8, 0, 0, -1578.36, 1528.06, 29.2265, 0.7612, 90, 0, 0, 294, 0, 0, 0, 0, 0, 0),
(31695, 41015, 654, 4755, 4761, 1, 8, 0, 0, -1588.92, 1538.84, 29.2264, 0.739825, 90, 0, 0, 246, 0, 0, 0, 557056, 0, 0);

DELETE FROM `creature_template_addon` WHERE `entry`=35627;
INSERT INTO `creature_template_addon` (`entry`, `path_id`, `mount`, `bytes1`, `bytes2`, `emote`, `auras`) VALUES (35627, 0, 0, 0, 1, 0, NULL);
DELETE FROM `creature_template_addon` WHERE `entry`=41015;
INSERT INTO `creature_template_addon` (`entry`, `path_id`, `mount`, `bytes1`, `bytes2`, `emote`, `auras`) VALUES (41015, 0, 0, 0, 1, 333, NULL);


DELETE FROM `creature_text` WHERE `entry`=35627 AND `groupid`=0 AND `id`=0;
INSERT INTO `creature_text` (`entry`, `groupid`, `id`, `text`, `type`, `language`, `probability`, `emote`, `duration`, `sound`, `BroadcastTextId`, `comment`) VALUES 
(35627, 0, 0, '%s becomes enraged!', 16, 0, 100, 0, 0, 0, 7798, 'combat Enrage');


DELETE FROM `gameobject` WHERE `guid` IN (123704,123705,123706,123707,123708,123709,123710,123711,123712,123713,123714,123715,123716,123717,123718,123719,123720,123721,123722,123723,123724,123725,123726,123727,123728,123729,123730);
INSERT INTO `gameobject` (`guid`, `id`, `map`, `zone`, `area`, `spawnMask`, `phaseMask`, `position_x`, `position_y`, `position_z`, `orientation`, `rotation0`, `rotation1`, `rotation2`, `rotation3`, `spawntimesecs`, `animprogress`, `state`) VALUES 
(123704, 202696, 654, 4755, 4761, 1, 1, -1588.72, 1539.92, 29.2014, 3.04558, 0, 0, 0.925541, -0.378649, 120, 255, 1),
(123705, 202695, 654, 4755, 4761, 1, 1, -1587.66, 1543.98, 29.2014, 2.34746, 0, 0, 0.925541, -0.378649, 120, 255, 1),
(123706, 202694, 654, 4755, 4761, 1, 1, -1583.41, 1546.47, 29.2014, 1.91114, 0, 0, 0.925541, -0.378649, 120, 255, 1),
(123707, 202692, 654, 4755, 4761, 1, 12, -1583.43, 1521.7, 29.2592, 3.56048, 0, 0, 0.925541, -0.378649, 120, 255, 1),
(123708, 202691, 654, 4755, 4761, 1, 12, -1595.65, 1534.09, 29.2592, 4.2586, 0, 0, 0.925541, -0.378649, 120, 255, 1),
(123709, 202688, 654, 4755, 4761, 1, 12, -1585.76, 1524.8, 29.2592, 3.90954, 0, 0, 0.925541, -0.378649, 120, 255, 1),
(123710, 202687, 654, 4755, 4761, 1, 12, -1592.58, 1531.74, 29.2592, 3.90954, 0, 0, 0.925541, -0.378649, 120, 255, 1),
(123711, 202686, 654, 4755, 4761, 1, 12, -1598.75, 1506.64, 29.2592, 3.56048, 0, 0, 0.925541, -0.378649, 120, 255, 1),
(123712, 202685, 654, 4755, 4761, 1, 12, -1595.69, 1509.65, 29.2592, 3.56048, 0, 0, 0.925541, -0.378649, 120, 255, 1),
(123713, 202684, 654, 4755, 4761, 1, 12, -1592.62, 1512.66, 29.2592, 3.56048, 0, 0, 0.925541, -0.378649, 120, 255, 1),
(123714, 202683, 654, 4755, 4761, 1, 12, -1589.56, 1515.68, 29.2592, 3.56048, 0, 0, 0.925541, -0.378649, 120, 255, 1),
(123715, 202682, 654, 4755, 4761, 1, 12, -1586.5, 1518.69, 29.2592, 3.56048, 0, 0, 0.925541, -0.378649, 120, 255, 1),
(123716, 202681, 654, 4755, 4761, 1, 12, -1610.97, 1519.04, 29.2592, 4.2586, 0, 0, 0.925541, -0.378649, 120, 255, 1),
(123717, 202680, 654, 4755, 4761, 1, 12, -1607.91, 1522.05, 29.2592, 4.2586, 0, 0, 0.925541, -0.378649, 120, 255, 1),
(123718, 202679, 654, 4755, 4761, 1, 12, -1604.84, 1525.06, 29.2592, 4.2586, 0, 0, 0.925541, -0.378649, 120, 255, 1),
(123719, 202678, 654, 4755, 4761, 1, 12, -1601.78, 1528.07, 29.2592, 4.2586, 0, 0, 0.925541, -0.378649, 120, 255, 1),
(123720, 202677, 654, 4755, 4761, 1, 12, -1598.71, 1531.08, 29.2592, 4.2586, 0, 0, 0.925541, -0.378649, 120, 255, 1),
(123721, 202676, 654, 4755, 4761, 1, 12, -1607.9, 1516.68, 29.2592, 3.90954, 0, 0, 0.925541, -0.378649, 120, 255, 1),
(123722, 202675, 654, 4755, 4761, 1, 12, -1604.84, 1519.69, 29.2592, 3.90954, 0, 0, 0.925541, -0.378649, 120, 255, 1),
(123723, 202674, 654, 4755, 4761, 1, 12, -1601.78, 1522.7, 29.2592, 3.90954, 0, 0, 0.925541, -0.378649, 120, 255, 1),
(123724, 202673, 654, 4755, 4761, 1, 12, -1598.71, 1525.72, 29.2592, 3.90954, 0, 0, 0.925541, -0.378649, 120, 255, 1),
(123725, 202672, 654, 4755, 4761, 1, 12, -1595.65, 1528.73, 29.2592, 3.90954, 0, 0, 0.925541, -0.378649, 120, 255, 1),
(123726, 202671, 654, 4755, 4761, 1, 12, -1588.82, 1521.78, 29.2592, 3.90954, 0, 0, 0.925541, -0.378649, 120, 255, 1),
(123727, 202670, 654, 4755, 4761, 1, 12, -1591.89, 1518.77, 29.2592, 3.90954, 0, 0, 0.925541, -0.378649, 120, 255, 1),
(123728, 202669, 654, 4755, 4761, 1, 12, -1594.95, 1515.76, 29.2592, 3.90954, 0, 0, 0.925541, -0.378649, 120, 255, 1),
(123729, 202668, 654, 4755, 4761, 1, 12, -1598.02, 1512.75, 29.2592, 3.90954, 0, 0, 0.925541, -0.378649, 120, 255, 1),
(123730, 202666, 654, 4755, 4761, 1, 12, -1601.08, 1509.74, 29.2592, 3.90954, 0, 0, 0.925541, -0.378649, 120, 255, 1);
